File,aid,Date,2057,2058,2061,2062,2065,2066,2111,2112,2114,2116,2118,2120,2122,2175,2181,2182,2185,2186,2189,2190,2239,2253,2254,2257,2258,2261,2262,2303,2317,2318,2321,2322,2325,2326,2367,2372,2374,2376,2378,2380,2382,2431,2441,2442,2445,2446,2449,2450,2495,2513,2514,2517,2518,2521,2522,2559,3094,3098,3102,3150,3154,3158,3218,3222,3226,3290,3294,3298,3354,3358,3362,3410,3414,3418,3478,3482,3486,3550,3554,3558,4105,4106,4109,4110,4113,4114,4159,4160,4162,4164,4166,4168,4170,4223,4233,4234,4237,4238,4305,4309,4365,4366,4369,4370,4373,4374,4415,5142,5146,5150,5198,5202,5206,5270,5274,5346,5402,5406,5410,6153,6154,6157,6158,6161,6162,6207,6208,6210,6212,6214,6216,6218,6271,6277,6281,6282,6285,6349,6350,6353,6354,6357,6358,6399,6413,6414,6417,6418,6421,6422,6463,6468,6472,6527,6537,6541,6545,6609,6610,6613,6614,6617,6618,6655,7190,7194,7198,7246,7250,7254,7318,7322,7386,7390,7394,7450,7454,7458,7646,7650,7654,18445,18446,18449,18450,18453,18454,18500,18504,18569,18573,18577,18641,18642,18645,18646,18649,18650,18705,18706,18709,18710,18713,18714,18760,18764,18829,18833,18837,18901,18902,18905,18906,18909,18910,19478,19482,19486,19490,19606,19678,19682,19686,19738,19742,19746,19750,19866,19934,19938,19942,19946,20493,20494,20497,20498,20501,20502,20548,20552,20556,20621,20753,20754,20757,20758,20761,20762,21526,21530,21534,21538,21590,21786,21790,21794,21798,22541,22542,22545,22546,22549,22550,22596,22600,22604,22737,22745,22801,22802,22805,22806,22809,22810,22997,23001,23005,23574,23578,23582,23586,23778,23838,23842,23846,24034,24038,24042,34833,34834,34837,34838,34841,34842,34879,34888,34890,34892,34894,34896,34898,34943,34957,34958,34961,34962,34965,34966,35007,35029,35030,35033,35034,35037,35038,35071,35089,35090,35093,35094,35097,35098,35101,35102,35135,35144,35146,35148,35150,35152,35154,35156,35158,35199,35213,35214,35217,35218,35221,35222,35225,35226,35263,35285,35286,35289,35290,35293,35294,35297,35298,35327,35870,35874,35878,35926,35930,35934,35994,35998,36002,36066,36070,36074,36122,36126,36130,36134,36138,36178,36182,36186,36190,36194,36246,36250,36254,36258,36262,36318,36322,36326,36330,36334,36881,36882,36885,36886,36889,36890,36936,36938,36940,36942,36944,36946,36991,37009,37010,37013,37137,37138,37141,37142,37145,37146,37149,37150,37183,37192,37194,37196,37198,37918,37922,37926,37974,37978,37982,38046,38170,38174,38178,38182,38186,38226,38230,38234,38929,38930,38933,38934,38937,38938,38975,38984,38986,38988,38990,38992,38994,39039,39053,39057,39058,39061,39062,39125,39126,39129,39130,39133,39185,39186,39189,39190,39193,39194,39197,39198,39231,39240,39244,39248,39313,39317,39318,39381,39385,39386,39389,39390,39393,39394,39966,39970,39974,40022,40026,40030,40094,40098,40162,40166,40170,40218,40222,40226,40230,40234,40278,40422,40426,40430,51199,51221,51222,51225,51226,51229,51230,51276,51345,51349,51417,51418,51421,51422,51425,51473,51474,51477,51478,51481,51482,51485,51486,51489,51490,51536,51597,51601,51605,51609,51669,51673,51677,51678,51681,51682,51685,51686,52254,52258,52262,52266,52454,52458,52462,52510,52514,52518,52522,52526,52642,52714,52718,52722,53247,53269,53273,53274,53277,53278,53328,53521,53525,53529,53530,53533,53534,53537,53538,54306,54310,54314,54558,54562,54566,54570,54574,55295,55317,55318,55321,55322,55325,55573,55577,55578,55581,55582,55585,55586,55777,56354,56358,56554,56606,56614,56618,56622,56814,57343,63487
_1_km_monthly_VI_Quality_2000061_aid0001,aid0001,2000-03-01 00:00:00+00:00,20652,18199,12754,21289,,,,3225650,,84497,,,,,123172,,27293,7.0,,,,20160,76.0,22641,62.0,,,,4619,3008,3238,4903,,,,18963,11.0,2143,12.0,,,,17985,1.0,5155,9.0,,,,11806,114,7523,76,,,,1577,2127,,3.0,3.0,,8.0,20.0,,156,274,,240,479,,17.0,11.0,,26.0,19.0,,222,296,,316,1064,170,1175,,,,254982,1.0,37785,5.0,,,,,,,,,,7133,41,2899,118,,,,32,65,,17,127,,,,,7,42,,679,537,149,552,,,,20982,,4447,1.0,,,,8.0,2.0,,,23,,29,,,,,1862,13.0,721,14.0,,,,,,,,,,1.0,,2.0,,,,,44,28,,12,82,,,,,,,2.0,13.0,,,,,76693,1451,71282,1195,,,6.0,,8.0,3.0,,780.0,,711.0,,,,6352,23.0,5892,25.0,,,1.0,2.0,,,,89.0,,52.0,2.0,,,2.0,1213,1793,,1.0,3.0,6.0,,,185,231,,,,3.0,2.0,,589.0,35.0,828.0,21.0,,,,,,,38.0,,101.0,,,,,3.0,15.0,,,,,5.0,,44.0,35.0,,14.0,,,,,,,,66.0,7.0,29.0,5.0,,,,,,,26.0,5.0,,,8.0,6.0,,,,,92,152.0,76,111.0,,,,158,,171,,,,,470,,410,,,,,356,5.0,299,4.0,,,,2.0,23.0,196,548,72,491.0,,,,17,,231,,88,,,,,56,,1472,1.0,481,,,,,20.0,2.0,1823,74,836,34.0,,,,19.0,14.0,,,,,,,,4.0,4.0,,2.0,1.0,51,24.0,,,,3.0,,,,,15.0,8.0,,,,145,84.0,,1.0,1.0,2.0,1.0,,,137,,156,,,,,,,,1.0,,261,20.0,137,17.0,,,,,,,,,,,,,,,,,1.0,10,,,,,21,,6.0,,,,,51,,64,5.0,,,,,,,,,,,,,,1.0,,217,6.0,72,,,,,,,,,,,,,,,,,,,,,,1.0,,,,,,,,,3.0,,,,,,,5166,793,2.0,377,,,,,,,9.0,,23.0,,,3.0,,50.0,,1072,5.0,501,6.0,,,,,,,,,,38.0,,38.0,1.0,,,,13.0,21.0,,,,,,3.0,22.0,24.0,,,1.0,,,333.0,3.0,,,,,,,,7.0,,6.0,,,,,,,,,,,,20.0,,,,,,,12.0,,,,,,,,,,,,,,,897,60
_1_km_monthly_VI_Quality_2000092_aid0001,aid0001,2000-04-01 00:00:00+00:00,33364,7970,23421,4347,,,,3161213,,39047,,,,,274846,1.0,49463,14.0,,,,12139,5.0,11573,2.0,,,,7768,545,4281,586,,,,24878,,2285,5.0,,,,32655,5.0,8612,15.0,,,,7727,56,4287,35,,,,492,670,,53.0,70.0,,153.0,326.0,,31,35,,267,221,,22.0,2.0,,52.0,82.0,,155,91,,418,1245,318,626,,,,252549,2.0,35651,10.0,,,,,,,,,,9865,3,3262,8,,,,80,77,,8,136,,,,,20,41,,807,745,291,192,,,,20075,,5306,2.0,,,,8.0,3.0,,,6,,18,,,,,2179,14.0,1017,3.0,,,,1.0,,,3.0,,,1.0,,8.0,,,,,25,23,,4,57,,,,,,,7.0,1.0,,,,,62691,656,52999,900,,,,,1.0,,,25.0,,18.0,,,,2600,,2118,24.0,,,,,,,,8.0,,1.0,,,,1.0,396,456,,,,1.0,,,87,83,,,,,,,762.0,14.0,816.0,41.0,,,,,,,10.0,,35.0,,,,,2.0,10.0,,,,,1.0,,17.0,40.0,6.0,29.0,,,,,,,,36.0,9.0,32.0,1.0,,,,,,,19.0,2.0,,,14.0,14.0,,,,,59,4.0,38,4.0,,,,200,,137,,,,,260,,312,,,,,114,,120,1.0,,,,6.0,1.0,263,76,168,38.0,,,,20,,306,,75,,,,,36,,1075,,739,1.0,,,,1.0,,680,16,550,15.0,,,,5.0,2.0,,,2.0,,1.0,4.0,,2.0,,,1.0,1.0,23,43.0,,,,3.0,,,,,15.0,6.0,,,,62,24.0,,3.0,,,,,,165,,401,5.0,,,,,,,1.0,,380,3.0,423,6.0,,,,,,,,,,,,23.0,,,,,3.0,49,,,,,16,,8.0,,,,,54,,115,,,,,,,,,,1.0,,6.0,,,,,381,2.0,270,2.0,,,,,,,,,,,,,,,,,,,,,1.0,,,,,,,,,7.0,9.0,,,,,,4776,135,,65,,,,,,,,,,,,,,15.0,,268,,140,,,,,,,,,,,6.0,,2.0,,,,,,3.0,,,,,,,10.0,5.0,,,,,,1.0,,,,,,,,,3.0,,2.0,,,,,,,,,2.0,,,2.0,2.0,,,,,,8.0,1.0,,3.0,,,,1.0,,,,3.0,6.0,,,84,63
_1_km_monthly_VI_Quality_2000122_aid0001,aid0001,2000-05-01 00:00:00+00:00,34514,16433,23570,6533,,,,3199501,58.0,75772,29.0,,,,157444,31.0,54480,72.0,,,,8104,33.0,8169,188.0,,,,13358,760,7300,605,,,,63020,18.0,4462,23.0,,,,73887,81.0,15254,93.0,,,,13157,330,4994,467,,,,1096,728,,645.0,984.0,,395.0,927.0,,74,227,,618,431,,195.0,110.0,,574.0,435.0,,628,456,,820,4010,421,1634,,,,234021,20.0,29989,39.0,,,,,,,,,,14527,62,4747,24,,,,296,174,,55,381,,,,,95,97,,1092,1273,234,482,,,,18864,10.0,4046,,,,,7.0,5.0,,,12,,11,,,,,3080,21.0,852,8.0,,,,7.0,,,13.0,4.0,,4.0,,6.0,,,,,98,61,,26,50,,,,,,,21.0,15.0,,,,,24071,295,17688,240,,,,,,,,,,,,,,1065,1.0,872,6.0,,,,,,,,1.0,,,,,,,182,205,,,,,,,69,89,,,,,,,222.0,1.0,132.0,,,,,,,,25.0,,4.0,,,,,5.0,,,,,3.0,1.0,,7.0,14.0,1.0,24.0,,,,,,,,9.0,3.0,18.0,1.0,,,,,,,2.0,2.0,,,8.0,13.0,,,,,81,,100,1.0,,,,1006,2.0,275,,,,,510,5.0,449,6.0,,,,109,1.0,122,32.0,,,,12.0,,586,60,373,38.0,,,,104,,2579,6.0,388,5.0,,,,83,,5165,27.0,1774,55.0,,,,5.0,,2188,151,1525,245.0,,,,3.0,4.0,,11.0,11.0,,19.0,30.0,,8.0,25.0,,1.0,1.0,84,43.0,,,6.0,16.0,16.0,,1.0,2.0,203.0,101.0,,,1.0,308,246.0,,1.0,,4.0,,,,274,1.0,602,4.0,,,,,,,1.0,,1263,7.0,815,13.0,,,,1.0,,,,,,,2.0,39.0,,,,,23.0,54,,,,,15,,6.0,,,,,80,,171,,,,,1.0,,,,,4.0,,2.0,,,2.0,,819,13.0,430,2.0,,,,,,,,,,,1.0,,5.0,,,,2.0,,,,6.0,,,,,,,,,17.0,16.0,,,,,,4946,32,,31,,,,,,,,,,,,,,4.0,,68,,41,,,,,,,,,,,,,,,,,,2.0,4.0,,,,,,,7.0,3.0,,,,,,2.0,,,,,,,,1.0,2.0,,,,,,,,,,,,,,6.0,,,,,,,,,,3.0,,,,,,,,,6.0,,,28,61
_1_km_monthly_VI_Quality_2000153_aid0001,aid0001,2000-06-01 00:00:00+00:00,20392,57689,13726,26778,,,,1630627,3814.0,286872,5080.0,,,,642110,1369.0,130936,4228.0,,,,23743,318.0,14246,1280.0,,,,12743,645,8167,638,,,,154209,1443.0,43192,1497.0,,,,262399,3219.0,84090,4628.0,,,,92649,4431,25711,5190,,,,7789,4398,,10673.0,18095.0,,8195.0,10748.0,,687,1845,,448,514,,7449.0,2966.0,,14732.0,8716.0,,9906,7211,,375,18168,315,8405,,,,134473,252.0,73239,711.0,,,,,,,,,,34786,290,16041,386,,,,1862,1279,,864,2893,,,,,647,586,,752,3386,356,1588,,,,8473,20.0,5114,17.0,,,,4.0,9.0,,,15,,52,,,,,5118,106.0,1256,17.0,,,,2.0,,,13.0,4.0,,8.0,,12.0,,,,,429,339,,86,168,,,,,,,125.0,76.0,,,,,8299,217,9248,152,,,,,,,,10.0,,1.0,,,,810,,907,,,,,,,,,4.0,,,,,,,184,162,,,,,,,29,102,,,,,,,8.0,5.0,9.0,3.0,,,,,,,6.0,,3.0,,,,,,,,,,,,,,,,,,,,,,,,,,,,,,,,,,,,,,,,,,,,47,,78,11.0,,,,3956,33.0,1509,49.0,,,,2935,67.0,1598,205.0,,,,568,38.0,822,570.0,,,,,1.0,473,121,502,119.0,,,,552,5.0,15786,250.0,3436,171.0,,,,452,6.0,36039,1041.0,12573,1731.0,,,,71.0,2.0,18533,3218,9523,5034.0,,,,3.0,4.0,,145.0,186.0,,207.0,454.0,,58.0,465.0,,1.0,1.0,102,111.0,,,33.0,966.0,420.0,,,50.0,4371.0,2873.0,,,9.0,5689,4888.0,,17.0,3.0,15.0,4.0,,,1015,7.0,1024,56.0,,,,,,,1.0,,5276,70.0,2266,141.0,,,,22.0,1.0,9.0,1.0,2.0,1.0,,36.0,148.0,,,,,226.0,325,,,,,20,,16.0,3.0,,,,170,,199,8.0,,,,,,,,,3.0,,,,,,,1351,27.0,635,16.0,,,,,,,1.0,,,,3.0,,15.0,,,,2.0,1.0,,4.0,16.0,,,,,,,,,56.0,50.0,,,,,,5006,7,,19,,,,,,,,,,,,,,2.0,,36,,25,2.0,,,,,,,,,,5.0,,2.0,,,,,1.0,1.0,,,,,,,2.0,,,,,,,1.0,,,,,,,,,,,,,,,,,,,,,,,5.0,,,,,,,,,,,,,,,,,,,,,,103,60
_1_km_monthly_VI_Quality_2000183_aid0001,aid0001,2000-07-01 00:00:00+00:00,8038,119903,5208,48041,,,,1187848,3634.0,157204,9518.0,,,,368724,2625.0,112938,9090.0,,,,22638,610.0,7828,1538.0,,,,17088,1407,13427,516,,,,288207,1394.0,32997,3059.0,,,,522487,8395.0,97857,9456.0,,,,193149,16815,45302,11163,,,,16358,10359,,21691.0,20194.0,,19409.0,27463.0,,1399,1839,,588,491,,13527.0,4231.0,,34490.0,20399.0,,27289,12921,,309,32172,443,14728,,,,103539,283.0,45744,1291.0,,,,,,,,,,45811,244,12785,384,,,,3325,1966,,1770,3324,,,,,1029,724,,1099,5921,458,2444,,,,6124,37.0,2981,33.0,,,,1.0,,,,22,,32,,,,,4900,126.0,807,14.0,,,,11.0,9.0,,18.0,9.0,,40.0,,37.0,,,,,770,364,,169,185,,,,,,,218.0,54.0,,,,,5025,279,1927,229,,,,,,,,36.0,,50.0,,,,1370,1.0,415,1.0,,,,,,,,17.0,,24.0,,,,,59,37,,,2.0,1.0,,,68,9,,,,,,,1.0,,2.0,6.0,,,,,,,,,,,,,,,,,,,,,,,,,,,,,,,,,,,,,,,,,,,,,,,,,,,,,55,2.0,84,31.0,,,,5066,27.0,1810,157.0,,,,7983,132.0,3083,302.0,,,,1212,71.0,714,240.0,,,,7.0,1.0,796,371,684,417.0,,,,672,2.0,19710,283.0,3570,658.0,,,,1492,21.0,68838,2722.0,20523,4193.0,,,,194.0,11.0,48905,10149,22075,14793.0,,,,4.0,23.0,,342.0,358.0,,822.0,743.0,,225.0,250.0,,,2.0,162,218.0,,2.0,58.0,2542.0,1135.0,,5.0,158.0,11694.0,7779.0,,4.0,49.0,17311,12577.0,,15.0,,30.0,8.0,,,1243,9.0,1239,82.0,,,,,,,5.0,,6436,118.0,3127,232.0,,,,15.0,,9.0,1.0,,,,54.0,121.0,,,,2.0,444.0,461,,,2.0,1.0,42,,22.0,,,,,150,1.0,213,6.0,,,,,,,,,1.0,,2.0,,,4.0,,1425,64.0,722,21.0,,,,,2.0,3.0,2.0,,,,9.0,,18.0,,,,2.0,,,4.0,26.0,,,,,,,,,109.0,49.0,,,,,,5013,22,,7,,,,,,,3.0,,,,,1.0,,6.0,,60,,23,2.0,,,,,,,,,1.0,9.0,,1.0,,,,,,1.0,,,,,,,2.0,33.0,,,,,,,,,,,,,,,,,,,,,,,,,,,,,8.0,,,,,,,,,,,,,,,,,,,,,,10,70
_1_km_monthly_VI_Quality_2000214_aid0001,aid0001,2000-08-01 00:00:00+00:00,5995,138791,7746,62245,,,,1098672,3650.0,180093,3244.0,,,,337736,1275.0,150692,1537.0,,,,13598,394.0,12064,461.0,,,,11396,716,9486,527,,,,329831,920.0,36211,481.0,,,,564051,5344.0,143284,4036.0,,,,147786,9323,53314,8782,,,,18100,9002,,6734.0,6915.0,,8415.0,15251.0,,920,1621,,461,219,,6163.0,1464.0,,25176.0,15783.0,,23727,16790,,202,35046,200,19550,,,,94972,503.0,46642,889.0,,,,,,,,,,42028,237,14604,263,,,,2800,1265,,846,1916,,,,,764,588,,1127,6294,236,3498,,,,6218,29.0,2111,6.0,,,,10.0,1.0,,,26,,19,,,,,3510,83.0,800,15.0,,,,7.0,2.0,,14.0,,,32.0,,11.0,,,,,976,300,,119,158,,,,,,,179.0,61.0,,1.0,,,4564,406,3234,301,,,,,,,,78.0,,46.0,,,,1201,,1218,1.0,,,,,2.0,,,78.0,,22.0,,,,,59,196,,,1.0,5.0,,,46,58,,,,2.0,1.0,,,1.0,,,,,,,,,,,,,,,,,,,,,,,,,,,,,,,,,,,,,,,,,,,,,,,,,,,,,,,79,10.0,65,10.0,,,,8377,41.0,948,44.0,,,,10322,152.0,3305,143.0,,,,1454,72.0,1166,155.0,,,,13.0,,652,634,434,443.0,,,,1208,1.0,28834,331.0,1745,141.0,,,,2085,30.0,100647,2764.0,22549,2120.0,,,,188.0,8.0,60800,9140,30418,10781.0,,,,18.0,21.0,,390.0,118.0,,916.0,548.0,,239.0,309.0,,1.0,2.0,391,187.0,,1.0,57.0,1982.0,387.0,,4.0,164.0,12100.0,5643.0,,4.0,36.0,18910,15479.0,,14.0,,4.0,,,,2001,7.0,1352,23.0,,,,,,,4.0,,8470,168.0,3725,181.0,,,,36.0,,1.0,,1.0,4.0,,66.0,77.0,,,1.0,,509.0,417,,,3.0,,120,,19.0,,,,,256,,250,,,,,,,,,,2.0,,,,,18.0,2.0,2102,50.0,699,7.0,,,,,5.0,,2.0,,,,17.0,,31.0,,,,5.0,1.0,,13.0,10.0,,,,,,,,,152.0,73.0,,,,,,4862,20,,8,,,,,,,9.0,,6.0,,,1.0,,6.0,1.0,68,,59,,,,,,,,1.0,1.0,,20.0,,2.0,,,,,1.0,,,1.0,,,,,10.0,13.0,,,,,,7.0,,,,,,,,,,,,,,,,,,,,,,,4.0,,,,,,,,,,,,,,,,,,,,,,33,60
_1_km_monthly_VI_Quality_2000245_aid0001,aid0001,2000-09-01 00:00:00+00:00,8248,17688,9649,10018,,,,2525925,191.0,231268,128.0,,,,376637,60.0,120567,37.0,,,,8439,15.0,15773,63.0,,,,7502,55,6514,110,,,,141887,58.0,26376,28.0,,,,150589,219.0,50918,78.0,,,,25598,382,15151,529,,,,1689,849,,275.0,970.0,,279.0,478.0,,27,302,,63,46,,233.0,102.0,,944.0,506.0,,920,1026,,292,5032,478,2482,,,,206660,138.0,63251,195.0,,,,,,,,,,20066,104,6308,70,,,,508,270,,162,454,,,,,114,145,,1726,1278,1217,858,,,,15189,6.0,4951,5.0,,,,23.0,4.0,,,29,,34,,,,,2048,3.0,526,1.0,,,,7.0,2.0,,13.0,,,3.0,,7.0,,,,,194,90,,44,77,,,,,,,17.0,12.0,,,,,5118,614,6469,600,,,,,,,,79.0,,32.0,,,,1520,,2033,13.0,,,,,3.0,,,68.0,,13.0,,,,,60,156,,,,2.0,,,28,55,,,,1.0,,,,1.0,3.0,,,,,,,,1.0,,4.0,,,,,,,,,,,,,,,,,,,,,,,,,,,,,,,,,,,,,,,,,,,,58,,30,1.0,,,,5127,4.0,1372,,,,,1864,15.0,1207,8.0,,,,218,11.0,341,3.0,,,,7.0,,286,31,177,23.0,,,,525,,10213,10.0,2150,6.0,,,,272,,17029,97.0,6704,59.0,,,,10.0,,6136,437,4435,609.0,,,,1.0,,,24.0,9.0,,61.0,20.0,,2.0,14.0,,,,30,12.0,,,7.0,54.0,14.0,,,4.0,545.0,185.0,,,1.0,916,860.0,,4.0,,9.0,,,,1126,10.0,653,14.0,,,,,,,1.0,,2783,28.0,1176,22.0,,,,6.0,,8.0,,,,,24.0,31.0,,,,,86.0,94,,,,,57,,27.0,,,,,256,1.0,142,,,,,,,,,,1.0,,2.0,,,4.0,,830,4.0,267,1.0,,,,,,,1.0,,,,10.0,,17.0,,,,1.0,,,1.0,3.0,,,,,,,,,23.0,10.0,,,,,,4907,45,,34,,,,,,,4.0,,7.0,,,5.0,,6.0,,97,,74,,,,,,,,1.0,,,40.0,,16.0,,,,,,,,,,,,,3.0,,,,,1.0,,3.0,,,,,,,,,1.0,,,,,,,,,,,,,,5.0,,,,,,,,,,,,,,,,,,,,,,753,62
_1_km_monthly_VI_Quality_2000275_aid0001,aid0001,2000-10-01 00:00:00+00:00,9860,6827,10922,4908,,,,3395793,9.0,134239,1.0,,,,119602,13.0,20776,3.0,,,,4080,1.0,5480,11.0,,,,6479,617,5953,664,,,,31332,4.0,5736,1.0,,,,20059,5.0,7300,3.0,,,,3398,49,1885,33,,,,318,606,,29.0,68.0,,18.0,39.0,,21,81,,168,222,,10.0,12.0,,69.0,16.0,,73,60,,180,2393,138,1454,,,,256536,7.0,39279,46.0,,,,,,,,,,6254,22,1971,14,,,,180,140,,68,253,,,,,33,44,,1201,733,300,325,,,,20088,,4494,2.0,,,,11.0,5.0,,,27,,35,,,,,1297,2.0,721,,,,,12.0,,,1.0,,,4.0,,5.0,,,,,53,26,,3,45,,,,,,,2.0,,,,,,6596,1917,8153,1525,,,,,,,,26.0,,43.0,,,,4283,1.0,2863,12.0,,,,,,,,83.0,,47.0,3.0,,,,211,465,,,1.0,3.0,,,114,169,,,,6.0,6.0,,12.0,9.0,68.0,4.0,,,,,,,6.0,,18.0,,,,,,2.0,,,,,1.0,,,2.0,,1.0,,,,,,,,,,,,,,,,,,1.0,,,,,,,,,,165,20.0,91,15.0,,,,1215,,299,1.0,,,,431,,182,1.0,,,,183,,185,,,,,4.0,4.0,334,130,200,35.0,,,,78,,2472,,431,1.0,,,,32,,2790,7.0,559,2.0,,,,2.0,,976,34,451,21.0,,,,11.0,6.0,,1.0,1.0,,,2.0,,,6.0,,1.0,2.0,36,9.0,,,,1.0,,,,,35.0,10.0,,,,85,56.0,,4.0,,5.0,,,,379,4.0,404,,,,,,,,1.0,,1026,11.0,489,1.0,,,,2.0,,1.0,,,,,6.0,15.0,,,,,17.0,35,,,,,38,,17.0,,,,,102,,109,,,,,,,,,,1.0,,4.0,,,,,427,4.0,209,1.0,,,,,,,1.0,,,,7.0,,,,,,1.0,,,,3.0,,,,,,,,,3.0,4.0,,,,,,5237,570,,126,,,,,,,10.0,,5.0,,,2.0,,34.0,1.0,1342,,280,,,,,,,,,,,268.0,,71.0,,,,,9.0,4.0,,,,,,,39.0,6.0,,,,3.0,,26.0,,,,,,,,,1.0,,3.0,,,,,,,,,,,,42.0,,,,,,,,,,,,,,,,,,,,,,1409,65
_1_km_monthly_VI_Quality_2000306_aid0001,aid0001,2000-11-01 00:00:00+00:00,3587,10081,5696,8526,15.0,128.0,,3260873,19.0,173752,1.0,74.0,,,128410,29.0,41366,4.0,21.0,,,2952,10.0,8304,37.0,,,,6272,1245,5229,2140,2.0,108.0,,38427,3.0,8096,,14.0,1.0,,26147,6.0,15544,6.0,12.0,,,4746,46,4880,68,,,,488,1065,8.0,121.0,24.0,,93.0,163.0,1.0,48,106,1.0,335,507,,32.0,11.0,,96.0,112.0,3.0,110,124,,150,1862,100,927,,2.0,,245194,6.0,50768,61.0,,,,1.0,,,,,,8165,7,3280,16,2.0,,,124,76,2.0,114,430,,,,,25,43,,473,1347,85,466,,,,19428,,4234,7.0,,,,8.0,5.0,,,41,,41,,,,,1309,25.0,561,5.0,,,,,,,5.0,4.0,,11.0,,29.0,,,,,146,48,1.0,22,113,,,,2.0,,,28.0,26.0,,,7.0,,8271,5175,11031,4046,205.0,1.0,,,,,,44.0,,59.0,,3.0,,7331,18.0,7424,47.0,19.0,,,,,,,98.0,,109.0,4.0,,,,308,896,2.0,,,4.0,,,238,351,,,,2.0,6.0,,171.0,15.0,438.0,26.0,7.0,,,,,,75.0,,123.0,,,,,5.0,21.0,,,,,6.0,,,4.0,,4.0,,,,,,,,1.0,1.0,10.0,,,,,,,,1.0,,,,1.0,,,,,,274,55.0,211,66.0,,,,2947,2.0,679,,,,,1188,2.0,718,2.0,,,,375,4.0,349,3.0,,,,5.0,4.0,847,278,357,145.0,1.0,,,178,,3742,4.0,496,,,,,68,,5070,13.0,1072,4.0,,,,11.0,,1928,54,941,44.0,,,,15.0,32.0,,17.0,,,7.0,4.0,,13.0,10.0,,3.0,3.0,77,38.0,,,,20.0,3.0,,,,87.0,20.0,,,,165,96.0,,2.0,,,,,,424,,383,2.0,,,,,,,1.0,,1012,1.0,469,4.0,,,,,,,,,,,1.0,17.0,,,,,7.0,22,,,,,29,,6.0,,,,,119,,121,,,,,,,,,,,,8.0,,,,,797,18.0,212,3.0,,,,,,,,,,,7.0,,2.0,,,,,1.0,,,2.0,,,,,,,,,21.0,19.0,,,,,,5859,1194,,569,,5.0,,,,,13.0,,4.0,,,,,85.0,1.0,3019,3.0,1043,3.0,,,,,,,,,,322.0,,123.0,,,,,24.0,18.0,,,,,,2.0,67.0,30.0,,,5.0,2.0,,126.0,,6.0,,,,,,1.0,9.0,,2.0,,,,,1.0,,,,,,,24.0,,,,,,,,,,,,,,,,,,1.0,,,,1559,70
_1_km_monthly_VI_Quality_2000336_aid0001,aid0001,2000-12-01 00:00:00+00:00,4482,12771,4240,16075,228.0,3619.0,,3233985,23.0,49178,3.0,754.0,6.0,,253902,29.0,12077,17.0,930.0,12.0,,7745,54.0,6494,136.0,257.0,66.0,,4105,2438,3382,4913,113.0,1003.0,,23885,29.0,4165,14.0,122.0,44.0,,15964,56.0,8566,23.0,427.0,31.0,,4632,125,3835,151,173.0,64.0,,1370,1971,270.0,258.0,22.0,14.0,823.0,93.0,18.0,215,344,55.0,471,789,77.0,85.0,34.0,11.0,178.0,181.0,54.0,341,271,49.0,160,1859,81,910,,50.0,,262788,4.0,21679,99.0,51.0,,,12.0,,,,,,7431,9,1944,29,15.0,6.0,,88,106,7.0,268,480,,,,,30,58,3.0,375,1802,62,529,,9.0,,20671,,2829,33.0,18.0,,,15.0,18.0,,,53,,42,,,,,1352,32.0,461,4.0,5.0,,,1.0,,,6.0,,,7.0,,27.0,,,,,136,58,1.0,52,177,,,,3.0,,,30.0,25.0,1.0,,7.0,,21466,5478,42367,5845,9696.0,730.0,,,,,,162.0,,356.0,,38.0,,9848,16.0,16851,71.0,2166.0,9.0,,,,,,241.0,,330.0,3.0,43.0,,3.0,978,2256,512.0,,2.0,9.0,,,329,560,80.0,,,2.0,1.0,1.0,349.0,31.0,799.0,80.0,124.0,,,,,,77.0,,186.0,,23.0,,,4.0,46.0,10.0,,,2.0,8.0,1.0,6.0,6.0,,6.0,,1.0,,,,,,5.0,1.0,8.0,,,,,,,,4.0,,,,1.0,,,,,,506,249.0,293,288.0,5.0,82.0,,1441,6.0,296,,4.0,,,1149,5.0,428,4.0,12.0,,,637,7.0,566,7.0,27.0,2.0,,9.0,16.0,956,456,562,424.0,17.0,93.0,,67,,2710,7.0,382,1.0,7.0,1.0,,69,,4267,28.0,1222,10.0,14.0,4.0,,17.0,,2480,80,1390,88.0,32.0,6.0,,62.0,96.0,2.0,11.0,,1.0,28.0,12.0,1.0,23.0,56.0,,1.0,10.0,91,103.0,11.0,,2.0,29.0,6.0,,,,113.0,64.0,3.0,1.0,,254,174.0,10.0,1.0,1.0,1.0,,,2.0,336,,191,1.0,,,,,,,,,821,2.0,239,6.0,,,,,,,,,,,,14.0,,,,,3.0,15,,,,,17,,7.0,,,,,71,,83,1.0,,,,,,,,,1.0,,5.0,,,,,691,9.0,148,2.0,,,,,,,,,,,6.0,,1.0,,,,1.0,3.0,,,2.0,,,,,,,,,19.0,17.0,,,3.0,,,5200,1945,2.0,1856,1.0,346.0,,,,,44.0,,55.0,,13.0,5.0,,123.0,,3595,1.0,2867,2.0,375.0,,,,,,,,,322.0,2.0,305.0,,66.0,,,59.0,57.0,14.0,,4.0,,,7.0,54.0,57.0,7.0,,10.0,5.0,1.0,408.0,7.0,5.0,,3.0,,,1.0,,18.0,,12.0,,,,,1.0,,,,1.0,,,18.0,,,,,,,,,,,,,,,,,,1.0,,,,1585,59
_1_km_monthly_VI_Quality_2001001_aid0001,aid0001,2001-01-01 00:00:00+00:00,9877,21340,7507,21019,332.0,4928.0,,2744754,42.0,49687,12.0,1105.0,19.0,,581457,46.0,25374,30.0,470.0,28.0,,58757,122.0,34966,190.0,216.0,60.0,,2983,4427,2432,3443,120.0,1256.0,,22874,96.0,3177,79.0,232.0,29.0,,28636,90.0,9795,59.0,271.0,31.0,,7488,153,5137,143,36.0,8.0,,2562,3465,216.0,1395.0,152.0,16.0,1151.0,566.0,20.0,270,592,26.0,507,495,37.0,232.0,114.0,12.0,348.0,216.0,26.0,436,278,5.0,231,2451,74,971,,70.0,,258113,56.0,27389,316.0,57.0,,,1.0,,,,,,11075,33,2633,92,27.0,8.0,,181,145,10.0,647,911,2.0,,,,140,96,6.0,371,1889,51,385,,18.0,,19700,14.0,2780,141.0,1.0,,,8.0,,,,54,,24,,,,,1762,75.0,445,42.0,10.0,5.0,,,,,,,,9.0,,2.0,,,,,149,68,5.0,135,280,2.0,,,,,,95.0,45.0,1.0,,,,32566,8299,60119,3647,4364.0,160.0,,,1.0,2.0,,406.0,,636.0,,60.0,,10092,18.0,8829,26.0,582.0,6.0,,,1.0,,,229.0,,227.0,4.0,8.0,,7.0,1559,2581,273.0,,7.0,14.0,,,295,330,19.0,,,8.0,7.0,,382.0,48.0,1090.0,88.0,69.0,4.0,,,,,76.0,,181.0,,3.0,,,7.0,11.0,5.0,,,4.0,11.0,,2.0,10.0,,3.0,,3.0,,,,,,46.0,,15.0,,1.0,2.0,,,,,4.0,,,,5.0,1.0,,,,,353,510.0,357,349.0,21.0,126.0,,1577,3.0,242,,7.0,,,1107,5.0,283,2.0,4.0,2.0,,486,8.0,522,14.0,7.0,4.0,,5.0,51.0,822,975,413,492.0,23.0,178.0,,59,,2249,17.0,289,3.0,8.0,,,79,,5895,39.0,890,6.0,7.0,2.0,,15.0,,2353,119,753,62.0,13.0,1.0,,106.0,74.0,6.0,5.0,1.0,,16.0,7.0,3.0,30.0,49.0,2.0,5.0,6.0,175,84.0,7.0,,1.0,52.0,,,,,180.0,44.0,3.0,,,317,122.0,1.0,4.0,,,3.0,,,445,2.0,242,14.0,,,,,,,1.0,,1459,4.0,272,18.0,2.0,,,1.0,,,,1.0,,,7.0,23.0,,,,1.0,36.0,40,,,,,21,,6.0,,,,,71,,69,2.0,,,,,,,,,2.0,,1.0,,,1.0,,757,19.0,113,4.0,,,,,,,,,,,3.0,,1.0,,,,3.0,,,6.0,13.0,,,,,1.0,,,,26.0,25.0,,,,,,5846,2166,2.0,1503,1.0,115.0,2.0,,1.0,,60.0,,67.0,2.0,,1.0,,81.0,5.0,4648,5.0,1976,1.0,115.0,,,,,1.0,,2.0,1.0,374.0,,235.0,,17.0,,,91.0,58.0,3.0,,6.0,,1.0,10.0,115.0,39.0,4.0,,10.0,3.0,1.0,1103.0,12.0,11.0,,,,,,,27.0,,20.0,,,,,,1.0,,,,,,41.0,2.0,,,,,,,,,,,,,,,,,,,,,1516,59
_1_km_monthly_VI_Quality_2001032_aid0001,aid0001,2001-02-01 00:00:00+00:00,7969,20789,10168,23618,,333.0,,3273291,7.0,22977,20.0,,,,233447,11.0,14073,9.0,,,,11489,87.0,9578,101.0,1.0,9.0,,3136,2486,3286,3947,1.0,209.0,,17780,59.0,3094,70.0,,1.0,,16026,42.0,4260,43.0,1.0,,,4529,80,2681,99,2.0,6.0,,2561,3729,1.0,22.0,46.0,,56.0,80.0,,442,370,,440,505,,115.0,127.0,,196.0,130.0,,342,165,,256,1056,101,502,,4.0,,267757,,21214,59.0,,,,,,,,,,5533,17,1701,23,,,,67,79,,82,478,,,,,22,38,,384,749,238,227,,9.0,,22199,,3238,105.0,,,,10.0,,,,32,,12,,,,,1607,6.0,363,3.0,,,,,,,,,,7.0,,7.0,,,,,61,38,,58,477,,,,,,,13.0,13.0,,,,,41883,3408,60689,2286,173.0,1.0,,,,1.0,,470.0,2.0,499.0,3.0,,,7071,11.0,6967,24.0,35.0,,,,,,,217.0,,124.0,4.0,,,5.0,1581,2048,2.0,,6.0,16.0,,,128,192,,,,4.0,2.0,,471.0,43.0,1194.0,41.0,,,,,,,118.0,,97.0,,,,,7.0,11.0,,,,1.0,3.0,,7.0,83.0,,23.0,,,,,,,,71.0,4.0,2.0,,,,,,,,22.0,2.0,,,4.0,4.0,,,,,341,334.0,153,181.0,,23.0,,1522,2.0,191,,,,,939,1.0,262,2.0,,,,414,1.0,339,4.0,,,,4.0,31.0,609,504,245,325.0,,31.0,,63,,1747,14.0,101,2.0,,,,44,,3110,21.0,408,,,,,4.0,,1682,71,598,24.0,,,,64.0,24.0,,4.0,,,12.0,2.0,,18.0,32.0,,1.0,6.0,109,31.0,1.0,,,42.0,1.0,,,,115.0,13.0,,,1.0,247,56.0,1.0,15.0,,,3.0,,,203,,169,2.0,,,,,,,1.0,,509,3.0,131,3.0,,,,2.0,,,,,,,,3.0,,,,,4.0,9,,,,,29,,15.0,,,,,63,,57,,,,,,,,,,11.0,,8.0,,,2.0,,470,2.0,63,,,,,,,,,,,,8.0,,,,,,1.0,,,2.0,1.0,,,,,,,,,,6.0,,,,,,5125,1583,,611,,7.0,,,2.0,,43.0,,32.0,2.0,,12.0,,74.0,1.0,2308,,715,,3.0,,,,,2.0,,,,314.0,,129.0,1.0,,,,38.0,7.0,,1.0,,,2.0,5.0,43.0,18.0,,,12.0,2.0,,202.0,9.0,3.0,,,,,,1.0,19.0,,1.0,,,,,,,,,,,,18.0,,,,,,,1.0,,,,,,,,,,,4.0,,,,1033,54
_1_km_monthly_VI_Quality_2001060_aid0001,aid0001,2001-03-01 00:00:00+00:00,19545,15748,16027,14847,,,,2946819,,26653,,,,,499068,,46576,3.0,,,,10251,38.0,10918,13.0,,,,4854,873,3813,1746,,,,17016,,1516,,,,,15973,1.0,3306,4.0,,,,4540,23,2179,40,,,,1643,2458,,4.0,3.0,,17.0,3.0,,214,104,,240,386,,4.0,4.0,,11.0,6.0,,67,80,,241,802,94,381,,,,272163,1.0,35256,22.0,,,,,,,,,,4963,5,1608,22,,,,33,54,,15,163,,,,,8,34,,582,442,249,208,,,,21271,,5262,19.0,,,,1.0,,,,30,,12,,,,,1464,,637,1.0,,,,,,,,,,1.0,,3.0,,,,,27,11,,15,140,,,,,,,1.0,6.0,,,,,60006,2185,69524,1984,,,,,,2.0,,278.0,1.0,232.0,,,,6573,1.0,5459,17.0,,,,,,,,89.0,1.0,55.0,2.0,,,3.0,1195,1461,,,3.0,,,,165,216,,,,1.0,,,697.0,50.0,1112.0,33.0,,,,,,,106.0,,57.0,,,,,2.0,8.0,,,,,7.0,,46.0,97.0,14.0,24.0,,,,,,1.0,,123.0,7.0,42.0,2.0,,,,,,,32.0,4.0,,,16.0,1.0,,,,,121,112.0,95,34.0,,,,1569,,137,,,,,655,,249,,,,,255,2.0,156,,,,,6.0,3.0,279,213,204,165.0,,,,95,,1439,,57,,,,,36,,2254,,379,,,,,9.0,,1116,29,575,23.0,,,,20.0,10.0,,,,,1.0,,,4.0,,,2.0,2.0,72,42.0,,,,2.0,,,,,11.0,1.0,,,,71,54.0,,3.0,,,,,,146,,219,,,,,,,,,,338,1.0,176,1.0,,,,,,,,,,,,4.0,,,,,,8,,,,,10,,12.0,,,,,59,,170,,,,,,,,,,4.0,,5.0,,,,,342,,139,,,,,,,,,,,,5.0,,,,,,,,,,,,,,,,,,,,5.0,,,,,,4986,945,,287,,,,,,,28.0,,17.0,,,4.0,,66.0,1.0,1545,1.0,499,,,,,,,,,,,87.0,,68.0,1.0,,,,12.0,4.0,,,,,,2.0,31.0,26.0,,,1.0,,,166.0,12.0,5.0,,,,,,8.0,27.0,,4.0,,,,,,,,,,,,7.0,,,,,,,,,,,,,,,,,,,,,,487,59
_1_km_monthly_VI_Quality_2001091_aid0001,aid0001,2001-04-01 00:00:00+00:00,29184,9134,20897,5981,,,,3082152,1.0,173632,,,,,143701,1.0,50399,1.0,,,,20427,9.0,12645,1.0,,,,9128,695,5550,840,,,,41594,,6020,,,,,44667,4.0,8319,1.0,,,,14343,37,4701,56,,,,718,1031,,140.0,10.0,,16.0,12.0,,32,11,,282,258,,7.0,4.0,,22.0,10.0,,103,107,,342,1567,266,768,,,,220997,15.0,77630,42.0,,,,,,,,,,12813,17,4353,27,,,,87,65,,28,203,,,,,15,44,,611,624,298,274,,,,17458,5.0,6841,28.0,,,,,,,,12,,33,,,,,2617,8.0,1059,1.0,,,,,,,,,,4.0,,9.0,1.0,,,,31,24,,12,61,,,,,,,14.0,2.0,,,,,59004,1016,62267,1042,,,,,,,,10.0,,6.0,,,,2672,4.0,3656,16.0,,,,,,,,4.0,,2.0,,,,2.0,507,552,,,,,,,119,168,,,,,,,462.0,51.0,1451.0,34.0,,,,,,,39.0,,51.0,,,,,11.0,16.0,,,,,4.0,,39.0,72.0,57.0,23.0,,,,,,,,53.0,12.0,64.0,,,,,,,,20.0,,,,26.0,1.0,,,,,65,16.0,55,3.0,,,,439,,774,,,,,437,,313,,,,,130,,84,,,,,7.0,,351,120,244,45.0,,,,48,,724,,582,,,,,59,,2135,,616,,,,,17.0,,1273,15,579,7.0,,,,6.0,5.0,,,,,,1.0,,,6.0,,,1.0,70,32.0,,,,1.0,,,,,2.0,,,,,53,24.0,,2.0,1.0,,,,,137,,357,,,,,,,,,,484,8.0,361,1.0,,,,1.0,,,,,,,,13.0,,,,,13.0,14,,,,,10,,22.0,,,,,55,,166,,,,,,,,,,,,5.0,,,,,556,3.0,282,,,,,,,,,,,,1.0,,2.0,,,,,,,,,,,,,,,,,13.0,,,,,,,4947,100,,104,,,,,,,,,,,,3.0,,13.0,,253,,235,,,,,,,,,,,4.0,,,,,,,2.0,,,,,,,,20.0,1.0,,,,,,37.0,,,,,,,,2.0,2.0,,1.0,,,,,,,,,,,,6.0,1.0,,,,,,4.0,1.0,,,,,,,,,,2.0,,,,47,57
_1_km_monthly_VI_Quality_2001121_aid0001,aid0001,2001-05-01 00:00:00+00:00,34386,9149,26699,4595,,,,3283741,12.0,94550,27.0,,,,125122,55.0,24690,31.0,,,,7460,15.0,5862,24.0,,,,14730,281,8070,182,,,,58979,5.0,7702,7.0,,,,50328,56.0,13972,92.0,,,,10353,104,4304,122,,,,385,364,,375.0,86.0,,175.0,267.0,,6,116,,211,184,,46.0,15.0,,355.0,203.0,,248,213,,801,3330,501,1326,,,,236163,27.0,31112,58.0,,,,,,,,,,14112,29,4505,34,,,,275,144,,61,560,,,,,49,105,,599,1245,324,335,,,,17974,4.0,4821,13.0,,,,4.0,2.0,,,7,,20,,,,,3028,35.0,1187,3.0,,,,3.0,,,4.0,3.0,,7.0,,5.0,1.0,,,,84,41,,9,87,,,,,,,26.0,12.0,,,1.0,,30949,575,17305,483,,,,,,,,2.0,,4.0,,,,1570,,832,13.0,,,,,,,,5.0,,,,,,2.0,294,318,,,,1.0,,,68,109,,,,,,,92.0,21.0,345.0,12.0,,,,,,,17.0,,21.0,,,,,2.0,12.0,,,,3.0,2.0,,45.0,5.0,,,,,,,,,,18.0,,,,,,,,,,11.0,1.0,,,4.0,,,,,,92,,73,,,,,1105,,509,,,,,305,3.0,234,,,,,63,5.0,74,1.0,,,,11.0,,413,23,454,21.0,,,,109,,2202,2.0,495,,,,,59,,2909,13.0,979,35.0,,,,2.0,,1271,58,822,70.0,,,,,1.0,,2.0,2.0,,8.0,11.0,,1.0,5.0,,,,8,49.0,,,,12.0,2.0,,,2.0,81.0,71.0,,,1.0,118,142.0,,3.0,,3.0,,,,199,1.0,410,3.0,,,,,,,1.0,,1077,5.0,628,7.0,,,,,,2.0,,,,,3.0,31.0,,,,,25.0,37,,,,,23,,19.0,,,,,44,,192,,,,,,,,,,,,3.0,,,3.0,,758,17.0,574,,,,,,,,,,,,7.0,,9.0,,,,,1.0,,2.0,9.0,,,,,,,,,15.0,12.0,,,,,,4883,29,,14,,,,,,,,,,,,,,4.0,,47,,62,1.0,,,,,,,,,,1.0,,,,,,,3.0,4.0,,,,,,,4.0,8.0,,,,,,1.0,,,,,,,,,1.0,,1.0,,,,,,,,,,,,,,,,,,,,,,,,,,,,,,,,,,62,57
_1_km_monthly_VI_Quality_2001152_aid0001,aid0001,2001-06-01 00:00:00+00:00,26818,100976,20931,49343,,,,2360210,36387.0,201837,12465.0,,,,260991,8869.0,77479,7489.0,,,,8284,731.0,6292,531.0,,,,17217,289,11518,227,,,,99774,4306.0,14308,2125.0,,,,149843,7875.0,37172,4978.0,,,,34380,5695,14233,3300,,,,10464,9824,,16179.0,17533.0,,10222.0,25691.0,,556,995,,295,156,,3657.0,1587.0,,9928.0,7761.0,,5722,3930,,413,23869,284,12392,,,,160977,4238.0,52481,2146.0,,,,,,,,,,22407,764,6066,411,,,,2718,1590,,1141,5563,,,,,858,731,,422,4531,512,1540,,,,10967,105.0,4727,52.0,,,,4.0,,,,6,,5,,,,,3636,97.0,997,46.0,,,,,1.0,,10.0,9.0,,22.0,2.0,33.0,2.0,,,,604,233,,85,259,,,,,,,115.0,75.0,,,1.0,,16998,350,10030,298,,,,,,,,2.0,,1.0,,,,1591,13.0,801,,,,,,,,,11.0,,,,,,,431,195,,,1.0,,,1.0,118,83,,,,,,,23.0,4.0,81.0,12.0,,,,,,,8.0,,35.0,,,,,,6.0,,,,,4.0,,12.0,6.0,,1.0,,,,,,,,11.0,,,,,,,,,,,,,,,,,,,,104,4.0,104,1.0,,,,3753,75.0,1004,124.0,,,,3424,245.0,2829,237.0,,,,348,98.0,384,77.0,,,,15.0,,735,102,777,73.0,,,,303,13.0,7925,370.0,1113,192.0,,,,436,33.0,22692,2100.0,8028,1264.0,,,,14.0,4.0,9042,3323,6816,3631.0,,,,3.0,1.0,,322.0,387.0,,505.0,997.0,,76.0,206.0,,,,48,40.0,,3.0,29.0,870.0,270.0,,5.0,66.0,3927.0,2275.0,,1.0,10.0,3508,3110.0,,2.0,,5.0,,,,830,19.0,1095,54.0,,,,,,,1.0,,3603,113.0,1573,171.0,,,,8.0,3.0,1.0,,,,,61.0,362.0,,,,,314.0,292,,,,,24,,92.0,4.0,,,,132,,294,4.0,,,,,,,,,,,,,,2.0,,1261,59.0,501,14.0,,,,,,,1.0,1.0,,,8.0,1.0,9.0,,,,2.0,,,10.0,16.0,,,,,,,,1.0,73.0,57.0,,,,2.0,,6593,48,,19,,,,,,,,,,,,1.0,,12.0,,64,1.0,29,,,,,,,,,,,,,4.0,,,,,14.0,3.0,,,,,,,12.0,7.0,,,,,,13.0,,3.0,,,,,,1.0,1.0,,1.0,,,,,,,,,,1.0,,46.0,,,,,,,,,,,,,,,,,,,,,,274,64
_1_km_monthly_VI_Quality_2001182_aid0001,aid0001,2001-07-01 00:00:00+00:00,8870,376971,8990,161285,,,,662056,13813.0,134598,14977.0,,,,190132,9396.0,101384,17109.0,,,,19093,2852.0,10402,2807.0,,,,12591,864,7212,644,,,,214040,6081.0,30303,4662.0,,,,267354,29869.0,78351,31356.0,,,,98098,60080,32153,44621,,,,60172,25030,,49778.0,40176.0,,37750.0,26034.0,,6472,4034,,554,382,,48969.0,11642.0,,122243.0,53030.0,,99880,42661,,169,81530,422,51373,,,,48574,1982.0,29422,3380.0,,,,,,,,,,27299,1211,10628,1153,,,,11000,5263,,3664,3644,,,,,2710,1141,,552,10013,723,4429,,,,2649,32.0,2053,55.0,,,,7.0,1.0,,,12,,40,,,,,2277,244.0,897,61.0,,,,2.0,,,12.0,,,9.0,,37.0,,,,,1496,786,,188,216,,,,,,,482.0,128.0,,,,,5831,287,4805,276,,,,,,,,27.0,,22.0,,,,1285,,872,,,,,,,,,53.0,,3.0,,,,,46,64,,,1.0,3.0,,,33,37,,,,,,,7.0,,12.0,1.0,,,,,,,,,,,,,,,,,,,,,,,,,,,,,,,,,,,,,,,,,,,,,,,,,,,,,50,17.0,35,28.0,,,,5910,234.0,1834,448.0,,,,6661,893.0,2051,1296.0,,,,1623,613.0,934,601.0,,,,5.0,5.0,647,414,495,648.0,,,,795,39.0,23903,1081.0,3455,1067.0,,,,952,129.0,78088,11729.0,16673,11460.0,,,,212.0,74.0,55320,53039,17908,58026.0,,,,13.0,23.0,,1550.0,1095.0,,3155.0,1914.0,,939.0,645.0,,,8.0,232,282.0,,9.0,242.0,8589.0,2333.0,,32.0,657.0,47041.0,18977.0,,14.0,187.0,72222,36485.0,,3.0,,14.0,,,,916,46.0,999,123.0,,,,,,,2.0,,6502,499.0,3573,630.0,,,,18.0,1.0,2.0,,2.0,15.0,,177.0,171.0,,,,,904.0,858,,1.0,2.0,,17,,30.0,2.0,,,,102,2.0,103,2.0,,,,,,,,,2.0,,2.0,,,1.0,,1024,207.0,607,94.0,,,,,,,2.0,,,,5.0,,28.0,2.0,,,3.0,2.0,,5.0,20.0,,,,,,,,,289.0,163.0,,,,2.0,,5449,34,,11,,,,,,,5.0,,,,,6.0,,6.0,,51,,22,,,,,,,,,,,7.0,,,,,,,1.0,,,,,,,,9.0,4.0,,,,1.0,,,,,,,,,,,,,1.0,,,,,,,,,,,,12.0,,,,,,,,,,,,,,,,,,,,,,71,53
_1_km_monthly_VI_Quality_2001213_aid0001,aid0001,2001-08-01 00:00:00+00:00,6129,69999,8613,29590,,,,1346166,5367.0,144659,5286.0,,,,435731,1889.0,154871,4817.0,,,,20458,868.0,24284,876.0,,,,7738,122,6384,200,,,,196247,2213.0,20118,1711.0,,,,491434,7793.0,101730,10081.0,,,,163463,13479,56921,11644,,,,8520,4133,,8878.0,8215.0,,17695.0,15345.0,,2958,5145,,141,124,,10610.0,3214.0,,35683.0,18075.0,,33883,18791,,236,28898,224,16641,,,,120593,843.0,56856,1876.0,,,,,,,,,,35570,331,15420,314,,,,2074,1294,,1129,1538,,,,,844,377,,1352,5275,648,2508,,,,7620,26.0,3011,31.0,,,,17.0,4.0,,,12,,43,,,,,3458,76.0,1027,13.0,,,,3.0,,,12.0,,,15.0,,11.0,,,,,591,294,,137,135,,,,,,,216.0,74.0,,,,,5311,250,5446,211,,,,,,,,92.0,,16.0,,,,1311,,1059,2.0,,,,,1.0,,,102.0,,25.0,,,,,31,36,,,,,,,19,15,,,,,,,8.0,,2.0,2.0,,,,,,,1.0,,,,,,,,,,,,,,,,1.0,,,,,,,,,,,,,,,,,,,,,,,,,,,,,,33,6.0,40,2.0,,,,3657,111.0,917,103.0,,,,8937,236.0,3079,408.0,,,,1666,156.0,1219,222.0,,,,11.0,,415,96,201,154.0,,,,447,8.0,11216,420.0,1831,310.0,,,,1482,46.0,72227,3665.0,17663,4026.0,,,,203.0,21.0,46240,11113,23165,13383.0,,,,2.0,5.0,,648.0,260.0,,1010.0,712.0,,440.0,426.0,,,,87,53.0,,,86.0,3879.0,646.0,,12.0,205.0,15822.0,6831.0,,4.0,63.0,21947,14663.0,,14.0,,4.0,2.0,,,1531,19.0,1456,48.0,,,,,,,1.0,,6096,143.0,3236,279.0,,,,13.0,,2.0,1.0,1.0,,,80.0,149.0,,,,,496.0,497,,,,1.0,43,,37.0,1.0,,,,180,5.0,176,,,,,,1.0,,,,3.0,,,,,2.0,,1404,72.0,664,15.0,,,,1.0,,,,,,,17.0,3.0,20.0,,,,4.0,2.0,,13.0,20.0,,,,,,,,,201.0,66.0,,,,2.0,,4988,31,,5,,,,,,,8.0,,,,,2.0,,3.0,,47,,25,,,,,,,,,,,20.0,,8.0,,,,,,,,,,,,,3.0,,,,,1.0,,26.0,,,,,,,,,,,1.0,,,,,,,,,,2.0,,2.0,,,,,,,,,,,,,,,,,,,,,,324,53
_1_km_monthly_VI_Quality_2001244_aid0001,aid0001,2001-09-01 00:00:00+00:00,9226,39581,8553,16868,,,,2547628,1439.0,253680,856.0,,,,253038,565.0,168048,910.0,,,,14964,63.0,28567,168.0,,,,6929,95,5630,152,,,,98234,128.0,19078,136.0,,,,122726,586.0,47491,1000.0,,,,22002,1322,12591,1377,,,,6970,1897,,1776.0,4945.0,,2594.0,4075.0,,304,975,,98,67,,406.0,804.0,,2165.0,2822.0,,2362,2599,,200,5809,140,3771,,,,187980,580.0,93234,1006.0,,,,,,,,,,17384,150,9791,130,,,,475,328,,399,1074,,,,,157,215,,1251,2164,686,1055,,,,12554,22.0,5845,29.0,,,,26.0,13.0,,,23,,38,,,,,1960,12.0,992,9.0,,,,15.0,,1.0,13.0,1.0,,15.0,,20.0,,,,,158,93,,45,154,,,,,,,32.0,32.0,,,,,6490,387,10045,376,,,,,,,,53.0,,30.0,,,,1304,,1272,11.0,,,,,1.0,,,86.0,,30.0,,,,,41,143,,,,,,,25,26,,,,,1.0,,5.0,4.0,2.0,,,,,,,,2.0,,2.0,,,,,,,,,,1.0,,,,12.0,,,,,,,,,,,,,,,,,,,,,,,,,,,,,,56,1.0,47,2.0,,,,4229,5.0,948,8.0,,,,3427,19.0,1370,52.0,,,,512,23.0,571,27.0,,,,2.0,,359,94,174,106.0,,,,504,,8433,11.0,1053,41.0,,,,453,3.0,24424,213.0,6336,266.0,,,,38.0,5.0,9590,2213,5655,1807.0,,,,4.0,4.0,,51.0,83.0,,156.0,163.0,,42.0,116.0,,,1.0,65,20.0,,,5.0,98.0,138.0,,2.0,18.0,996.0,730.0,,,6.0,2897,2258.0,,8.0,,15.0,,,,1571,6.0,1351,25.0,,,,,,,2.0,,3804,28.0,1789,47.0,,,,13.0,,,,,,,22.0,88.0,,,,,89.0,125,,,,,51,1.0,54.0,,,,,309,2.0,257,1.0,,,,2.0,,,,,3.0,,17.0,,,5.0,,1324,7.0,557,5.0,,,,,,,8.0,,,,8.0,,17.0,2.0,,,1.0,1.0,,3.0,10.0,,,,,,,,,21.0,17.0,,,1.0,,,4941,53,,40,,,,,,,5.0,,,,,3.0,,2.0,,104,,55,1.0,,,,,,,,,,35.0,,17.0,,,,,,,,,,,,,,9.0,,,2.0,2.0,,75.0,,,,,,,,,,,,,,,,,,,,,,,24.0,,,,,,,,,,,,,,,,,,,,,,465,57
_1_km_monthly_VI_Quality_2001274_aid0001,aid0001,2001-10-01 00:00:00+00:00,14301,9249,11510,4194,,,,3224099,754.0,133422,1111.0,,,,208553,101.0,25916,252.0,,,,5575,16.0,8386,48.0,,,,6938,95,4640,121,,,,43108,92.0,4302,61.0,,,,41500,177.0,8749,159.0,,,,7169,133,3116,126,,,,868,538,,691.0,253.0,,363.0,221.0,,47,36,,60,43,,92.0,60.0,,288.0,129.0,,282,149,,104,3323,121,1765,,,,247971,314.0,48936,621.0,,,,,,,,,,7576,113,2104,137,,,,247,200,,319,329,,,,,130,110,,933,1524,336,579,,,,19129,9.0,5347,,,,,20.0,15.0,,,20,,18,,,,,875,7.0,296,3.0,,,,9.0,,,4.0,1.0,,14.0,,14.0,,,,,203,68,,27,60,,,,,,,15.0,25.0,,,,,17573,852,17577,621,,,,,,,,61.0,,115.0,,,,2696,2.0,2041,19.0,,,,,,,,90.0,,92.0,,,,2.0,258,288,,,1.0,3.0,,,29,56,,,,,4.0,,137.0,7.0,98.0,1.0,,,,,,,37.0,,17.0,,,,,1.0,5.0,,,,,,,,12.0,,1.0,,,,,,,,,,,,,,,,,,,,,,,,,,,,112,3.0,39,7.0,,,,2035,2.0,291,7.0,,,,644,3.0,176,4.0,,,,132,1.0,109,2.0,,,,5.0,,270,22,79,7.0,,,,195,,3391,7.0,250,7.0,,,,70,,4680,53.0,628,27.0,,,,3.0,,1289,64,540,116.0,,,,6.0,2.0,,9.0,8.0,,20.0,18.0,,6.0,3.0,,,,12,4.0,,,,13.0,11.0,,,3.0,129.0,53.0,,,,165,129.0,,3.0,,5.0,,,,502,7.0,237,20.0,,,,,,,1.0,,1457,12.0,486,41.0,,,,5.0,,,,,,,14.0,26.0,,,,,49.0,60,,,,,59,,13.0,,,,,121,,106,,,,,5.0,,,,,2.0,,6.0,,,5.0,,489,11.0,251,2.0,,,,,,,7.0,,,,3.0,,5.0,,,,1.0,,,4.0,1.0,,,,,,,,,21.0,22.0,,,,,,5828,323,,150,,,,,,,1.0,,1.0,,,1.0,,20.0,,346,2.0,109,,,,,,,,,,,77.0,,47.0,,,,,8.0,1.0,,,,,,1.0,6.0,2.0,,,2.0,,,333.0,,,,,,,,,,,,,,,,,,,,,,,105.0,,,,,,,,,,,,,,,,,,,,,,1293,72
_1_km_monthly_VI_Quality_2001305_aid0001,aid0001,2001-11-01 00:00:00+00:00,9219,21914,10339,14096,270.0,794.0,,2969082,75.0,193962,241.0,58.0,,,211271,377.0,53668,512.0,60.0,,,7853,109.0,16713,329.0,23.0,17.0,,3924,479,4312,664,134.0,150.0,,38562,33.0,11334,184.0,112.0,1.0,,33386,324.0,15382,635.0,122.0,1.0,,7384,546,6017,905,57.0,8.0,,3508,2677,199.0,1267.0,5075.0,1.0,449.0,4787.0,4.0,256,980,25.0,204,177,31.0,278.0,443.0,1.0,1302.0,1208.0,1.0,1278,1179,5.0,167,5770,118,3093,,2.0,,231529,39.0,55459,126.0,,,,,,,,,,8314,32,5119,50,,1.0,,483,227,3.0,280,1232,,,,,146,157,,337,1830,97,565,,10.0,,18805,2.0,4431,8.0,,,,18.0,7.0,,,41,,37,,,,,1151,11.0,549,3.0,,,,20.0,,,10.0,,,12.0,,3.0,,,,,60,46,,37,149,,,,,1.0,,9.0,21.0,,,,,35769,2946,64041,2030,1369.0,79.0,,,,,,250.0,1.0,307.0,1.0,6.0,,5232,8.0,5388,12.0,243.0,7.0,,,,,,140.0,,78.0,,6.0,,4.0,1383,1595,102.0,,6.0,16.0,,,106,126,16.0,,,3.0,4.0,,246.0,6.0,759.0,8.0,29.0,,,4.0,,,67.0,,83.0,,1.0,,,3.0,15.0,1.0,,,1.0,4.0,,3.0,4.0,,4.0,,,,,,,,5.0,,1.0,,,,,,,,,,,,4.0,,,,,,327,74.0,131,58.0,9.0,8.0,,3096,6.0,659,14.0,,,,1722,60.0,741,23.0,3.0,,,451,10.0,445,20.0,7.0,,,4.0,2.0,507,148,167,88.0,13.0,20.0,,224,,5485,22.0,493,23.0,7.0,,,159,3.0,14972,209.0,1472,152.0,8.0,,,21.0,1.0,5371,583,1227,511.0,10.0,1.0,,32.0,14.0,4.0,61.0,47.0,,108.0,109.0,,20.0,74.0,1.0,,1.0,39,9.0,4.0,1.0,10.0,190.0,28.0,,1.0,10.0,1379.0,227.0,5.0,,2.0,1300,587.0,1.0,,3.0,7.0,,,,952,2.0,542,13.0,,,,,,,,,1945,16.0,692,9.0,,,,8.0,,8.0,,1.0,3.0,,48.0,24.0,,,,,70.0,45,,,,,20,,4.0,,,,,122,,113,,,,,,,,,,,,,,,1.0,,671,3.0,288,,,,,,,,,,,,4.0,,3.0,,,,1.0,,,1.0,1.0,,,,,,,,,14.0,12.0,,,,,,6500,766,,731,,62.0,,,,,10.0,,5.0,,,,,27.0,,1290,2.0,757,1.0,38.0,,,,,,,,,123.0,,113.0,,3.0,,,38.0,13.0,2.0,1.0,,,,,18.0,5.0,2.0,,1.0,,,548.0,15.0,,,,,,,,5.0,,10.0,,,,,,,,,,,,152.0,,,,,,,,,,,,3.0,,,,,,,,,,2310,67
_1_km_monthly_VI_Quality_2001335_aid0001,aid0001,2001-12-01 00:00:00+00:00,7744,14621,7226,13464,279.0,3440.0,,3194884,16.0,35315,2.0,682.0,,,239358,18.0,16510,13.0,1461.0,8.0,,77152,69.0,8311,126.0,341.0,75.0,,3756,2156,3159,2319,175.0,831.0,,26515,18.0,4146,13.0,156.0,3.0,,18280,47.0,7463,14.0,525.0,11.0,,6252,162,3931,176,264.0,58.0,,1888,1974,239.0,259.0,27.0,6.0,321.0,69.0,15.0,243,538,43.0,362,380,31.0,82.0,19.0,11.0,219.0,119.0,21.0,415,332,31.0,141,1585,43,934,2.0,24.0,,265685,6.0,18455,47.0,58.0,,,32.0,1.0,,,,,7942,25,1963,33,17.0,10.0,,113,98,6.0,245,585,,,,,43,66,2.0,323,1302,45,476,2.0,22.0,,20059,3.0,3111,18.0,20.0,,,15.0,1.0,,,89,,36,,,,,1682,17.0,435,7.0,10.0,,,29.0,,,25.0,1.0,,33.0,,2.0,,,,,79,56,4.0,66,156,7.0,,,,,,33.0,30.0,2.0,,,,29392,3938,32719,3376,12009.0,439.0,,,,,,267.0,1.0,562.0,1.0,31.0,,9434,5.0,7231,7.0,2376.0,7.0,,,,,,203.0,,282.0,,40.0,3.0,1.0,1100,1277,383.0,,6.0,18.0,,,178,178,59.0,,,3.0,12.0,1.0,237.0,29.0,257.0,33.0,186.0,,,3.0,,,145.0,1.0,78.0,,28.0,,,4.0,10.0,3.0,,,3.0,2.0,1.0,,19.0,50.0,39.0,75.0,,4.0,,,,,7.0,1.0,38.0,,30.0,,,,,,1.0,4.0,1.0,,1.0,,1.0,,,,315,336.0,142,300.0,10.0,85.0,,1956,3.0,444,1.0,4.0,,,734,2.0,399,1.0,9.0,,,320,4.0,411,5.0,34.0,,,5.0,30.0,494,488,218,470.0,17.0,96.0,,110,,3803,2.0,375,,9.0,,,45,,3827,16.0,924,7.0,23.0,,,3.0,,1318,54,767,51.0,44.0,11.0,,56.0,45.0,6.0,26.0,4.0,,9.0,12.0,,17.0,26.0,1.0,1.0,4.0,59,32.0,6.0,,,40.0,5.0,,,1.0,96.0,36.0,6.0,,,135,120.0,9.0,1.0,1.0,,2.0,,,452,1.0,193,2.0,,,,,,,1.0,,972,1.0,218,12.0,,2.0,,5.0,,,,,1.0,,9.0,14.0,,,,1.0,11.0,14,,,,,16,,4.0,2.0,,,,102,,73,,,,,,,,,,6.0,,,,,2.0,,872,2.0,101,,,,,,,,,,,,8.0,,1.0,,,,,,,1.0,4.0,,,,,,,,,11.0,9.0,,,,,,5077,3667,,2466,2.0,512.0,,,,,23.0,,33.0,,5.0,2.0,,171.0,,4181,3.0,2868,6.0,439.0,2.0,,,,,,,,231.0,,281.0,13.0,56.0,,,75.0,47.0,1.0,1.0,1.0,,,6.0,45.0,23.0,6.0,,2.0,4.0,1.0,259.0,27.0,22.0,,2.0,,,,,24.0,,34.0,,1.0,,2.0,4.0,,,,,,,83.0,,,,,,,,,,,,,,,,,,,,,,1664,59
_1_km_monthly_VI_Quality_2002001_aid0001,aid0001,2002-01-01 00:00:00+00:00,4880,29095,7797,21168,1365.0,7961.0,,2860805,40.0,58078,26.0,1253.0,38.0,,499535,26.0,43976,58.0,1088.0,30.0,,36295,131.0,8889,171.0,375.0,96.0,,2164,1439,3046,1276,265.0,692.0,,16133,63.0,3751,31.0,300.0,24.0,,12853,58.0,6050,30.0,556.0,32.0,,3477,67,2298,68,82.0,23.0,,2695,2436,777.0,508.0,76.0,46.0,339.0,236.0,36.0,339,447,61.0,230,292,46.0,186.0,39.0,16.0,237.0,88.0,32.0,249,172,13.0,74,2215,63,1148,1.0,73.0,,266681,27.0,34861,220.0,63.0,,,6.0,,,,,,7180,34,2227,55,37.0,8.0,,152,196,2.0,446,615,,,,,94,105,9.0,352,1834,46,539,1.0,14.0,,19480,6.0,3288,51.0,22.0,,,10.0,3.0,,,86,,29,,,,,1203,12.0,468,32.0,20.0,3.0,,,,,,,,8.0,,2.0,,,,,108,151,2.0,124,184,,,,4.0,,,114.0,35.0,,,,,60473,2508,62350,2183,17505.0,412.0,,,,,,476.0,,842.0,,37.0,,5114,8.0,4476,5.0,1071.0,13.0,,,,,,214.0,,181.0,2.0,12.0,,2.0,1588,1960,793.0,,6.0,16.0,1.0,1.0,106,168,26.0,,,2.0,9.0,2.0,323.0,29.0,594.0,46.0,217.0,2.0,,3.0,,,91.0,,112.0,,11.0,,,26.0,17.0,9.0,,,3.0,8.0,,25.0,147.0,55.0,14.0,3.0,6.0,6.0,,3.0,,,45.0,1.0,26.0,,1.0,1.0,,,,1.0,13.0,2.0,3.0,,7.0,1.0,3.0,,,,172,228.0,337,165.0,18.0,78.0,,1269,,456,,8.0,,,460,,316,,2.0,,,182,2.0,322,8.0,2.0,,,2.0,15.0,323,280,479,173.0,15.0,49.0,,66,,1683,3.0,308,,9.0,,,19,,1776,20.0,849,5.0,21.0,,,4.0,,784,37,538,46.0,3.0,1.0,,20.0,38.0,3.0,,,1.0,10.0,3.0,,11.0,27.0,,,1.0,39,30.0,,,,34.0,1.0,,,,57.0,26.0,1.0,,,104,93.0,1.0,3.0,,,,,,342,,221,6.0,,,,,,,,,849,,241,5.0,,,,1.0,,,,,,,4.0,31.0,,,,,6.0,24,,,,,16,,8.0,,,,,49,1.0,74,1.0,,,,,4.0,,,,5.0,,1.0,,,,,568,7.0,158,9.0,,,,,,,,,,,,,6.0,,,,3.0,,,4.0,13.0,,,,,,,,,22.0,17.0,,,,,,5881,1489,3.0,864,,401.0,,,,,15.0,,40.0,,1.0,1.0,,41.0,,1852,2.0,1088,3.0,198.0,,,,,,,,,152.0,2.0,107.0,2.0,3.0,,,24.0,20.0,5.0,3.0,,1.0,,4.0,22.0,15.0,4.0,,2.0,2.0,,1788.0,5.0,1.0,,,,,,,15.0,,9.0,,2.0,,,,,,,,,,83.0,,,,,,,,,,,,,,,,,,,,,,1667,69
_1_km_monthly_VI_Quality_2002032_aid0001,aid0001,2002-02-01 00:00:00+00:00,6960,24142,5467,29536,16.0,2166.0,,2976000,9.0,83203,17.0,4.0,5.0,,335951,10.0,36994,30.0,1.0,1.0,,8285,130.0,14193,149.0,27.0,26.0,,2101,1814,2158,1798,9.0,184.0,,14640,39.0,4070,28.0,3.0,9.0,,20820,37.0,9788,13.0,17.0,10.0,,7378,116,4178,68,7.0,10.0,,2272,2449,51.0,56.0,114.0,2.0,43.0,79.0,1.0,360,394,12.0,239,464,8.0,134.0,56.0,1.0,147.0,51.0,5.0,291,127,1.0,268,1246,107,725,,17.0,,266733,1.0,46651,62.0,,,,,,,,,,7087,27,3247,54,,1.0,,84,171,2.0,56,477,,,,,33,103,,416,1195,86,313,,1.0,,20135,,4545,91.0,,,,6.0,,,,71,,33,,,,,1212,5.0,535,7.0,,,,,,,,,,8.0,,3.0,,,,,33,65,,51,408,,,,2.0,,,19.0,10.0,,2.0,,,94911,2461,85321,1577,2887.0,53.0,,,,,,1090.0,,1360.0,,10.0,,6399,2.0,5301,18.0,139.0,1.0,,,1.0,,,341.0,,120.0,,2.0,,3.0,1157,1238,39.0,,5.0,8.0,1.0,,109,155,2.0,,,2.0,2.0,,586.0,58.0,1165.0,41.0,26.0,,4.0,,,,146.0,,112.0,,2.0,,,14.0,41.0,,,,2.0,3.0,,12.0,283.0,,103.0,1.0,,,,,,,68.0,13.0,3.0,11.0,,,,,,2.0,,5.0,,,8.0,,,,,,109,178.0,65,171.0,,8.0,,655,1.0,122,,,,,440,,217,,,,,201,6.0,195,2.0,,,,2.0,14.0,259,306,175,171.0,,7.0,,9,,956,,209,,1.0,,,23,,1945,14.0,498,1.0,1.0,,,3.0,,984,42,434,13.0,1.0,1.0,,18.0,16.0,,2.0,,,7.0,,,8.0,8.0,,,,39,57.0,,,,19.0,,,,,38.0,10.0,,,,91,26.0,,4.0,,2.0,,,,195,,136,1.0,,,,,,,,,512,,155,5.0,,,,1.0,,,,,1.0,,,10.0,,,,,5.0,12,,,,,6,,1.0,,,,,33,,74,1.0,,,,,,,,,6.0,,2.0,,,,,422,,74,1.0,,,,,,,,,,,8.0,,6.0,,,,,,,,3.0,,,,,,,,,3.0,2.0,,,,,,5105,1508,,689,,51.0,,,,,24.0,,25.0,,,2.0,,54.0,2.0,1785,4.0,620,3.0,34.0,,,,,,,,1.0,197.0,,49.0,,,,,21.0,9.0,1.0,2.0,,,,,29.0,10.0,,,1.0,,,1790.0,6.0,1.0,,,,,,1.0,5.0,,7.0,,,,,,,,,,,,52.0,,,,,,,1.0,,,,,,,,,,,,,,,996,61
_1_km_monthly_VI_Quality_2002060_aid0001,aid0001,2002-03-01 00:00:00+00:00,22395,10662,12465,11635,,,,3116291,,74761,,,,,268106,,20851,,,,,9652,23.0,16106,28.0,,,,6831,485,3696,709,,,,14549,,2546,,,,,14699,1.0,5297,,,,,6095,12,3214,15,,,,1029,1276,,,1.0,,9.0,10.0,,120,121,,150,452,,1.0,3.0,,3.0,4.0,,60,65,,340,857,180,621,,,,272099,3.0,29929,8.0,,,,,,,,,,6176,8,2092,38,,,,42,72,,2,194,,,,,10,31,,474,670,201,331,,,,20621,1.0,5266,10.0,,,,4.0,,,,18,,16,,,,,1364,1.0,815,1.0,,,,,,,,,,4.0,,1.0,,,,,16,26,,3,206,,,,,,,3.0,7.0,,,,,103784,1252,83466,1826,,,,,7.0,,,318.0,,379.0,,,,4416,1.0,4541,13.0,,,,,,,,60.0,,52.0,,,,3.0,737,769,,,4.0,5.0,,,86,163,,,,2.0,,,612.0,42.0,1378.0,52.0,,,,,,,198.0,,76.0,,,,,10.0,47.0,,,,1.0,3.0,,193.0,167.0,3.0,67.0,,,,,,,,123.0,,2.0,3.0,,,,,,,21.0,,,,9.0,,,,,,31,15.0,23,37.0,,,,576,,88,,,,,259,,145,,,,,87,1.0,106,,,,,3.0,,218,56,291,57.0,,,,28,,685,,217,,,,,15,,1121,,452,,,,,,1.0,541,7,325,,,,,6.0,5.0,,,,,5.0,,,1.0,1.0,,,2.0,16,62.0,,,,1.0,,,,,8.0,4.0,,,,10,5.0,,2.0,,3.0,,,,169,1.0,184,,,,,,,,,,454,1.0,183,,,,,1.0,,,,,,,,8.0,,,,,,1,,,,,19,,8.0,,,,,47,,84,,,,,,,,,,2.0,,,,,1.0,,503,,125,1.0,,,,,,,,,,,3.0,,,,,,1.0,,,,3.0,,,,,,,,1.0,3.0,7.0,,,,,,4941,361,,201,,,,,,,5.0,,1.0,,,2.0,,32.0,,670,,347,2.0,,,,,,,,,,21.0,,21.0,,,,,3.0,,,,,,,1.0,12.0,8.0,,,,,,805.0,4.0,5.0,,,,,,,5.0,,7.0,,,,,,,,,1.0,,,26.0,,,,,,,,,,,,,,,,,,,,,,453,61
_1_km_monthly_VI_Quality_2002091_aid0001,aid0001,2002-04-01 00:00:00+00:00,33867,10395,17864,7929,,,,3240309,1.0,61016,53.0,,,,140881,2.0,23296,5.0,,,,10809,4.0,10750,2.0,,,,7298,1589,3806,818,,,,47260,,3697,15.0,,,,34068,2.0,8953,14.0,,,,9210,74,3923,43,,,,966,1106,,5.0,66.0,,2.0,19.0,,19,26,,371,459,,1.0,4.0,,24.0,23.0,,119,107,,415,1287,279,918,,,,249608,9.0,25259,17.0,,,,,,,,,,12120,18,2997,11,,,,100,78,,5,139,,,,,9,24,,729,868,316,235,,,,20840,8.0,4116,5.0,,,,1.0,,,,5,,4,,,,,1985,15.0,1004,7.0,,,,,,,,,,9.0,,5.0,,,,,39,14,,1,75,,,,3.0,,,18.0,11.0,,,,,72955,1068,78635,733,,,,,,14.0,,14.0,,18.0,,,,2868,,1684,9.0,,,,,,,,6.0,,7.0,,,,2.0,527,308,,,,2.0,,,92,55,,,,,,,691.0,27.0,1303.0,24.0,,,,,,,58.0,,20.0,,,,,11.0,9.0,,,,,1.0,,198.0,26.0,15.0,8.0,,,,,,,,127.0,,14.0,3.0,,,,,,,8.0,2.0,,,2.0,12.0,,,,,42,31.0,24,18.0,,,,1655,,262,1.0,,,,489,,232,,,,,58,,98,,,,,5.0,4.0,407,136,393,66.0,,,,82,,2305,,361,,,,,33,,2705,,948,2.0,,,,,2.0,1004,27,487,16.0,,,,4.0,4.0,,,2.0,,,1.0,,1.0,1.0,,,1.0,82,50.0,,,,,,,,,10.0,2.0,,,,61,61.0,,1.0,,,,,,217,1.0,317,2.0,,,,,,,,,768,1.0,402,2.0,,,,,,,,1.0,,,,2.0,,,,,4.0,11,,,,,9,5.0,24.0,,,,,55,,130,,,,,,,,,,,,,,,1.0,,651,11.0,296,3.0,,,,,,,,,,,3.0,,,,,,1.0,,,,6.0,,,,,,,,,9.0,6.0,,,,,,4867,190,,79,,,,,,,3.0,,3.0,,,2.0,,15.0,,345,,116,,,,,,,,,,,,,,,,,,11.0,1.0,,,,,,,14.0,5.0,,,,,,5.0,,,,,,,,1.0,,,2.0,,,,,,,,,3.0,1.0,,8.0,,,,,,1.0,2.0,,,,,,,,,,,,,,,137,51
_1_km_monthly_VI_Quality_2002121_aid0001,aid0001,2002-05-01 00:00:00+00:00,30503,10388,24012,6693,,,,3016619,45.0,127352,11.0,,,,300573,6.0,50472,1.0,,,,8544,,7617,10.0,,,,8307,971,5244,617,,,,44509,7.0,9867,1.0,,,,55078,16.0,20325,12.0,,,,9271,59,4084,77,,,,562,611,,28.0,67.0,,111.0,124.0,,13,25,,238,109,,60.0,9.0,,167.0,107.0,,172,146,,651,2978,612,1564,,,,233462,23.0,40877,57.0,,,,,,,,,,16698,18,5581,32,,,,186,141,,73,304,,,,,62,74,,627,1152,429,308,,,,16770,14.0,5118,4.0,,,,6.0,,,,2,,16,,,,,3084,13.0,1092,2.0,,,,,,,4.0,9.0,,5.0,,11.0,,,,,38,19,,9,40,,,,4.0,,,19.0,3.0,,,,,46563,635,33820,295,,,,,,17.0,,5.0,,,,,,1514,1.0,735,4.0,,,,,,,,,,,,,,,221,98,,,,,,,76,25,,,,,,,445.0,28.0,308.0,6.0,,,,,,,48.0,,14.0,,,,,2.0,1.0,,,,1.0,1.0,,102.0,3.0,1.0,4.0,,,,,,,,44.0,,,3.0,,,,,,,6.0,2.0,,,,9.0,,,,,86,30.0,60,20.0,,,,1142,1.0,996,1.0,,,,444,1.0,292,,,,,53,,134,,,,,12.0,4.0,734,110,442,71.0,,,,87,,2273,2.0,1460,,,,,50,,3528,12.0,1484,1.0,,,,1.0,,1423,38,663,62.0,,,,3.0,5.0,,2.0,2.0,,7.0,5.0,,3.0,,,,,68,32.0,,,,9.0,,,,1.0,61.0,18.0,,,,98,89.0,,3.0,,1.0,,,,277,1.0,470,4.0,,,,,,,3.0,,1285,6.0,837,9.0,,,,7.0,,,,1.0,,,5.0,19.0,,,,,36.0,55,,,,,19,,57.0,,,,,86,,220,,,,,,,,,,,,,,,4.0,,754,10.0,563,2.0,,,,,,,,,,,1.0,,5.0,,,,,3.0,,,3.0,,,,,,,,,12.0,11.0,,,,1.0,,4895,150,,35,,,,,,,,,,,,2.0,,13.0,,173,,56,,,,,,,,,,,,,,,,,,8.0,1.0,,,,,,3.0,13.0,2.0,,,,1.0,,,,,,,,,,,6.0,,,,,,,,,,,1.0,,,3.0,,,,,,,3.0,,,,,,,,,,,,,,,25,58
_1_km_monthly_VI_Quality_2002152_aid0001,aid0001,2002-06-01 00:00:00+00:00,21449,49185,20242,27960,,,,2011746,13148.0,142324,3949.0,,,,646855,3967.0,144204,4090.0,,,,18460,277.0,15078,1586.0,,,,10446,126,7801,231,,,,92422,700.0,15881,1366.0,,,,176325,1516.0,54866,4212.0,,,,76887,4625,26862,6566,,,,4875,4110,,5027.0,5652.0,,8933.0,15548.0,,1070,1842,,132,135,,1717.0,967.0,,7580.0,6858.0,,13064,8800,,467,12728,643,5672,,,,171575,725.0,58131,842.0,,,,,,,,,,27382,204,9625,255,,,,1047,762,,1033,1689,,,,,528,415,,600,3232,663,1080,,,,12304,41.0,4300,28.0,,,,5.0,4.0,,,8,,47,,,,,4198,45.0,889,13.0,,,,7.0,,,21.0,7.0,,8.0,,7.0,,,,,265,209,,80,116,,,,,,,95.0,34.0,,,,,15976,211,14309,201,,,,,,,,4.0,,9.0,,,,852,,644,4.0,,,,,,,,6.0,,2.0,,,,,41,58,,,,,,,15,16,,,,,,,12.0,6.0,16.0,,,,,,,,2.0,,6.0,,,,,,,,,,,,,1.0,11.0,,,,,,,,,,,,,,,,,,,,2.0,,,,,,,,,,58,,34,7.0,,,,2149,20.0,806,73.0,,,,3142,73.0,2146,188.0,,,,1214,21.0,1041,220.0,,,,19.0,,648,61,410,162.0,,,,229,2.0,6222,119.0,1294,264.0,,,,607,5.0,24454,685.0,8808,1236.0,,,,253.0,7.0,29833,3320,13283,5719.0,,,,,2.0,,183.0,78.0,,268.0,470.0,,92.0,167.0,,,1.0,76,49.0,,,31.0,510.0,177.0,,2.0,45.0,2213.0,1520.0,,,24.0,6772,4969.0,,3.0,,4.0,,,,787,1.0,980,35.0,,,,,,,1.0,,3228,32.0,1516,82.0,,,,4.0,,,,,5.0,,37.0,100.0,,,,,150.0,177,,,,,16,,38.0,,,,,166,,193,,,,,,,,,,1.0,,,,,1.0,,1277,25.0,567,15.0,,,,,,,1.0,,,,7.0,,5.0,,,,2.0,,,5.0,8.0,,,,,,,,,63.0,35.0,,,,1.0,,5010,13,,5,,,,,,,,,,,,2.0,,4.0,,32,,18,,,,,,,,,,,1.0,,,,,,,,1.0,,,,,,,2.0,,,,,,,4.0,,,,,,,,,2.0,,,,,,,,,,,,,,4.0,,,,,,,,,,,,,,,,,,,,,,109,57
_1_km_monthly_VI_Quality_2002182_aid0001,aid0001,2002-07-01 00:00:00+00:00,11476,117345,8278,56691,,,,1030313,46949.0,92605,7329.0,,,,712408,26065.0,143909,11536.0,,,,49161,2257.0,18598,3554.0,,,,11942,400,8421,511,,,,106424,4871.0,12018,2512.0,,,,347426,14033.0,75156,13944.0,,,,244313,30521,56066,23209,,,,17761,7003,,15668.0,6619.0,,25600.0,18460.0,,3524,7054,,291,343,,11825.0,3386.0,,36564.0,13930.0,,37891,19049,,181,40489,118,17800,,,,103453,3190.0,44245,1598.0,,,,,,,,,,32363,1074,10235,575,,,,4623,2231,,2135,2384,,,,,1386,929,,573,6479,364,2345,,,,6733,158.0,2217,50.0,,,,11.0,1.0,,,9,,38,,,,,4656,219.0,1011,68.0,,,,3.0,,,13.0,4.0,,12.0,,19.0,,,,,896,465,,206,242,,,,,,,350.0,108.0,,,,,6564,259,3637,366,,,,,,,,76.0,,5.0,,,,1075,,738,,,,,,,,,50.0,,2.0,,,,,42,38,,,,,,,15,39,,,,,,,,,,2.0,,,,,,,,,,,,,,,,,,,,,,,,,,,,,,,,,,,,,,,,,,,,,,,,,,,,,59,2.0,75,7.0,,,,3371,113.0,668,110.0,,,,7691,373.0,2841,374.0,,,,2508,290.0,1653,605.0,,,,7.0,,539,151,447,290.0,,,,337,7.0,10398,462.0,847,438.0,,,,1084,46.0,59055,4117.0,12769,4544.0,,,,465.0,58.0,83511,21266,27138,24360.0,,,,4.0,13.0,,723.0,175.0,,1250.0,804.0,,379.0,828.0,,,,97,133.0,,,111.0,3146.0,470.0,,2.0,224.0,15567.0,4653.0,,7.0,84.0,24741,16154.0,,1.0,,10.0,,,,1046,45.0,826,76.0,,,,,,,4.0,,5373,232.0,2457,364.0,,,,2.0,,1.0,,,2.0,,99.0,177.0,,,,,504.0,507,,,,2.0,38,,31.0,,,,,133,5.0,135,5.0,,,,,,,,,1.0,,1.0,,,2.0,2.0,1673,147.0,534,59.0,,,,,1.0,,3.0,,,,10.0,,8.0,,,,,,,13.0,17.0,,,,,,,,2.0,237.0,140.0,,,2.0,,,5067,25,,15,,,,,,,4.0,,7.0,,,2.0,,8.0,,74,,51,,,,,,,,,2.0,,13.0,,5.0,,,,,,2.0,,,,,,,7.0,8.0,,,,1.0,,,,,,,,,,,,,4.0,,,,,,,,,,,,1.0,,,,,,,,,,,,,,,,,,,,,,105,61
_1_km_monthly_VI_Quality_2002213_aid0001,aid0001,2002-08-01 00:00:00+00:00,10707,79474,6187,32106,,,,1106725,11356.0,199365,12177.0,,,,553495,4044.0,155329,8205.0,,,,30752,1221.0,21326,1396.0,,,,9258,201,5683,214,,,,259381,2884.0,39467,2363.0,,,,419679,7162.0,108880,9496.0,,,,129977,10684,46672,12117,,,,7623,3570,,18928.0,15356.0,,10942.0,18601.0,,2313,3461,,172,221,,19812.0,9148.0,,36722.0,27066.0,,26853,23247,,250,29529,375,15460,,,,100646,1858.0,64386,2621.0,,,,,,,,,,40706,480,17977,428,,,,1978,783,,1703,1801,,,,,945,672,,915,5092,525,2061,,,,5956,83.0,3173,42.0,,,,26.0,2.0,,,9,,24,,,,,4366,247.0,1578,80.0,,,,9.0,,,22.0,1.0,,12.0,,26.0,,,,,445,185,,157,232,,,,,,,318.0,143.0,,,,,5634,289,6991,325,,,,,,,,125.0,,11.0,,,,1039,1.0,980,14.0,,,,,,,,68.0,,6.0,,,,,50,116,,,,,,,15,44,,,,,,,4.0,,10.0,1.0,,,,,,,1.0,,3.0,,,,,,,,,,,,,,,,,,,,,,,,,,,,,,,,,,,,,,,,,,,,76,1.0,47,8.0,,,,8005,157.0,1345,175.0,,,,7105,186.0,2976,411.0,,,,1092,153.0,1187,212.0,,,,6.0,,527,95,425,125.0,,,,1009,25.0,27984,629.0,2150,524.0,,,,1226,21.0,84412,2930.0,17023,3637.0,,,,102.0,13.0,37205,9773,18939,13407.0,,,,7.0,33.0,,848.0,477.0,,882.0,925.0,,287.0,399.0,,,,94,102.0,,3.0,151.0,3755.0,1281.0,,12.0,180.0,16287.0,9406.0,,,48.0,17542,16298.0,,15.0,,30.0,2.0,,,1734,35.0,1808,60.0,,,,,,,3.0,,7889,122.0,4244,218.0,,,,24.0,,11.0,,,3.0,,69.0,105.0,,,,1.0,539.0,444,,,2.0,,36,3.0,29.0,3.0,,,,215,7.0,258,1.0,,,,,,,,,,,2.0,,,5.0,,2061,194.0,711,71.0,,,,,3.0,,1.0,,,,9.0,1.0,12.0,,,,1.0,,,13.0,24.0,,,,,,,,2.0,266.0,119.0,,1.0,,,,5128,29,,14,,,,,,,5.0,,3.0,,,2.0,,4.0,,55,1.0,38,,,,,,,,,,,38.0,,3.0,,,,,,,,,,,,,3.0,6.0,,,,,,10.0,,1.0,,,,,,,2.0,,3.0,,,,,,,,,,2.0,,4.0,,,,,,,,,,,,,,,,,,,,,,183,56
_1_km_monthly_VI_Quality_2002244_aid0001,aid0001,2002-09-01 00:00:00+00:00,12631,10895,15334,7701,,,,2907524,1219.0,258696,186.0,,,,244221,170.0,84318,111.0,,,,5958,17.0,14640,41.0,,,,7822,80,7343,127,,,,76534,79.0,20557,13.0,,,,66424,121.0,27370,78.0,,,,10301,122,7215,201,,,,756,708,,274.0,115.0,,110.0,335.0,,7,89,,58,91,,138.0,39.0,,360.0,356.0,,299,322,,187,2892,180,1663,,,,228590,686.0,52606,366.0,,,,,,,,,,12241,68,5499,36,,,,233,169,,161,433,,,,,81,106,,1163,1426,330,573,,,,16734,14.0,4785,1.0,,,,27.0,5.0,,,17,,61,,,,,1698,28.0,1148,11.0,,,,16.0,2.0,,35.0,1.0,,21.0,,15.0,,,,,145,80,,28,156,,,,,,,46.0,32.0,,,,,11722,412,11944,432,,,1.0,,2.0,,,43.0,,15.0,,,,1667,1.0,1388,10.0,,,,,1.0,,,43.0,,7.0,,,,,73,131,,,1.0,2.0,,,36,34,,,,1.0,,,6.0,2.0,48.0,3.0,,,,,,,6.0,,8.0,,,,,,,,,,,,,,6.0,,2.0,,,,,,,,1.0,,,,,,,,,,,,,,1.0,,,,,,56,,21,1.0,,,,1650,6.0,706,6.0,,,,729,3.0,281,4.0,,,,123,,85,4.0,,,,11.0,,491,10,273,9.0,,,,173,2.0,3173,12.0,1350,2.0,,,,92,,5034,45.0,1599,32.0,,,,13.0,,2386,121,1123,163.0,,,,,2.0,,12.0,,,13.0,18.0,,1.0,8.0,,,,23,14.0,,,3.0,44.0,14.0,,,1.0,277.0,185.0,,,,315,381.0,,11.0,,9.0,,,,555,6.0,571,7.0,,,,,,,2.0,,1378,17.0,793,20.0,,,,8.0,,,,,1.0,,5.0,30.0,,,,,61.0,70,,,,,44,7.0,20.0,,,,,143,,165,4.0,,,,,,,,,1.0,,1.0,,,4.0,,684,28.0,333,17.0,,,,,,,2.0,,,,6.0,1.0,7.0,1.0,,,,,,5.0,9.0,,,,,,,,,39.0,34.0,,,,,,5040,59,,35,,,,,,,1.0,,,,,3.0,,5.0,,117,1.0,53,,,,,,,,,,,31.0,,11.0,,,,,1.0,1.0,,,,,,,6.0,9.0,,,,,,49.0,,1.0,,,,,,,,,,,,,,,,,,,,,47.0,,,,,,,,,,,,,,,,,,,,,,729,58
_1_km_monthly_VI_Quality_2002274_aid0001,aid0001,2002-10-01 00:00:00+00:00,20168,12638,17232,8514,,,,3092392,3282.0,142432,391.0,,,,216277,469.0,40645,218.0,,,,6252,30.0,5563,37.0,,,,9061,310,7710,493,,,,68789,783.0,10469,117.0,,,,54522,1360.0,18121,268.0,,,,7802,612,4513,390,,,,1195,711,,2401.0,104.0,,552.0,377.0,,50,69,,84,152,,965.0,39.0,,1293.0,370.0,,565,581,,146,2892,265,1565,,,,253644,996.0,35202,90.0,,,,,,,,,,10760,265,3604,20,,,,251,123,,431,196,,,,,201,32,,1120,1055,49,347,,,,20823,22.0,3532,5.0,,,,20.0,6.0,,,32,1.0,36,,,,,1286,18.0,664,2.0,,,,22.0,1.0,,26.0,,,5.0,,2.0,,,,,64,35,,27,31,,,,,,,8.0,4.0,,,,,24060,1064,14289,809,,,,,5.0,,,47.0,,33.0,,,,3388,3.0,2291,12.0,,,,,1.0,,,80.0,,31.0,,,,2.0,438,321,,,3.0,4.0,,,54,59,,,,,,,47.0,4.0,22.0,2.0,,,,,,,20.0,,37.0,,,,,,,,,,,,,1.0,28.0,,25.0,,,,,,,,9.0,,,,,,,,,,,,,,,,,,,,83,10.0,63,8.0,,,,2503,33.0,674,15.0,,,,755,54.0,250,8.0,,,,137,15.0,96,6.0,,,,4.0,,279,23,155,19.0,,,,166,2.0,4451,157.0,783,18.0,,,,76,6.0,6788,552.0,1211,95.0,,,,2.0,,1762,448,665,453.0,,,,1.0,3.0,,153.0,7.0,,85.0,39.0,,13.0,11.0,,,,8,9.0,,,17.0,323.0,2.0,,3.0,18.0,817.0,214.0,,,1.0,372,274.0,,2.0,,1.0,,,,617,17.0,338,1.0,,,,,,,,,1494,46.0,516,8.0,,,,,1.0,,,1.0,,,21.0,8.0,,,,,71.0,18,,,,,35,,10.0,,,,,108,,127,,,,,,,,,,1.0,,4.0,,,10.0,,641,,239,1.0,,,,,,,,,,,1.0,,9.0,,,,,,,,2.0,,,,,,,,,8.0,6.0,,,,,,5746,386,,94,,,,,,,4.0,,,,,,,14.0,,685,,194,,,,,,,,,,,221.0,2.0,62.0,,,,,10.0,1.0,,,,,,,7.0,,,,1.0,,,200.0,2.0,,,,,,,,4.0,,4.0,,,,,,,,,,,,93.0,,,,,,,,,,,,,,,,,,,,,,1576,63
_1_km_monthly_VI_Quality_2002305_aid0001,aid0001,2002-11-01 00:00:00+00:00,9850,11237,11146,10812,150.0,339.0,,3157880,31.0,107216,2.0,18.0,,,251517,21.0,41304,2.0,38.0,,,5139,11.0,6868,6.0,48.0,1.0,,8556,1132,8254,1462,201.0,137.0,,47391,8.0,4635,6.0,35.0,,,47416,14.0,9491,6.0,141.0,1.0,,9344,31,4140,23,34.0,1.0,,1956,2874,88.0,76.0,6.0,,42.0,18.0,7.0,96,109,9.0,581,573,35.0,46.0,12.0,2.0,98.0,38.0,5.0,121,40,14.0,149,2338,121,1182,,1.0,,255936,,31395,,,,,,,,,,,9139,8,3052,11,,,,174,92,5.0,24,191,,,,,22,46,,529,1738,96,655,,,,20650,,4086,,,,,13.0,3.0,,,28,,40,,,,,1111,5.0,370,3.0,,,,24.0,,,23.0,,,7.0,,1.0,,,,,47,31,,9,65,,,,4.0,,,6.0,3.0,,,,,13572,4953,16826,3223,1223.0,135.0,,,,,,39.0,,43.0,,1.0,,7534,9.0,6952,32.0,708.0,4.0,,,,,,156.0,1.0,75.0,2.0,19.0,,1.0,516,779,89.0,,,8.0,1.0,1.0,157,174,22.0,,,1.0,6.0,,257.0,26.0,499.0,21.0,26.0,,,,,,92.0,1.0,79.0,,7.0,,,10.0,6.0,,,,2.0,3.0,,5.0,48.0,1.0,15.0,,1.0,,,,,,13.0,,1.0,,,,,,,,1.0,,,,,3.0,,,,,497,41.0,169,47.0,16.0,,,2473,4.0,177,,1.0,,,1074,1.0,175,,4.0,,,596,6.0,229,,2.0,,,5.0,2.0,1127,61,334,51.0,13.0,3.0,,120,,3466,4.0,221,,2.0,,,39,,4410,18.0,416,,11.0,,,4.0,,1453,64,319,25.0,9.0,,,23.0,23.0,2.0,15.0,,,7.0,2.0,,7.0,5.0,,1.0,6.0,36,21.0,2.0,,,25.0,2.0,,,1.0,103.0,13.0,3.0,,,70,43.0,,1.0,,3.0,,,,331,,275,,,,,,,,,2.0,962,,371,5.0,,,,4.0,,,,,,,1.0,7.0,,,,,9.0,10,,,,,29,,3.0,,,,,59,,86,,,,,,,,,,1.0,,3.0,,,,,605,3.0,163,,,,,,,,,,,,8.0,,,,,,,,,1.0,1.0,,,,,,,,,5.0,6.0,,,,,,5948,607,,378,,53.0,,,,,19.0,,14.0,,1.0,2.0,,27.0,1.0,1488,3.0,608,,53.0,,,,,,,,,206.0,1.0,107.0,,2.0,,,4.0,10.0,3.0,,1.0,,,,11.0,8.0,,,5.0,3.0,,144.0,6.0,2.0,,,,,,2.0,14.0,,1.0,,,,,,,,,,,,86.0,,,,,,,,,,,,,,,,,,1.0,,,,1720,64
_1_km_monthly_VI_Quality_2002335_aid0001,aid0001,2002-12-01 00:00:00+00:00,4189,12377,5530,15264,704.0,4533.0,,3136685,46.0,43428,9.0,2131.0,6.0,,334708,15.0,34734,58.0,1000.0,9.0,,5745,54.0,10554,76.0,385.0,37.0,,5254,2547,5595,4681,712.0,2225.0,,37781,28.0,8691,41.0,954.0,54.0,,31442,43.0,12720,50.0,1240.0,33.0,,5887,89,5537,190,303.0,39.0,,1355,2285,326.0,404.0,207.0,33.0,169.0,1769.0,28.0,243,482,71.0,641,1076,151.0,116.0,91.0,31.0,216.0,279.0,75.0,297,488,51.0,143,1812,116,1053,,34.0,,259397,3.0,24192,95.0,393.0,1.0,,26.0,,,,,,9995,30,3783,27,28.0,19.0,,105,91,8.0,185,658,,,,,32,86,3.0,386,1554,85,503,6.0,16.0,,21167,4.0,2752,17.0,60.0,1.0,,15.0,14.0,,1.0,46,,29,,3.0,,,1448,8.0,560,24.0,12.0,1.0,,28.0,,,11.0,,1.0,5.0,,2.0,,1.0,,,94,33,1.0,48,97,2.0,,,5.0,,,53.0,22.0,2.0,,,,5031,4503,9429,8145,6138.0,909.0,,,,,,75.0,,148.0,4.0,12.0,,6308,8.0,9043,36.0,4225.0,24.0,,,,,,197.0,1.0,252.0,2.0,47.0,,1.0,429,911,309.0,,,19.0,1.0,,206,407,100.0,,,5.0,13.0,,162.0,38.0,268.0,91.0,91.0,5.0,,,,,96.0,1.0,112.0,,41.0,,,16.0,23.0,2.0,,,5.0,4.0,1.0,,60.0,,8.0,,8.0,,,,,,16.0,2.0,4.0,,3.0,,,,,,4.0,1.0,,,,2.0,1.0,,,,403,135.0,261,394.0,62.0,101.0,,3147,6.0,544,2.0,15.0,,,1212,3.0,816,7.0,60.0,,,690,4.0,764,26.0,46.0,4.0,,4.0,12.0,1079,313,666,630.0,75.0,167.0,,108,,5296,23.0,818,4.0,29.0,,,33,,5342,28.0,1935,18.0,156.0,,,7.0,,2149,68,1763,166.0,126.0,12.0,,46.0,55.0,18.0,49.0,2.0,,30.0,44.0,3.0,20.0,51.0,6.0,2.0,12.0,69,130.0,9.0,,,72.0,20.0,4.0,,5.0,199.0,187.0,16.0,,1.0,200,417.0,13.0,3.0,3.0,1.0,2.0,,,333,1.0,202,20.0,,,,,,,,,987,8.0,267,7.0,,2.0,,3.0,,,,,,,2.0,16.0,,,,,18.0,30,,,,,10,,8.0,1.0,,,,76,,59,3.0,,,,,,,,,3.0,,,,,,,730,7.0,110,2.0,,,,,,,,,,,3.0,,1.0,,,,,,,6.0,2.0,,,,,,,,,22.0,10.0,,,,,,5128,488,,845,3.0,460.0,,,,,19.0,,38.0,,1.0,4.0,,16.0,1.0,1753,2.0,2366,4.0,644.0,3.0,,,,,,,,241.0,2.0,390.0,,31.0,,,16.0,53.0,4.0,,,,3.0,,31.0,52.0,10.0,,4.0,4.0,,29.0,11.0,3.0,,,,,,,11.0,,27.0,,3.0,,,,,,,,1.0,,65.0,,,,,,,,1.0,,1.0,,,,,,,,6.0,,,,1477,56
_1_km_monthly_VI_Quality_2003001_aid0001,aid0001,2003-01-01 00:00:00+00:00,10826,22681,7028,25132,1059.0,13281.0,,2571096,27.0,78573,62.0,4136.0,18.0,,553428,62.0,88575,416.0,2079.0,69.0,,104138,841.0,70010,2449.0,669.0,180.0,,4175,3966,5465,7899,1021.0,6221.0,,23017,36.0,7607,126.0,1696.0,89.0,,18761,124.0,9194,248.0,2456.0,136.0,,16984,697,8178,1053,940.0,303.0,,1468,3245,1578.0,947.0,743.0,32.0,1724.0,4063.0,100.0,7427,5902,182.0,908,1561,788.0,212.0,208.0,85.0,442.0,662.0,231.0,914,919,305.0,259,2275,247,1045,,64.0,,251713,156.0,42561,433.0,90.0,,,19.0,,,,,,10148,66,2983,79,58.0,53.0,,185,98,7.0,1031,1785,2.0,,,,148,106,6.0,411,1595,240,428,,35.0,,18982,21.0,3286,84.0,33.0,,,3.0,,,,72,,32,,1.0,,,2100,67.0,523,31.0,18.0,4.0,,,,,,,,12.0,,9.0,,,,,174,106,1.0,144,212,2.0,,,7.0,,,79.0,81.0,,,,,4713,5453,15123,6880,16266.0,2186.0,,,,,,75.0,,293.0,2.0,34.0,,4591,10.0,7617,34.0,6247.0,68.0,,,,,,97.0,1.0,206.0,1.0,66.0,,,348,1316,1506.0,,2.0,7.0,,2.0,204,505,628.0,,,6.0,19.0,,130.0,58.0,597.0,137.0,180.0,16.0,,,,,75.0,,148.0,,70.0,,,8.0,23.0,17.0,,,6.0,4.0,6.0,16.0,69.0,9.0,8.0,,6.0,,,,,,30.0,2.0,10.0,1.0,,,,,,,10.0,,1.0,2.0,14.0,4.0,,,1.0,,365,273.0,451,483.0,73.0,433.0,,2011,8.0,453,2.0,43.0,,,1773,4.0,787,5.0,53.0,,,888,31.0,951,20.0,69.0,9.0,,6.0,24.0,1130,989,893,1400.0,168.0,1063.0,,73,,3416,28.0,936,27.0,101.0,11.0,,40,,4731,35.0,1857,26.0,221.0,11.0,,22.0,2.0,2338,306,1737,290.0,209.0,86.0,,86.0,86.0,45.0,23.0,6.0,1.0,52.0,22.0,8.0,107.0,77.0,6.0,1.0,11.0,152,191.0,68.0,,,56.0,27.0,20.0,,13.0,278.0,117.0,36.0,1.0,9.0,480,461.0,66.0,1.0,4.0,6.0,,,3.0,677,4.0,315,15.0,3.0,,,,,,,1.0,1274,15.0,337,14.0,4.0,6.0,,5.0,,,,,,,22.0,24.0,,1.0,,,40.0,20,,,,,34,,6.0,2.0,,,,132,,90,,,,,,13.0,,,,3.0,,3.0,,,,,984,24.0,122,8.0,,,,,,,,,,,17.0,,12.0,,,,1.0,1.0,,3.0,2.0,,1.0,,,,,,,39.0,27.0,,,1.0,,,5925,669,,1006,,794.0,2.0,,,,12.0,,34.0,,9.0,4.0,,40.0,1.0,2545,,2348,1.0,1040.0,8.0,,,,,,1.0,,244.0,,188.0,,68.0,,,23.0,48.0,50.0,,1.0,,5.0,4.0,50.0,58.0,64.0,,2.0,8.0,2.0,70.0,2.0,7.0,,5.0,,,,,23.0,,23.0,,3.0,,,,,,,1.0,2.0,1.0,60.0,5.0,,,,,3.0,5.0,1.0,,,,,,,,3.0,,5.0,,,2.0,1237,64
_1_km_monthly_VI_Quality_2003032_aid0001,aid0001,2003-02-01 00:00:00+00:00,5067,33557,5092,23319,,,2558.0,3291164,8.0,35700,1.0,,,4364.0,125498,36.0,18698,11.0,,,1611.0,5706,69.0,9047,73.0,,,496.0,1918,8521,1464,4627,,,874.0,16300,31.0,1600,4.0,,,1951.0,12924,31.0,3945,10.0,,,1544.0,5627,95,3014,106,,,362.0,4120,3032,,206.0,3.0,,79.0,48.0,,184,196,,646,533,,136.0,12.0,,126.0,36.0,,232,142,,202,1261,161,595,,,5.0,265351,3.0,21867,26.0,,,910.0,,,,,,,5371,23,1561,65,,,761.0,81,114,,22,237,,,,,33,50,,310,1451,88,455,,,60.0,22158,,3386,32.0,,,176.0,1.0,,,,57,,10,,,,3.0,877,3.0,342,2.0,,,328.0,,,,,,,9.0,,6.0,,,,1.0,41,28,,19,123,,,,,2.0,,3.0,17.0,,1.0,,,64315,11873,57822,6611,,,,,2.0,7.0,,499.0,,831.0,,,,20036,35.0,11495,17.0,,,,,,,,153.0,,111.0,,,,5.0,1756,1006,,,1.0,3.0,,2.0,420,193,,,,1.0,1.0,,341.0,150.0,1127.0,242.0,,,,,,,152.0,,165.0,,,,,8.0,,,,,,,,27.0,229.0,2.0,39.0,,,,,,,,100.0,1.0,1.0,,,,,,,,12.0,2.0,,,3.0,,,,,,243,770.0,168,276.0,,,206.0,1125,,260,2.0,,,38.0,614,,340,,,,29.0,277,5.0,357,2.0,,,30.0,3.0,70.0,463,1484,272,586.0,,,314.0,33,,1322,,136,,,,156.0,31,,1995,5.0,574,2.0,,,179.0,4.0,,1190,37,756,26.0,,,73.0,139.0,52.0,,2.0,,,1.0,1.0,,13.0,16.0,,3.0,14.0,104,58.0,,,,34.0,,,,,51.0,16.0,,2.0,,104,67.0,,3.0,1.0,,,,,227,,181,1.0,,,42.0,,,,,,530,8.0,152,2.0,,,142.0,,,,,,,,2.0,6.0,,,,,5.0,14,,,,,11,,18.0,,,,6.0,53,,119,3.0,,,14.0,,,,,,5.0,,2.0,,,2.0,,448,,110,,,,156.0,,,,,,,,5.0,,1.0,,,,,1.0,,,2.0,,,,,,,,,1.0,3.0,,,,,,5775,4874,1.0,1227,,,,,,,45.0,,41.0,,,5.0,,245.0,4.0,6606,16.0,1767,2.0,,,,,,,,,1.0,140.0,,81.0,,,,,119.0,21.0,,,,,2.0,3.0,188.0,47.0,,,2.0,6.0,,2324.0,17.0,6.0,,,,,,1.0,34.0,,20.0,,,,,,,,,,,,44.0,,,,,,,,2.0,,,,,,,,,,,,,,1028,64
_1_km_monthly_VI_Quality_2003060_aid0001,aid0001,2003-03-01 00:00:00+00:00,25225,27939,12362,19858,,,,3143900,1.0,26959,,,,,268691,2.0,26810,,,,,11299,24.0,6249,20.0,,,,4733,5384,2586,4187,,,,21616,,2583,,,,,19007,18.0,3675,1.0,,,,8413,138,2643,87,,,,1880,2011,,15.0,2.0,,20.0,5.0,,133,86,,565,391,,12.0,2.0,,43.0,,,268,79,,337,1095,138,593,,,,267769,,25951,18.0,,,,,,,,,,7954,18,2315,40,,,,85,54,,15,160,,,,,12,31,,558,1057,127,283,,,,22663,1.0,3570,36.0,,,,6.0,,,,31,,10,,,,,1622,15.0,750,4.0,,,,,,,,,,7.0,,8.0,,,,,25,24,,8,82,,,,,,,3.0,4.0,,,,,58032,6278,78525,3518,,,,,22.0,2.0,,492.0,,308.0,,,,13939,15.0,7694,8.0,,,,,5.0,,,131.0,,31.0,,,,2.0,1072,815,,,2.0,,,,427,137,,,,,,,340.0,45.0,1402.0,244.0,,,,,,,98.0,,173.0,,,,,9.0,1.0,,,,1.0,12.0,,28.0,171.0,2.0,42.0,,,,,,,,121.0,1.0,3.0,,,,,,,,6.0,,,,6.0,1.0,,,,,217,302.0,62,159.0,,,,791,,93,,,,,463,,169,,,,,215,5.0,110,3.0,,,,8.0,51.0,502,1151,176,588.0,,,,23,,1122,,64,,,,,37,,1797,,384,,,,,3.0,,1289,43,549,28.0,,,,56.0,7.0,,,,,,,,5.0,2.0,,5.0,11.0,124,59.0,,,,2.0,,,,,6.0,1.0,,2.0,,91,28.0,,,,,,,,155,,186,,,,,,,,,,487,8.0,196,,,,,,,,,,,,1.0,6.0,,,,,6.0,8,,,,,10,7.0,4.0,,,,,58,,94,2.0,,,,,,,,,4.0,,2.0,,,3.0,2.0,480,15.0,187,,,,,,,,,,,,5.0,,6.0,,,,,,,,3.0,,,,,,,,,,3.0,,,,,,4965,1859,1.0,465,,,,,,,23.0,,7.0,,,7.0,,133.0,2.0,3584,8.0,957,1.0,,,,,,,,1.0,,100.0,,14.0,,,,,64.0,11.0,,,,,3.0,3.0,134.0,9.0,,,2.0,2.0,,251.0,8.0,,,,,,,,10.0,,11.0,,,,,,,,,,,,17.0,1.0,,,,,1.0,,,,,,,,,,,,,,,,386,65
_1_km_monthly_VI_Quality_2003091_aid0001,aid0001,2003-04-01 00:00:00+00:00,33823,13835,20712,9558,,,,3098151,3.0,151456,5.0,,,,176301,,46068,3.0,,,,11654,8.0,12490,2.0,,,,5398,1933,4109,2223,,,,23170,1.0,6816,7.0,,,,26289,1.0,15768,3.0,,,,7079,29,4790,19,,,,828,1294,,14.0,9.0,,7.0,10.0,,18,22,,500,534,,3.0,1.0,,14.0,4.0,,45,50,,434,1276,257,530,,,,244293,7.0,44402,14.0,,,,,,,,,,10217,20,4470,11,,,,70,71,,4,97,,,,,5,25,,595,732,300,215,,,,19241,1.0,5793,1.0,,,,4.0,,,,12,,29,,,,,2250,7.0,899,2.0,,,,6.0,,,10.0,,,4.0,,7.0,,,,,46,13,,5,62,,,,,,,11.0,4.0,,,,,76933,3292,60417,1943,,,24.0,,142.0,,,53.0,,5.0,,,,7139,,3733,5.0,,,3.0,,2.0,,,11.0,,12.0,,,,,562,454,,1.0,4.0,,,,252,166,,,,,,,621.0,42.0,1146.0,99.0,,,,,,,54.0,,211.0,,,,,4.0,6.0,,,,1.0,6.0,,81.0,10.0,1.0,34.0,,,,,,,,48.0,1.0,35.0,,,,,,,,7.0,4.0,,,3.0,2.0,,,,,134,48.0,79,61.0,,,,694,,203,,,,,252,,161,,,,,77,,65,2.0,,,,3.0,20.0,469,414,316,254.0,,,,35,,1102,,271,,,,,20,,1301,,852,,,,,1.0,,728,16,316,11.0,,,,35.0,7.0,,,,,,,,,,,,6.0,83,58.0,,,,,1.0,,,,4.0,3.0,,,1.0,27,22.0,,3.0,,,,,,162,,291,1.0,,,,,,,2.0,,521,2.0,364,3.0,,,,,,,,,,,1.0,4.0,,,,,3.0,10,,,,,13,6.0,19.0,,,,,77,,154,,,,,,,,,,1.0,,3.0,,,5.0,,543,10.0,251,,,,,,,,,,,,4.0,,1.0,,,,,,,,2.0,,,,,,,,,11.0,1.0,,,,,,4897,643,,135,,,,,,,,,2.0,,,6.0,,53.0,,1201,1.0,437,,,,,,,,,,,2.0,,1.0,,,,,34.0,3.0,,,,,1.0,5.0,55.0,6.0,,,,,,1.0,,,,,,,,,10.0,,9.0,,,,,,,,,1.0,,,14.0,,,,,,,2.0,,1.0,,,,,,,,,1.0,,,,115,75
_1_km_monthly_VI_Quality_2003121_aid0001,aid0001,2003-05-01 00:00:00+00:00,29549,12392,23697,6191,,,,3036224,32.0,83863,75.0,,,,362652,24.0,36972,39.0,,,,7477,,6648,5.0,,,,7573,905,4161,567,,,,30333,14.0,4062,28.0,,,,43697,11.0,8558,74.0,,,,10234,161,2769,82,,,,806,713,,101.0,50.0,,185.0,42.0,,6,22,,448,360,,25.0,8.0,,77.0,25.0,,126,113,,698,2840,438,864,,,,236826,25.0,55020,54.0,,,,,,,,,,12256,99,3600,80,,,,190,102,,14,179,,,,,33,94,,845,945,258,121,,,,18685,3.0,5289,5.0,,,,3.0,,,,3,,13,,,,,2636,4.0,821,,,,,2.0,,,8.0,,,8.0,,5.0,,,,,46,15,,15,50,,,,,1.0,,10.0,13.0,,,,,43451,464,54937,466,,,9.0,14.0,4.0,7.0,,4.0,,,,,,1325,5.0,1442,2.0,,,,,1.0,,,,,,,,,,144,172,,2.0,,,,,58,52,,,,,,,430.0,7.0,488.0,7.0,,,,,,,11.0,,12.0,,,,,4.0,2.0,,,,4.0,,,44.0,11.0,,24.0,,,,,,,,31.0,,19.0,,,,,,,,,4.0,,,,,,,,,53,1.0,60,,,,,639,1.0,108,,,,,441,,153,2.0,,,,44,,29,,,,,1.0,2.0,429,102,342,102.0,,,,40,,1277,,158,6.0,,,,39,,2773,5.0,637,11.0,,,,1.0,,1364,57,558,72.0,,,,4.0,1.0,,1.0,,,4.0,,,,,,,,55,64.0,,,,8.0,3.0,,,2.0,20.0,5.0,,,,58,59.0,,,,2.0,3.0,,,244,2.0,382,4.0,,,,,,,3.0,,835,14.0,562,32.0,,,,1.0,,,,,,,,8.0,,,,,6.0,19,,,,,35,2.0,29.0,,,,,75,,192,,,,,,,,,,,,2.0,,,2.0,,507,4.0,272,,,,,,,,2.0,,,,,,2.0,,,,,,,1.0,2.0,,,,,,,,,8.0,2.0,,,,,,4906,45,,37,,,,,,,,,,,,,,1.0,,83,,74,,,,,,,,,,,1.0,,,,,,,4.0,1.0,,,,,,,3.0,13.0,,,,,,2.0,,,,,,,,,,,3.0,,,,,,,,,,,,2.0,,,,,,,6.0,,1.0,,,,,,,,,,,,,71,60
_1_km_monthly_VI_Quality_2003152_aid0001,aid0001,2003-06-01 00:00:00+00:00,21491,54190,20958,20573,,,,2022856,12322.0,160778,14498.0,,,,366913,4250.0,67101,6457.0,,,,13306,758.0,7180,1346.0,,,,12831,435,9006,327,,,,156964,3135.0,19378,4165.0,,,,197221,11202.0,40489,15494.0,,,,56568,18195,12461,14204,,,,5471,3319,,33813.0,21906.0,,22129.0,12271.0,,2377,995,,325,416,,26655.0,11244.0,,56825.0,26310.0,,34014,9883,,438,16785,719,7615,,,,168402,1120.0,37616,2809.0,,,,,,,,,,28201,461,9206,695,,,,1838,924,,1911,2826,,,,,1674,1547,,1108,3007,390,789,,,,13484,60.0,3283,39.0,,,,8.0,1.0,,,20,,13,,,,,3825,73.0,1066,51.0,,,,1.0,3.0,,10.0,6.0,,18.0,,17.0,,,,,313,138,,142,196,,,,,2.0,,288.0,145.0,,,,,13082,192,19500,225,,,,,2.0,5.0,,11.0,,14.0,,,,859,,882,1.0,,,,,,,,3.0,,,,,,,56,91,,,,,,,24,25,,1.0,,,,,37.0,,76.0,,,,,,,,,,1.0,,,,,,1.0,,,,,,,1.0,,,3.0,,,,,,,,,,,,,,,,,,,,,,,,,,,,93,4.0,86,,,,,3127,79.0,558,163.0,,,,3192,249.0,1517,473.0,,,,539,141.0,397,241.0,,,,11.0,,563,94,522,118.0,,,,411,11.0,11172,509.0,1062,625.0,,,,508,39.0,32318,3809.0,6967,5116.0,,,,92.0,22.0,18325,13364,6988,18473.0,,,,,6.0,,657.0,503.0,,1069.0,689.0,,316.0,239.0,,,,92,153.0,,,121.0,3483.0,964.0,,12.0,212.0,15021.0,6307.0,,1.0,75.0,17340,8800.0,,1.0,,9.0,2.0,,,766,21.0,735,75.0,,,,,,,4.0,,3403,91.0,1790,217.0,,,,7.0,,,,,1.0,,84.0,105.0,,,,,478.0,342,,,,,38,2.0,18.0,,,,,151,,188,3.0,,,,,,,,,1.0,,4.0,,,1.0,,1287,44.0,430,28.0,,,,,1.0,,,,,,8.0,,11.0,2.0,,,,,,17.0,23.0,,,,,,,,,127.0,127.0,,,,2.0,,4975,41,,18,,,,,,,,,,,,4.0,,4.0,,37,,22,,,,,,,1.0,,,,2.0,,,,,,,,,,,,,,,1.0,7.0,,,,,,5.0,,,,,,,,,1.0,,1.0,,,,,,,,,,1.0,,8.0,,,,,,,,,,,,,,,,,,,,,,159,60
_1_km_monthly_VI_Quality_2003182_aid0001,aid0001,2003-07-01 00:00:00+00:00,9452,192676,11132,75766,,,,807249,13304.0,177986,14127.0,,,,209526,6585.0,54959,11540.0,,,,15090,2114.0,14809,3122.0,,,,9076,333,9028,537,,,,317987,6495.0,30754,3875.0,,,,391797,20650.0,69417,21780.0,,,,132956,41343,40469,40156,,,,26203,11270,,65957.0,56848.0,,39805.0,33838.0,,3703,9202,,263,313,,34306.0,10039.0,,96528.0,43578.0,,76540,40022,,333,54734,254,32247,,,,69067,1551.0,34531,1706.0,,,,,,,,,,41602,1048,13082,1096,,,,5768,3114,,2792,3361,,,,,2398,1246,,1503,6944,438,2722,,,,4287,37.0,1759,33.0,,,,6.0,3.0,,,12,,48,,,,,4472,282.0,773,79.0,,,,5.0,,,10.0,,,23.0,,14.0,,,,,984,473,,238,222,,,,,,,507.0,134.0,,1.0,1.0,,7161,354,5087,614,,,,,2.0,1.0,,50.0,,40.0,,,,1447,,1156,,,,,,,6.0,,19.0,,12.0,,,,,38,83,,,,,,,9,29,,,,,,,3.0,,2.0,1.0,,,,,,,,,1.0,,,,,,,,,,,,,,,,3.0,,,,,,,,,,,,,,,,,,,,,,,,,,,,67,18.0,124,15.0,,,,9681,362.0,3711,400.0,,,,7634,508.0,3308,775.0,,,,1634,354.0,1992,752.0,,,,5.0,2.0,783,318,611,591.0,,,,1436,50.0,48593,1336.0,5110,696.0,,,,1350,83.0,107293,6922.0,20046,7311.0,,,,208.0,61.0,58702,31634,29684,47672.0,,,,9.0,54.0,,1814.0,923.0,,2641.0,1836.0,,525.0,1459.0,,,1.0,164,256.0,,2.0,230.0,6108.0,1840.0,,7.0,465.0,32973.0,13881.0,,12.0,123.0,42014,33933.0,,22.0,,21.0,2.0,,,1525,58.0,925,102.0,,,,,,,3.0,,9217,384.0,3673,463.0,,,,32.0,4.0,3.0,,,1.0,,162.0,143.0,,,,,1022.0,745,,,3.0,2.0,31,1.0,15.0,,,,,165,1.0,92,7.0,,,,,,,,,1.0,,11.0,,,6.0,,2023,179.0,567,93.0,,,,,,,,,,,3.0,,26.0,6.0,,,1.0,3.0,,24.0,23.0,,,,,,,,,341.0,190.0,,,1.0,12.0,,4937,36,,21,,,,,,,2.0,,6.0,,,2.0,,5.0,,63,,22,,,,,,,,,,,5.0,,4.0,,,,,,,,,,,,,3.0,11.0,,,,10.0,,15.0,,,,,,,,,7.0,,,,,,,,,,,,,,10.0,,,,,,,,,,,,,,,,,,,,,,184,66
_1_km_monthly_VI_Quality_2003213_aid0001,aid0001,2003-08-01 00:00:00+00:00,4372,147803,8774,67917,,,,817687,4882.0,145157,5586.0,,,,285206,2767.0,117168,5299.0,,,,18597,1278.0,19870,1384.0,,,,10819,438,11898,564,,,,242146,3043.0,38415,1949.0,,,,560478,10841.0,131153,13721.0,,,,199717,22864,76718,23828,,,,19513,10667,,15578.0,20719.0,,16468.0,21337.0,,2330,3637,,290,449,,11299.0,7648.0,,49617.0,37902.0,,52946,37077,,138,47407,402,34117,,,,65106,676.0,49044,1031.0,,,,,,,,,,39848,610,23962,682,,,,2973,2303,,870,2165,,,,,1019,1100,,683,6588,889,3715,,,,3636,20.0,2421,15.0,,,,4.0,5.0,,,12,,58,,,,,3877,100.0,1253,30.0,,,,15.0,,,26.0,2.0,,15.0,,18.0,1.0,,,,789,494,,84,208,,,,,,,270.0,137.0,,2.0,1.0,,2658,692,4335,556,,,,,3.0,1.0,,85.0,,21.0,,,,1379,,1842,4.0,,,,,14.0,12.0,,96.0,,24.0,,,,,26,60,,,,,,,25,42,,,,1.0,,,1.0,,4.0,,,,,,,,1.0,,1.0,,,,,,,,,,,,,,,,,,,,,,,,,,,,,,,,,,,,,,,,,,,,73,7.0,97,32.0,,,,7112,67.0,1353,88.0,,,,11810,214.0,3823,325.0,,,,2134,163.0,1829,411.0,,,,7.0,,877,263,658,344.0,,,,980,3.0,29182,376.0,2266,264.0,,,,2100,33.0,136354,3391.0,26727,4701.0,,,,281.0,23.0,83775,19925,41182,28120.0,,,,17.0,36.0,,908.0,367.0,,1942.0,1180.0,,512.0,700.0,,,3.0,217,246.0,,1.0,121.0,3081.0,1017.0,,5.0,389.0,24576.0,12130.0,,8.0,88.0,44132,33406.0,,18.0,4.0,35.0,4.0,,,1762,20.0,1388,48.0,,,,,,,5.0,1.0,9343,195.0,6038,336.0,,,,18.0,,3.0,,1.0,,,66.0,167.0,,,,1.0,581.0,784,,,,1.0,49,8.0,22.0,,,,,188,3.0,144,2.0,,,,,,,,,,,4.0,,,3.0,,1897,115.0,683,36.0,,,,,,,2.0,,,,13.0,,13.0,9.0,,,1.0,1.0,,16.0,18.0,,,,,,,1.0,,242.0,136.0,,,1.0,2.0,,4977,33,,19,,,,,,,9.0,,2.0,,,4.0,,3.0,,100,,47,,,,,,,2.0,,1.0,3.0,35.0,,10.0,,,,,3.0,1.0,,,,,,1.0,9.0,9.0,,2.0,,1.0,,549.0,,,,,,,,,,,1.0,,,,,,,,,,,,7.0,,,,,,,,,1.0,,,,,,,,,,,,,115,61
_1_km_monthly_VI_Quality_2003244_aid0001,aid0001,2003-09-01 00:00:00+00:00,5750,22184,8500,12168,,,,1982089,1131.0,280967,448.0,,,,308352,478.0,108390,1413.0,,,,13759,107.0,13767,403.0,,,,7587,72,8571,169,,,,181298,73.0,33647,69.0,,,,347875,1086.0,82236,1891.0,,,,87813,2226,40391,3422,,,,2629,1781,,3243.0,1709.0,,6092.0,5110.0,,736,988,,69,82,,1745.0,802.0,,13609.0,6000.0,,10835,7636,,158,7666,310,4700,,,,170596,376.0,77908,387.0,,,,,,,,,,27790,71,12171,72,,,,705,486,,336,425,,,,,188,210,,1938,2646,507,1321,,,1.0,12360,7.0,4683,5.0,,,,11.0,4.0,,,16,,42,,,,,2513,13.0,771,5.0,,,,25.0,,,7.0,,,7.0,,2.0,,,,,274,149,,43,92,,,,,,,72.0,34.0,,,,,4297,809,10244,432,,,,,2.0,,,47.0,,9.0,,,,1679,,2243,17.0,,,,,11.0,,,114.0,,25.0,,,,,42,158,,,,,,,38,49,,,,1.0,,,1.0,,7.0,1.0,,,,,,,1.0,,2.0,,,,,,,,,,,,,,,,,,,,,,,,,,,,,,,,,,,,,,,,,,,,92,1.0,29,1.0,,,,8124,10.0,2250,6.0,,,,6721,45.0,1835,38.0,,,,1099,21.0,672,66.0,,,,5.0,,509,16,260,34.0,,,,988,1.0,18758,38.0,3158,25.0,,,,1022,12.0,61769,458.0,9888,759.0,,,,82.0,6.0,27066,2778,10429,4487.0,,,,6.0,,,203.0,52.0,,949.0,367.0,,299.0,244.0,,,,39,38.0,,,32.0,627.0,113.0,,1.0,137.0,7022.0,2226.0,,1.0,38.0,11514,6550.0,,12.0,,23.0,,,,1560,6.0,1020,7.0,,,,,,,,,4396,36.0,1962,73.0,,,,19.0,,6.0,,1.0,5.0,,36.0,39.0,,,,,225.0,205,,,,,125,,35.0,,,,,268,,162,,,,,,,,,,2.0,,,,,7.0,,1081,19.0,337,8.0,,,,,,,3.0,,,,20.0,,9.0,,,,2.0,,,8.0,9.0,,,,,,,,,95.0,34.0,,,1.0,,,4994,54,,25,,,,,,,9.0,,,,,4.0,,11.0,,166,,40,,,,,,,3.0,,,,75.0,,10.0,,,,,1.0,,,,,,,,8.0,2.0,,,1.0,,,1987.0,,,,,,,,,3.0,,1.0,1.0,,,,,,,,,1.0,,19.0,,,,,,,,,1.0,,,,,,,,,,,,,329,59
_1_km_monthly_VI_Quality_2003274_aid0001,aid0001,2003-10-01 00:00:00+00:00,13636,10963,16993,6883,,,,2760838,566.0,204537,463.0,,,,422263,41.0,68428,115.0,,,,15921,4.0,15894,15.0,,,,7971,106,7878,196,,,,82435,7.0,14020,6.0,,,,53588,4.0,19717,6.0,,,,7049,73,4670,78,,,,993,1144,,264.0,368.0,,130.0,240.0,,34,154,,89,88,,6.0,6.0,,53.0,87.0,,223,204,,279,2186,221,1322,,,,240757,250.0,61239,383.0,,,,,,,,,,10987,27,3587,34,,,,124,102,,237,483,,,,,35,66,,1511,767,185,311,,,,18136,8.0,4164,5.0,,,,27.0,4.0,,,15,,21,,,,,1660,2.0,500,2.0,,,,32.0,,,2.0,,,3.0,,2.0,,,,,89,32,,14,88,,,,,,,10.0,10.0,,,,,13165,1545,23701,1004,,,,,,,,71.0,,32.0,,,,2853,,3764,22.0,,,,,,,,68.0,,15.0,,,,,271,604,,,,1.0,,,57,78,,,,1.0,,,108.0,2.0,188.0,2.0,,,,,,,19.0,,23.0,,,,,1.0,3.0,,,,2.0,,,2.0,3.0,,,,,,,,,,1.0,,,,,,,,,,1.0,,,,,,,,,,178,1.0,81,,,,,4709,,1504,,,,,1145,,534,,,,,263,,353,,,,,12.0,,466,16,209,3.0,,,,400,,8309,,2055,,,,,82,,6714,6.0,2388,6.0,,,,6.0,,1483,105,749,56.0,,,,2.0,,,,4.0,,1.0,18.0,,9.0,4.0,,,,15,4.0,,,,7.0,3.0,,,1.0,71.0,40.0,,,,197,77.0,,5.0,,2.0,,,,631,5.0,408,2.0,,,,,,,,,1389,7.0,501,8.0,,,,2.0,,1.0,,,,,9.0,11.0,,,,,16.0,15,,,,,79,,20.0,,,,,211,,82,2.0,,,,,,,,,,,10.0,,,2.0,,800,,210,6.0,,,,,,,,,,,3.0,,6.0,,,,1.0,2.0,,,2.0,,,,,,,,,13.0,9.0,,,,,,5803,171,,121,,,,,,,3.0,,2.0,,,4.0,,16.0,,354,,128,,,,,,,,,,,106.0,,11.0,2.0,,,,1.0,3.0,,,,,,,2.0,2.0,,,,,,4498.0,,,,,,,,,2.0,,,,,,,,,,,,,,358.0,,,,,,,,,,,,,,,,,,,,,,2027,62
_1_km_monthly_VI_Quality_2003305_aid0001,aid0001,2003-11-01 00:00:00+00:00,7291,7677,10541,6921,88.0,580.0,,3109618,23.0,130528,5.0,56.0,,,309600,15.0,34170,11.0,47.0,1.0,,3027,18.0,4316,18.0,42.0,2.0,,8193,837,7772,1176,124.0,210.0,,39923,13.0,7138,3.0,33.0,,,31064,35.0,15294,13.0,99.0,2.0,,4797,97,3627,64,13.0,6.0,,872,1005,79.0,124.0,129.0,,176.0,978.0,5.0,39,102,7.0,490,455,26.0,57.0,5.0,,220.0,154.0,11.0,247,138,,163,1843,328,927,,9.0,,262622,1.0,28315,18.0,,,,,,,,,,7729,10,4108,18,,,,185,122,,86,616,,,,,78,99,,412,1246,72,450,,4.0,,20443,,3380,22.0,,,,13.0,6.0,,,40,,20,,,,,1377,5.0,465,1.0,,,,31.0,,,5.0,,,4.0,,20.0,,,,,44,38,1.0,19,152,,,,,,,5.0,20.0,,,,,11143,4269,18516,4532,1181.0,163.0,,,,,,38.0,,128.0,,1.0,,5463,6.0,7387,21.0,678.0,7.0,,,,,,57.0,,108.0,1.0,13.0,,,405,925,78.0,,,2.0,,1.0,178,160,39.0,,,1.0,11.0,1.0,107.0,17.0,268.0,17.0,1.0,,,,,,53.0,1.0,101.0,,5.0,,,1.0,19.0,,,,,4.0,,1.0,26.0,,7.0,,,,,,,,5.0,,,1.0,,,,,,,11.0,1.0,,,,,,,,,472,54.0,363,47.0,34.0,15.0,,4112,3.0,985,,1.0,,,847,5.0,474,2.0,6.0,,,308,10.0,299,5.0,33.0,,,30.0,3.0,989,113,541,89.0,20.0,15.0,,230,,5191,6.0,763,,4.0,,,61,,4712,27.0,1200,1.0,16.0,,,3.0,,1405,104,603,63.0,3.0,,,45.0,28.0,3.0,3.0,1.0,,18.0,7.0,,10.0,9.0,1.0,,,83,25.0,2.0,,,19.0,3.0,,,2.0,122.0,19.0,,,,223,78.0,,,,1.0,,,,500,,372,4.0,,,,,,,1.0,,1111,3.0,339,5.0,,,,3.0,,1.0,,1.0,,,1.0,9.0,,,,,22.0,27,,,,,31,,7.0,,,,,127,,88,,,,,,,,,,1.0,,,,,3.0,,629,,199,,,,,,,,,,,,1.0,,9.0,,,,,1.0,,,4.0,,,,,,,,,5.0,9.0,,,,,,5870,625,,482,,59.0,,,,,6.0,,11.0,,,6.0,,33.0,,1415,2.0,1016,,92.0,,,,,,,,,145.0,,130.0,1.0,1.0,,,14.0,10.0,4.0,,,,4.0,5.0,14.0,14.0,1.0,,5.0,8.0,,4223.0,,4.0,,4.0,,,,,10.0,,16.0,,1.0,,,,,,,,,,242.0,,,,,,,2.0,1.0,,,,,,,,,,,,,,2198,71
_1_km_monthly_VI_Quality_2003335_aid0001,aid0001,2003-12-01 00:00:00+00:00,3497,15462,5192,18647,404.0,6957.0,,3159040,24.0,74695,3.0,1885.0,,,285261,34.0,15575,23.0,1509.0,11.0,,11416,124.0,6965,341.0,422.0,45.0,,4322,2224,4488,5637,576.0,3539.0,,24438,25.0,5326,18.0,882.0,9.0,,16348,44.0,7657,33.0,2087.0,26.0,,5967,901,5520,802,711.0,220.0,,1455,1964,508.0,315.0,46.0,15.0,1434.0,177.0,63.0,1359,791,69.0,684,605,294.0,105.0,43.0,24.0,263.0,173.0,158.0,1636,933,206.0,190,1950,72,1563,,53.0,,263139,17.0,17950,111.0,70.0,4.0,,9.0,,,,,,7693,33,3395,78,17.0,16.0,,187,175,1.0,565,766,10.0,,,,81,203,4.0,299,1423,98,871,,54.0,,19919,9.0,2832,29.0,11.0,2.0,,10.0,7.0,,,103,,48,,,,,1352,11.0,539,19.0,4.0,,,32.0,,,9.0,,,20.0,,20.0,,,,,233,204,3.0,81,150,2.0,,,4.0,1.0,,24.0,74.0,,2.0,1.0,,9667,5401,15941,11564,7766.0,2300.0,,,,,,92.0,,176.0,,12.0,,7966,3.0,11501,21.0,4981.0,41.0,,,,,,119.0,,283.0,1.0,75.0,,1.0,495,1118,673.0,,,,,,209,308,239.0,,,2.0,9.0,6.0,158.0,41.0,192.0,165.0,113.0,35.0,,,,,91.0,1.0,170.0,,78.0,,,5.0,22.0,12.0,,,3.0,2.0,,,206.0,25.0,18.0,,21.0,,,1.0,,,37.0,,34.0,,23.0,,,,,2.0,17.0,,4.0,,,2.0,4.0,,,,585,153.0,481,316.0,89.0,189.0,,3263,11.0,989,1.0,25.0,,,1451,7.0,782,8.0,66.0,,,652,12.0,678,14.0,82.0,4.0,,5.0,10.0,1154,607,761,1196.0,98.0,598.0,,144,,5519,8.0,734,4.0,35.0,,,79,,5946,22.0,1795,15.0,190.0,3.0,,20.0,,3212,742,2112,529.0,338.0,112.0,,109.0,55.0,23.0,20.0,7.0,,19.0,16.0,1.0,45.0,27.0,21.0,1.0,6.0,178,99.0,42.0,,,55.0,5.0,3.0,,1.0,189.0,81.0,7.0,,9.0,823,635.0,147.0,10.0,1.0,1.0,1.0,,,475,5.0,335,9.0,,,,,,,1.0,,1134,2.0,372,25.0,,14.0,,1.0,,,,,,,12.0,17.0,,,,,18.0,53,,,,,15,,8.0,,,,,103,,58,3.0,,,,,,,,,15.0,,,,,,,748,11.0,188,20.0,1.0,,,,,,,,,,11.0,1.0,13.0,,,,,,,2.0,11.0,,,,,,,,,29.0,18.0,,,2.0,3.0,,5069,1418,,1417,,451.0,2.0,,,,18.0,,41.0,,10.0,2.0,,70.0,3.0,3385,2.0,3747,5.0,1104.0,5.0,,,,,,,,377.0,2.0,416.0,,124.0,,,55.0,45.0,15.0,,2.0,,,3.0,60.0,95.0,33.0,,11.0,15.0,2.0,3712.0,5.0,10.0,,4.0,,,,,17.0,,42.0,,14.0,,,,,,,1.0,,2.0,144.0,,,1.0,,,,2.0,,,,,,,,,,,,,,,1178,57
_1_km_monthly_VI_Quality_2004001_aid0001,aid0001,2004-01-01 00:00:00+00:00,3245,16519,3944,23837,959.0,9224.0,,2708735,19.0,172633,34.0,3342.0,11.0,,389856,16.0,55235,17.0,476.0,21.0,,62762,153.0,64547,323.0,315.0,72.0,,1876,5132,2126,9128,266.0,3557.0,,11919,51.0,3914,96.0,504.0,90.0,,10537,55.0,4217,61.0,553.0,47.0,,5980,425,6610,583,522.0,212.0,,1581,1786,978.0,312.0,87.0,25.0,764.0,205.0,36.0,1352,577,37.0,484,657,162.0,160.0,131.0,43.0,199.0,105.0,54.0,447,449,113.0,137,1779,97,1035,,66.0,,251573,40.0,71401,192.0,74.0,,,158.0,,,,,,7258,41,3181,96,76.0,26.0,,147,114,16.0,384,497,3.0,,,,64,112,,366,1739,49,580,,24.0,,17529,13.0,4633,44.0,40.0,,,,,,,63,,15,,1.0,,,1381,27.0,647,13.0,8.0,4.0,,,,,,,,9.0,,1.0,,,,,224,87,,72,94,,,,4.0,,,43.0,26.0,2.0,2.0,,,23366,11860,39800,14538,27902.0,1602.0,,,,,,251.0,,230.0,,21.0,,11798,3.0,17952,44.0,7390.0,26.0,,,,,,173.0,,265.0,,39.0,,,911,1390,906.0,,,,,,287,377,242.0,,,6.0,5.0,,231.0,105.0,605.0,331.0,153.0,12.0,,,,,190.0,,345.0,,59.0,,,16.0,18.0,3.0,,,1.0,6.0,,3.0,175.0,20.0,50.0,,4.0,,,,,,35.0,5.0,26.0,1.0,2.0,,,1.0,,,11.0,,,,2.0,,1.0,,,,348,547.0,375,700.0,37.0,252.0,,1630,,470,,1.0,,,680,2.0,313,1.0,6.0,,,409,12.0,634,18.0,52.0,1.0,,2.0,57.0,685,1380,536,1562.0,63.0,312.0,,55,,2053,12.0,476,19.0,39.0,7.0,,23,,2757,22.0,842,14.0,74.0,4.0,,10.0,1.0,1653,147,1386,171.0,155.0,13.0,,94.0,82.0,22.0,7.0,,,6.0,6.0,,45.0,19.0,1.0,1.0,1.0,103,121.0,10.0,,,33.0,25.0,7.0,,,88.0,36.0,8.0,,9.0,181,194.0,21.0,3.0,,1.0,7.0,,,410,1.0,245,12.0,,,,,,,,,999,14.0,320,12.0,,,,,,,,,6.0,,10.0,11.0,,,,,22.0,27,,,,,17,1.0,11.0,,,,,101,3.0,74,4.0,,,,,,,,,4.0,,,,,2.0,,774,12.0,175,2.0,2.0,,,,,,,,,,38.0,,1.0,,,,3.0,,,,10.0,,,,,,,,,18.0,14.0,,,2.0,,,5950,3064,1.0,3071,3.0,1079.0,1.0,,,,55.0,,60.0,,6.0,2.0,,163.0,,7008,1.0,5599,5.0,1113.0,4.0,,,,,,1.0,1.0,255.0,,389.0,,42.0,,,64.0,38.0,30.0,,,,1.0,7.0,93.0,79.0,23.0,,3.0,3.0,3.0,6333.0,18.0,9.0,,5.0,,,,,65.0,1.0,56.0,,13.0,,,,,,,,,,171.0,,1.0,1.0,,,,,10.0,,,,,,,,,,1.0,,,,1334,63
_1_km_monthly_VI_Quality_2004032_aid0001,aid0001,2004-02-01 00:00:00+00:00,10144,15370,11409,19178,14.0,2019.0,,3139161,1.0,59899,3.0,14.0,1.0,,265445,8.0,29539,4.0,1.0,18.0,,6470,57.0,10818,89.0,,3.0,,2788,4014,3055,4762,5.0,954.0,,15401,12.0,1857,3.0,19.0,5.0,,10858,9.0,3337,5.0,18.0,4.0,,3708,107,2378,115,10.0,12.0,,2014,2778,32.0,19.0,13.0,9.0,13.0,20.0,1.0,152,228,,349,400,25.0,36.0,29.0,1.0,52.0,19.0,3.0,198,122,1.0,213,876,167,529,,7.0,,265348,3.0,33622,72.0,,,,6.0,,,,,,5628,15,1809,37,1.0,11.0,,59,59,3.0,59,288,,,,,18,44,,395,952,96,299,,9.0,,22035,6.0,3540,45.0,20.0,,,11.0,,,,44,,11,,,,,1434,2.0,444,2.0,1.0,2.0,,,,,,,,5.0,,,,,,,79,31,,82,210,,,,1.0,,,14.0,6.0,,,,,48275,8322,72910,7205,6332.0,154.0,,,6.0,5.0,,859.0,,1101.0,,,,13354,6.0,15613,28.0,1289.0,5.0,,,,,,240.0,,145.0,,5.0,,2.0,625,1574,104.0,,2.0,3.0,,,196,273,22.0,,,4.0,5.0,,350.0,79.0,1125.0,214.0,1.0,2.0,,,,,148.0,,372.0,,3.0,,,12.0,55.0,,,,1.0,6.0,,15.0,226.0,12.0,46.0,,4.0,,,,,,55.0,3.0,9.0,2.0,,,,,,,12.0,2.0,,,7.0,1.0,,,,,306,416.0,212,253.0,,47.0,,698,,87,,,,,477,1.0,195,,,,,394,13.0,457,8.0,,,,6.0,46.0,665,1050,367,679.0,2.0,60.0,,13,,915,,59,,1.0,,,18,,1847,4.0,346,3.0,6.0,,,3.0,,1515,53,598,50.0,1.0,1.0,,35.0,31.0,3.0,4.0,,,1.0,,,14.0,16.0,,1.0,3.0,71,37.0,,,,6.0,,,,,30.0,10.0,,,1.0,93,26.0,,,,2.0,,,,168,,142,,,,,,,,,,471,3.0,173,4.0,,,,,,,,,,,,4.0,,,,,10.0,4,,,,,3,1.0,12.0,,,,,53,,54,1.0,,,,,,,,,2.0,,,,,1.0,,413,4.0,76,1.0,,,,,,,,,,,37.0,,1.0,,,,,,,,1.0,,,,,,,,,,,,,2.0,,,5004,2234,,1279,3.0,144.0,,,,,32.0,,52.0,,,8.0,,127.0,,5680,3.0,2265,1.0,143.0,,,,,,1.0,,,272.0,,131.0,,1.0,,,34.0,10.0,,,2.0,,4.0,1.0,74.0,41.0,1.0,,4.0,4.0,,5037.0,10.0,14.0,,,,,,1.0,43.0,,36.0,,5.0,,,,,,,,1.0,,81.0,1.0,,,,,,,,,,,,,,,,,,,,,985,51
_1_km_monthly_VI_Quality_2004061_aid0001,aid0001,2004-03-01 00:00:00+00:00,24552,9918,23257,8401,,,,3261648,1.0,34294,,,,,210566,,33028,,,,,14564,16.0,11433,8.0,,,,5885,1339,4776,1660,,,,17075,2.0,1765,,,,,15505,,3890,1.0,,,,5277,12,1691,18,,,,710,1166,,2.0,,,1.0,3.0,,73,52,,330,267,,6.0,3.0,,1.0,4.0,,23,21,,212,681,170,385,,,,268558,3.0,24914,28.0,,,,,,,,,,4120,7,1157,11,,,,35,32,,19,206,,,,,4,10,,548,383,157,167,,,,23390,1.0,4305,77.0,,,,8.0,,,,22,,6,,,,,1345,4.0,387,,,,,3.0,,,5.0,,,1.0,,2.0,,,,,46,12,,54,233,,,,,,,9.0,4.0,,,,,58396,2590,58330,2217,,,,,2.0,6.0,,271.0,,217.0,,,,7337,4.0,7125,7.0,,,,,,,,90.0,,23.0,,,,,428,650,,,,2.0,,,111,107,,,,2.0,2.0,,593.0,28.0,1014.0,66.0,,,,,,,50.0,,137.0,,,,,4.0,52.0,,,,,,,106.0,20.0,11.0,21.0,,,,,,,,104.0,12.0,14.0,,,,,,,,9.0,4.0,,,17.0,3.0,,,,,125,46.0,110,27.0,,,,1613,,277,,,,,531,,260,,,,,239,,168,,,,,8.0,2.0,442,270,207,117.0,,,,56,,1323,,104,,,,,30,,1566,,337,,,,,6.0,,876,3,310,3.0,,,,17.0,1.0,,,,,,,,2.0,2.0,,,4.0,55,30.0,,,,,,,,,3.0,3.0,,,,13,13.0,,1.0,,1.0,1.0,,,150,,140,,,,,,,,,,294,1.0,122,2.0,,,,,,,,,,,,3.0,,,,,2.0,2,,,,,14,,1.0,,,,,72,,65,1.0,,,,,,,,,1.0,,4.0,,,2.0,,316,4.0,80,,,,,,,,,,,,3.0,,3.0,,,,1.0,,,,2.0,,,,,,,,,,1.0,,,,,,5041,655,,331,,,,,,,7.0,,5.0,,,6.0,,54.0,,1547,2.0,593,1.0,,,,,,,,,,106.0,,32.0,,,,,14.0,2.0,,,,,,3.0,17.0,8.0,,,,1.0,,2636.0,3.0,19.0,,,,,,,12.0,,6.0,,,,,,,,,,1.0,,26.0,,,,,,,1.0,,,,,,,,,,,1.0,,,,576,64
_1_km_monthly_VI_Quality_2004092_aid0001,aid0001,2004-04-01 00:00:00+00:00,31188,10796,21962,7536,,,,3318787,52.0,55712,37.0,,,,97970,12.0,21663,12.0,,,,12641,5.0,10219,3.0,,,,9164,540,5986,1173,,,,42831,,3197,1.0,,,,39288,3.0,8277,2.0,,,,12975,69,5921,150,,,,790,880,,4.0,2.0,,4.0,15.0,,16,17,,256,643,,,,,16.0,10.0,,127,137,,578,1255,228,590,,,,249674,18.0,25591,36.0,,,,,,,,,,11192,11,2934,89,,,,57,86,,9,117,,,,,7,81,,923,754,346,159,,,,21357,1.0,4082,1.0,,,,8.0,2.0,,,5,,12,,,,,2812,46.0,476,1.0,,,,8.0,,,8.0,,,2.0,,6.0,,,,,37,17,,6,28,,,,6.0,,,28.0,1.0,,,,,56479,689,54168,795,,,,,,,,14.0,,15.0,,,,3634,5.0,2655,7.0,,,,,,,,4.0,,1.0,,,,,293,323,,,,,,,101,116,,,,,,,526.0,8.0,763.0,12.0,,,,,,,32.0,,23.0,,,,,2.0,25.0,,,,1.0,6.0,,31.0,42.0,8.0,38.0,,,,,,,,61.0,9.0,6.0,3.0,,,,,,,27.0,6.0,,,18.0,9.0,,,,,56,6.0,83,4.0,,,,1350,,202,,,,,523,,181,,,,,93,,86,,,,,4.0,3.0,344,123,304,133.0,,,,146,,2411,,198,,,,,73,,2727,,911,1.0,,,,8.0,,1116,41,802,93.0,,,,3.0,1.0,,,,,,,,,,,,,56,58.0,,,,,,,,,36.0,1.0,,,,199,103.0,,1.0,3.0,2.0,,,,173,,288,2.0,,,,,,,,,444,7.0,287,20.0,,,,,,,,,,,,10.0,,,,,1.0,29,,,,,20,3.0,29.0,,,,,38,,115,,,,,,,,,,1.0,,,,,9.0,6.0,494,9.0,149,,,,,,,,,,,,2.0,,,,,,,,,,3.0,,,,,,,,,9.0,4.0,,,,,,4932,155,,71,,,,,,,,,,,,5.0,,12.0,,262,,116,,,,,,,,,,,8.0,,,,,,,1.0,,,,,,,,6.0,7.0,,,,,,1318.0,1.0,2.0,,,,,,,5.0,,1.0,,,,,,,,,2.0,,,13.0,,,,,,,1.0,,,,,,,,,,,3.0,,,,59,63
_1_km_monthly_VI_Quality_2004122_aid0001,aid0001,2004-05-01 00:00:00+00:00,28530,18012,26434,7759,,,,3024060,113.0,157166,13.0,,,,222774,42.0,46446,23.0,,,,10488,30.0,9881,6.0,,,,11460,304,7846,437,,,,52184,6.0,5953,10.0,,,,68794,45.0,18309,75.0,,,,16384,238,6606,312,,,,1044,576,,1141.0,531.0,,206.0,603.0,,17,73,,224,263,,42.0,174.0,,254.0,333.0,,398,422,,781,3004,651,1505,,,,223049,51.0,57868,111.0,,,,,,,,,,16306,38,4851,74,,,,232,159,,139,494,,,,,73,168,,959,866,366,163,,,,17941,7.0,5659,4.0,,,,7.0,,,,3,,34,,,,,3170,31.0,790,3.0,,,,4.0,,,9.0,1.0,,3.0,,10.0,,,,,29,18,,5,43,,,,6.0,,,16.0,3.0,,,,,32288,392,35751,604,,,,,,,,,,,,,,1868,,2726,10.0,,,,,,,,,,,,,,,86,178,,,,,,,38,35,,,,,,,201.0,5.0,304.0,,,,,,,,7.0,,4.0,,,,,1.0,5.0,,,,,3.0,,12.0,13.0,3.0,10.0,,,,,,,,15.0,3.0,6.0,1.0,,,,3.0,,,19.0,5.0,,,,9.0,,,,,63,,69,,,,,999,,371,,,,,720,2.0,274,5.0,,,,91,3.0,115,1.0,,,,3.0,,406,126,312,120.0,,,,102,,1679,,347,,,,,118,,5069,21.0,1487,16.0,,,,5.0,,2165,152,1154,284.0,,,,,,,3.0,15.0,,15.0,8.0,,3.0,10.0,,,,70,90.0,,,,17.0,4.0,,,1.0,142.0,49.0,,,,409,295.0,,3.0,,7.0,,,,225,1.0,434,11.0,,,,,,,2.0,,855,27.0,609,30.0,,,,,,,,,,,6.0,27.0,,,,,21.0,62,,,,,5,1.0,34.0,,,,,59,,105,,,,,,,,,,,,,,,2.0,,486,2.0,261,,,,,,,,,,,,1.0,,,,,,,,,,1.0,,,,,,,,,2.0,7.0,,,,,,4846,18,,18,,,,,,,,,,,,4.0,,3.0,,51,,33,,,,,,,,,,,2.0,,,,,,,,,,,,,,,5.0,1.0,,,,,,284.0,,,,,,,,,,,,,,,,,,,,,,,8.0,1.0,,,,,,,,,,,,,,,,,9.0,,,,24,53
_1_km_monthly_VI_Quality_2004153_aid0001,aid0001,2004-06-01 00:00:00+00:00,18008,54517,14197,25287,,,,1707262,4028.0,167705,2358.0,,,,722703,825.0,156287,1373.0,,,,31039,244.0,18796,442.0,,,,14356,233,10301,190,,,,141911,435.0,21431,380.0,,,,318987,1085.0,58449,1555.0,,,,147247,3321,24622,3706,,,,6034,3100,,2524.0,3071.0,,6798.0,10711.0,,578,2248,,99,151,,871.0,541.0,,3497.0,3611.0,,7239,5297,,683,10529,293,4514,,,,172716,319.0,45834,578.0,,,,,,,,,,35348,181,8267,162,,,,915,480,,545,2068,,,,,322,407,,567,2639,342,629,,,,12770,31.0,3545,32.0,,,,3.0,1.0,,,4,,53,,,,,5179,33.0,1028,14.0,,,,2.0,,,13.0,1.0,,15.0,1.0,12.0,,,,,271,103,,81,226,,,,,,,73.0,58.0,,,,,11649,477,18750,721,,,,,,,,6.0,,6.0,,,,2195,,2706,3.0,,,,,,,,2.0,,5.0,,,,,67,73,,,,,,,18,30,,,,,,,13.0,1.0,59.0,,,,,,,,1.0,,1.0,,,,,,1.0,,,,,,,,,,,,,,,,,,1.0,,,,,,,,,,,,,,,,,,,,48,,69,,,,,1502,34.0,414,36.0,,,,2760,33.0,1686,118.0,,,,683,20.0,670,64.0,,,,5.0,,431,46,292,120.0,,,,149,1.0,4417,89.0,805,80.0,,,,428,3.0,22732,474.0,7485,627.0,,,,101.0,6.0,20652,2430,9103,3863.0,,,,,3.0,,82.0,63.0,,176.0,340.0,,71.0,144.0,,,,40,56.0,,,8.0,170.0,92.0,,2.0,24.0,1387.0,1024.0,,,13.0,4302,4291.0,,,,2.0,5.0,,,762,9.0,737,21.0,,,,,,,5.0,,3082,21.0,1498,82.0,,,,6.0,,1.0,,,,,22.0,73.0,,,,,126.0,141,,,,,18,,15.0,,,,,175,2.0,186,,,,,,,,,,,,3.0,,,2.0,,1334,19.0,567,10.0,,,,,,,2.0,,,,4.0,,8.0,,,,,,,4.0,16.0,,,,,,,,,64.0,33.0,,,,2.0,,4953,19,,13,,,,,,,,,,,,2.0,,6.0,,29,,31,,,,,,,,,,,,,,,,,,,1.0,,,,,,,1.0,8.0,,,,,,12.0,,,,,,,,,,2.0,2.0,,,,,,,,,,,,5.0,,,,,,,,,,,,,,,,,,,,,,119,60
_1_km_monthly_VI_Quality_2004183_aid0001,aid0001,2004-07-01 00:00:00+00:00,11712,119457,7948,57510,,,,1198392,9358.0,123345,7535.0,,,,460902,8120.0,135669,14044.0,,,,29910,1935.0,11936,5306.0,,,,10850,415,7594,472,,,,161575,6350.0,26440,6446.0,,,,297245,22078.0,72695,22153.0,,,,124471,27002,26276,24066,,,,20637,9430,,31807.0,23948.0,,41355.0,39190.0,,5710,11582,,332,411,,37324.0,10635.0,,65562.0,31875.0,,39798,19843,,271,40702,165,23097,,,,104900,899.0,33200,1744.0,,,,,,,,,,35500,684,14508,806,,,,4116,2389,,2312,3534,,,,,1559,1286,,1273,6585,402,2337,,,,6471,50.0,1741,61.0,,,,12.0,2.0,,,18,,31,,,,,3852,167.0,1200,82.0,,,,9.0,,,29.0,4.0,,6.0,1.0,22.0,1.0,,,,890,503,,153,288,,,,,,,226.0,113.0,,,,,11047,447,5069,455,,,,,,,,19.0,,13.0,,,,1704,,971,,,,,,,,,16.0,,3.0,,,,,48,50,,,,,,,13,24,,,,,,,,2.0,,,,,,,,,3.0,,,,,,,,,,,,,,,,,,,,,,,,,,,,,,,,,,,,,,,,,,,,,,49,8.0,78,29.0,,,,5577,269.0,1728,500.0,,,,8960,705.0,2990,781.0,,,,2491,320.0,1231,512.0,,,,11.0,,574,224,380,330.0,,,,649,26.0,19018,1835.0,5052,1295.0,,,,1385,114.0,74481,10657.0,21608,9009.0,,,,343.0,41.0,56622,23327,19133,28870.0,,,,4.0,101.0,,1387.0,819.0,,2135.0,1580.0,,719.0,727.0,,,,157,279.0,,6.0,223.0,8832.0,2024.0,,15.0,358.0,31499.0,12307.0,,4.0,93.0,31151,19553.0,,13.0,,18.0,7.0,,,1496,56.0,1306,106.0,,,,,,,8.0,,6888,232.0,4262,431.0,,,,23.0,,7.0,2.0,1.0,7.0,,158.0,198.0,,,,,697.0,839,,,5.0,,86,1.0,62.0,2.0,,,,150,1.0,195,2.0,,,,1.0,,,,,,,8.0,,,7.0,,1612,102.0,720,56.0,,,,,3.0,,2.0,,,,8.0,1.0,17.0,,,,,2.0,,4.0,31.0,,,,,,,,,171.0,133.0,,,,4.0,,5032,33,,7,,,,,,,,,,,,2.0,,2.0,,70,,21,,,,,,,,,,,9.0,,,,,,,1.0,,,,,,,,2.0,4.0,,,1.0,4.0,,12.0,,,,,,,,,1.0,,,,,,,,,,,,,,1.0,,,,,,,,,,,,,,,,,,,,,,79,69
_1_km_monthly_VI_Quality_2004214_aid0001,aid0001,2004-08-01 00:00:00+00:00,8175,63266,6221,25345,,,,1686355,6707.0,118666,3670.0,,,,359556,1812.0,142712,4282.0,,,,18405,519.0,20712,3229.0,,,,11077,258,7074,302,,,,220208,1287.0,25521,1304.0,,,,362441,4899.0,81257,5862.0,,,,123632,9269,40050,14084,,,,7427,3850,,10585.0,7136.0,,17442.0,15167.0,,2985,6461,,244,227,,9908.0,5451.0,,32072.0,12372.0,,28852,21478,,252,26247,380,13135,,,,126484,1318.0,49811,1668.0,,,,,,,,,,38061,334,13885,333,,,,1833,1013,,1129,2050,,,,,832,613,,1617,6046,623,2017,,,,7858,32.0,2344,54.0,,,,12.0,2.0,,,25,,20,,,,,3515,110.0,742,53.0,,,,11.0,,,15.0,4.0,,4.0,,10.0,1.0,,,,612,290,,84,148,,,,,,,253.0,70.0,,,,,4669,585,6089,650,,,,,,,,26.0,,28.0,,,,1670,3.0,2048,1.0,,,,,,3.0,,29.0,,4.0,,,,,35,94,,,,,,,28,34,,,,1.0,,,3.0,1.0,2.0,,,,,,,,1.0,,3.0,,,,,,,,,,,,,,,,,,,,,,,,,,,,,,,,,,,,,,,,,,,,82,4.0,27,7.0,,,,8147,66.0,1084,119.0,,,,7437,172.0,2615,225.0,,,,1857,71.0,1389,302.0,,,,3.0,,493,111,343,193.0,,,,1070,6.0,23619,281.0,2050,272.0,,,,1170,22.0,66065,2207.0,14930,2344.0,,,,232.0,14.0,42798,7790,20190,15035.0,,,,4.0,22.0,,448.0,190.0,,1092.0,595.0,,375.0,471.0,,,,79,103.0,,1.0,61.0,1987.0,831.0,,5.0,175.0,11511.0,4603.0,,2.0,59.0,18911,15459.0,,4.0,,34.0,,,,2052,12.0,1059,70.0,,,,,,,1.0,,7653,125.0,2995,323.0,,,,23.0,,1.0,,,,,99.0,81.0,,,,,419.0,406,,,,,55,3.0,21.0,6.0,,,,253,,114,,,,,,,,,,6.0,,9.0,,,1.0,,1639,68.0,380,45.0,,,,,2.0,,2.0,,,,4.0,,29.0,,,,11.0,2.0,,11.0,12.0,,,,,,,,1.0,228.0,85.0,,,,4.0,,4965,44,,10,,,,,,,4.0,,1.0,,,3.0,,5.0,,90,,28,,,,,,,,,,,31.0,,1.0,,,,,1.0,,,,,,,,6.0,6.0,,,,4.0,,8.0,,,,,,,,,3.0,,,,,,,,,,,,,,5.0,,,,,,,,,,,,,,,,,,,,,,186,58
_1_km_monthly_VI_Quality_2004245_aid0001,aid0001,2004-09-01 00:00:00+00:00,7656,20423,8374,8626,,,,2434312,754.0,236064,467.0,,,,306236,151.0,110969,271.0,,,,13137,37.0,15738,76.0,,,,7806,57,5831,148,,,,220523,95.0,21609,31.0,,,,226318,296.0,50470,228.0,,,,31350,456,12536,493,,,,2008,1044,,952.0,502.0,,1276.0,1142.0,,146,323,,67,94,,356.0,78.0,,818.0,602.0,,920,622,,276,4085,274,1813,,,,186059,312.0,65035,776.0,,,,,,,,,,31984,90,9134,119,,,,407,183,,424,682,,,,,231,160,,1523,1566,254,529,,,,13546,12.0,4167,18.0,,,,42.0,5.0,,,26,,29,,,,,3192,22.0,697,9.0,,,,26.0,,,13.0,,,7.0,,2.0,,,,,254,114,,68,75,,,,,,,74.0,24.0,,,,,4144,703,10006,843,,,,,,,,26.0,,22.0,,,,2006,4.0,2869,14.0,,,,,,4.0,,65.0,,3.0,,,,,37,149,,,,,,,16,81,,,,,,,2.0,2.0,8.0,,,,,,,,,,2.0,,,,,,,,,,,,,,2.0,,2.0,,,,,,,,2.0,,,,,,,,,,,,,,,,,,,,75,,45,1.0,,,,8405,5.0,2034,1.0,,,,3018,19.0,841,37.0,,,,363,4.0,210,21.0,,,,5.0,,357,34,201,81.0,,,,874,,15001,22.0,1789,1.0,,,,351,2.0,20141,184.0,3479,237.0,,,,20.0,,4527,609,1975,546.0,,,,,3.0,,55.0,9.0,,92.0,105.0,,14.0,63.0,,,1.0,19,25.0,,,,143.0,17.0,,1.0,3.0,546.0,320.0,,,3.0,846,485.0,,4.0,,25.0,,,,1635,13.0,771,31.0,,,,,,,3.0,,3697,30.0,1057,75.0,,,,12.0,,3.0,,,,,30.0,68.0,,,,,138.0,97,,,,,166,,16.0,,,,,322,1.0,129,,,,,1.0,,,,,4.0,,,,,13.0,,1615,12.0,373,25.0,,,,,,,,,,,13.0,,2.0,,,,9.0,,,4.0,6.0,,,,,,,,1.0,69.0,44.0,,,,,,5038,45,,44,,,,,,,3.0,,,,,6.0,,2.0,,108,,83,3.0,,,,,1.0,,,,,23.0,,25.0,,,,,2.0,2.0,,,,,,,2.0,11.0,,,,,,97.0,,,,,,,,,3.0,,2.0,,,,,,,,,,,,87.0,,,,,,,,,,,,,,,,,,,,,,1136,66
_1_km_monthly_VI_Quality_2004275_aid0001,aid0001,2004-10-01 00:00:00+00:00,12071,9545,21065,8493,,,,3080928,162.0,130345,287.0,,,,249093,88.0,28477,459.0,,,,7330,20.0,6559,86.0,,,,5318,313,7076,535,,,,48101,72.0,11441,80.0,,,,59622,226.0,18269,718.0,,,,13862,589,8948,1472,,,,975,1591,,968.0,221.0,,851.0,554.0,,166,238,,201,290,,158.0,17.0,,1227.0,522.0,,1459,1237,,152,2411,205,1320,,,,250058,94.0,26548,148.0,,,,,,,,,,10402,30,4057,91,,,,251,156,,217,314,,,,,131,88,,1145,955,313,327,,,,20793,3.0,3667,6.0,,,,34.0,7.0,,,77,,45,,,,,1267,13.0,409,5.0,,,,26.0,,,22.0,2.0,,11.0,,7.0,,,,,108,17,,18,50,,,,,,,10.0,7.0,,,,,15490,2220,36082,1625,,,,,,,,57.0,,61.0,,,,5267,,6864,36.0,,,,,,,,135.0,,43.0,1.0,,,,368,798,,,4.0,5.0,,1.0,119,161,,,,3.0,1.0,,123.0,27.0,418.0,19.0,,,,,,,56.0,,64.0,,,,,3.0,10.0,,,,3.0,3.0,,,2.0,,3.0,,,,,,,,2.0,,,,,,,,,,,,,,,,,,,,312,13.0,118,18.0,,,,3667,1.0,1230,9.0,,,,1014,3.0,403,29.0,,,,437,7.0,240,31.0,,,,8.0,,553,59,264,34.0,,,,241,,4873,13.0,1537,5.0,,,,117,1.0,7936,72.0,1567,135.0,,,,14.0,,3780,717,1821,827.0,,,,9.0,9.0,,15.0,3.0,,61.0,17.0,,39.0,51.0,,,2.0,47,34.0,,,1.0,44.0,18.0,,1.0,11.0,628.0,185.0,,,5.0,1630,952.0,,3.0,,4.0,,,,520,2.0,396,7.0,,,,,,,3.0,,1270,13.0,535,17.0,,,,1.0,,,,,2.0,,13.0,31.0,,,,,38.0,38,,,,,82,,19.0,,,,,103,,130,1.0,,,,1.0,,,,,6.0,,,,,6.0,,605,2.0,180,2.0,,,,,,,2.0,,,,10.0,,18.0,,,,,,,,3.0,,,,,,,,,8.0,7.0,,,,,,5029,325,,372,,,,,,,6.0,,4.0,,,5.0,,28.0,,878,,384,,,,,,,,,,,169.0,1.0,46.0,1.0,,,,4.0,10.0,,,,,,1.0,11.0,9.0,,,1.0,,,239.0,,,,,,,,,8.0,,2.0,,,,,,,,,,,,118.0,,,,,,,,,,,,,,,,,,,,,,1329,64
_1_km_monthly_VI_Quality_2004306_aid0001,aid0001,2004-11-01 00:00:00+00:00,9148,11284,14103,10118,71.0,242.0,,3018596,14.0,128299,3.0,63.0,,,336986,8.0,43382,14.0,27.0,,,5503,18.0,11021,16.0,29.0,,,6048,1233,6786,1356,77.0,67.0,,39328,21.0,6951,13.0,26.0,,,35066,24.0,14368,29.0,59.0,,,8614,53,6262,85,2.0,,,1414,2524,22.0,97.0,38.0,,72.0,48.0,,77,83,,580,658,13.0,29.0,7.0,,94.0,73.0,4.0,141,147,,194,2176,116,1074,,1.0,,244969,,52008,10.0,,,,,,,,,,6875,6,3188,28,,,,153,118,,60,220,,,,,33,73,,383,1892,104,480,,7.0,,20187,,3915,2.0,,,,30.0,4.0,,,61,,45,,,,,1065,6.0,469,11.0,,,,12.0,,,6.0,,,15.0,,12.0,,,,,119,36,,18,70,,,,3.0,,,20.0,7.0,,1.0,,,14809,6428,28850,5990,1108.0,46.0,,,,,,60.0,,125.0,,,,11268,5.0,12243,24.0,526.0,2.0,,,,,,200.0,,163.0,1.0,2.0,,1.0,745,1372,9.0,,5.0,8.0,,2.0,290,388,12.0,,,5.0,2.0,,186.0,59.0,510.0,47.0,15.0,,,,,,127.0,,178.0,,,,,6.0,7.0,,,,4.0,7.0,,,3.0,,3.0,,,,,,,,5.0,,,1.0,,,,,,,,,,,,,,,,,568,111.0,271,47.0,1.0,5.0,,2394,1.0,499,,,,,931,4.0,372,,,,,506,3.0,355,4.0,,,,6.0,5.0,1044,197,424,62.0,4.0,3.0,,98,,3537,4.0,412,1.0,,,,15,,4528,17.0,684,4.0,1.0,,,6.0,,1927,50,713,57.0,,,,61.0,27.0,,2.0,2.0,,7.0,7.0,,9.0,18.0,,1.0,3.0,66,29.0,,,,18.0,,,,,99.0,10.0,,,2.0,126,86.0,,2.0,,1.0,,,,445,,333,,,,,,,,,,985,5.0,391,2.0,,,,3.0,,,,,,,2.0,17.0,,,,,8.0,26,,,,,21,,3.0,,,,,86,,103,2.0,,,,,,,,,5.0,,2.0,,,1.0,,544,1.0,167,6.0,,,,,1.0,,2.0,,,,10.0,,17.0,,,,1.0,,,3.0,4.0,,,,,,,,,9.0,9.0,,,,,,5813,1433,,787,,47.0,,,,,12.0,,27.0,,,12.0,,64.0,,3183,4.0,1376,,58.0,,,,,,,,,371.0,1.0,215.0,,,,,53.0,31.0,1.0,,,,,4.0,51.0,18.0,,,3.0,1.0,,371.0,10.0,12.0,,,,,,,24.0,,17.0,,,,,2.0,,,,,,,229.0,,,,,,,,,,,,,,,,,,,,,,1786,65
_1_km_monthly_VI_Quality_2004336_aid0001,aid0001,2004-12-01 00:00:00+00:00,3699,10830,4763,18527,1353.0,8565.0,,2995293,33.0,54631,2.0,2671.0,6.0,,449497,33.0,46916,144.0,652.0,4.0,,15773,241.0,6875,438.0,174.0,55.0,,5085,2051,5143,3362,735.0,6013.0,,25418,13.0,4550,16.0,946.0,83.0,,17275,33.0,7195,22.0,879.0,85.0,,5305,130,4714,173,377.0,330.0,,829,1357,622.0,99.0,28.0,13.0,413.0,1358.0,10.0,1684,605,21.0,569,640,139.0,33.0,47.0,57.0,146.0,131.0,75.0,321,307,99.0,173,1678,102,925,,76.0,,255863,25.0,36843,83.0,199.0,,,1.0,,,,,,6525,16,2092,51,50.0,52.0,,106,86,8.0,289,424,,,,,55,74,11.0,410,1633,92,534,1.0,16.0,,20720,4.0,3152,19.0,44.0,,,23.0,17.0,,1.0,65,,36,,2.0,,,1432,1.0,551,15.0,15.0,,,10.0,,,13.0,1.0,,9.0,,6.0,,,,,169,91,3.0,47,107,,,,16.0,,,57.0,24.0,,1.0,,,10050,5116,14571,9566,8317.0,1155.0,,,,,,57.0,,187.0,,6.0,,8242,3.0,11657,23.0,3833.0,90.0,,,,,,200.0,,334.0,,27.0,,,490,828,538.0,,1.0,10.0,,2.0,234,377,160.0,,,4.0,5.0,,154.0,54.0,294.0,107.0,109.0,18.0,,,,,120.0,,180.0,,50.0,,,2.0,5.0,2.0,,,10.0,15.0,1.0,,7.0,,2.0,,,,,,,,5.0,,1.0,1.0,4.0,,,,,,,,,,,,,,,,584,223.0,332,267.0,33.0,297.0,,2704,7.0,710,,12.0,,,1203,17.0,846,4.0,18.0,,,688,8.0,729,14.0,3.0,5.0,,5.0,15.0,1305,580,824,1144.0,72.0,597.0,,91,,4361,3.0,669,,39.0,11.0,,55,,5034,43.0,1799,23.0,76.0,4.0,,9.0,1.0,2803,129,2328,198.0,51.0,69.0,,74.0,76.0,5.0,8.0,,,38.0,32.0,,41.0,37.0,2.0,,5.0,92,94.0,7.0,,,24.0,9.0,4.0,,1.0,144.0,79.0,15.0,,3.0,317,551.0,15.0,2.0,,,,,3.0,317,,145,4.0,,,,,,,1.0,,816,7.0,239,16.0,1.0,5.0,,1.0,,,,1.0,,,3.0,13.0,,,,,13.0,16,1.0,,,,17,,8.0,1.0,,,,59,,54,2.0,1.0,,,,,,,,5.0,,1.0,,,1.0,,713,8.0,166,9.0,,1.0,,,,,2.0,,,,1.0,,1.0,,,,1.0,1.0,,2.0,6.0,,,,,,,,2.0,24.0,15.0,,,,,,5156,1721,,1297,,223.0,2.0,,,,17.0,,43.0,,4.0,4.0,,49.0,,3177,3.0,3313,2.0,569.0,4.0,,,,,,,,478.0,,645.0,,22.0,,,55.0,79.0,8.0,,2.0,,1.0,2.0,53.0,65.0,15.0,,4.0,24.0,,63.0,14.0,2.0,,,,,,,21.0,,32.0,,8.0,,,1.0,,,,1.0,,,146.0,,,,,,,,,,,,,,,,,,,,,,1520,61
_1_km_monthly_VI_Quality_2005001_aid0001,aid0001,2005-01-01 00:00:00+00:00,2607,25693,2593,25237,140.0,16417.0,,2697663,98.0,102432,17.0,507.0,39.0,,592626,36.0,46527,25.0,1285.0,33.0,,9590,87.0,6207,149.0,782.0,88.0,,1528,5143,1286,5708,81.0,4932.0,,12070,79.0,2666,61.0,197.0,157.0,,9069,74.0,2984,25.0,511.0,76.0,,2605,161,2189,101,271.0,92.0,,1765,1854,475.0,715.0,35.0,10.0,1316.0,352.0,22.0,224,343,36.0,302,337,108.0,215.0,57.0,58.0,180.0,47.0,54.0,281,193,35.0,128,1700,64,721,,137.0,,283116,21.0,33886,135.0,49.0,7.0,,1.0,,,,,,7359,70,1711,138,67.0,28.0,,174,204,9.0,421,431,,,,,73,178,4.0,290,1988,67,458,1.0,18.0,,19561,4.0,3062,51.0,32.0,,,12.0,4.0,,,60,,16,,,,,1800,12.0,388,10.0,14.0,1.0,,,,,,,,11.0,,5.0,,,,,217,282,,98,147,,,,,,,50.0,36.0,2.0,,,,50393,9079,43868,11709,25747.0,1910.0,,,2.0,,,366.0,,503.0,,72.0,,12726,12.0,12239,17.0,6847.0,29.0,,,,,,180.0,,136.0,,40.0,,4.0,989,1217,628.0,,,3.0,,,214,239,110.0,,,3.0,,,706.0,121.0,543.0,202.0,206.0,41.0,,,,,270.0,,208.0,,75.0,,1.0,5.0,10.0,8.0,,,,5.0,,33.0,99.0,17.0,49.0,5.0,8.0,,,,,,129.0,,15.0,5.0,11.0,1.0,,,,4.0,8.0,1.0,,,3.0,,2.0,,,,196,650.0,160,668.0,19.0,422.0,,1628,,372,,,,,841,,244,1.0,3.0,,,230,3.0,221,5.0,1.0,,,6.0,47.0,509,1339,262,1300.0,4.0,628.0,,54,,1390,7.0,319,4.0,13.0,3.0,,34,,2082,16.0,402,3.0,10.0,2.0,,5.0,,956,52,611,61.0,8.0,2.0,,69.0,57.0,15.0,9.0,,,4.0,1.0,,15.0,8.0,5.0,1.0,3.0,95,47.0,6.0,,,26.0,7.0,2.0,,,65.0,17.0,2.0,,,118,83.0,5.0,6.0,6.0,1.0,6.0,,10.0,553,,246,5.0,,,,,,,,,993,8.0,238,13.0,,4.0,,,,,,,,,12.0,14.0,5.0,,,,18.0,32,,,,,15,,7.0,,,,,109,,70,5.0,,1.0,,,,,,,8.0,,1.0,,,,,815,5.0,157,3.0,,,,,,,,,,,21.0,,12.0,,,,2.0,1.0,,4.0,7.0,3.0,,,,,,,,41.0,15.0,,,,,,5845,3874,1.0,2921,2.0,1653.0,2.0,,,,34.0,,39.0,,5.0,4.0,,118.0,,6865,9.0,4594,,1783.0,1.0,,,,,,,,161.0,,108.0,2.0,9.0,,,71.0,31.0,20.0,,,,,1.0,56.0,30.0,18.0,,,5.0,,4068.0,29.0,13.0,,10.0,,,,1.0,82.0,,32.0,,22.0,,,,,,,1.0,,,118.0,7.0,,,,,,4.0,,1.0,,,,,,,,,,,,,1207,63
_1_km_monthly_VI_Quality_2005032_aid0001,aid0001,2005-02-01 00:00:00+00:00,19300,60668,4605,50357,18.0,4772.0,,3115137,38.0,119968,,41.0,12.0,,163355,18.0,25110,2.0,90.0,14.0,,7612,92.0,6899,150.0,285.0,42.0,,2009,6700,2523,11933,31.0,1000.0,,13440,53.0,2621,8.0,56.0,75.0,,13353,48.0,5368,19.0,43.0,33.0,,5946,433,6910,344,21.0,21.0,,1675,2744,83.0,72.0,29.0,11.0,62.0,103.0,7.0,293,327,30.0,523,1058,28.0,82.0,15.0,27.0,135.0,47.0,17.0,660,675,1.0,291,1612,110,829,,28.0,,266771,6.0,34344,64.0,3.0,8.0,,3.0,,,,,,5961,64,1777,113,6.0,6.0,,132,180,2.0,52,278,,,,,44,219,2.0,468,1876,125,407,,6.0,,21205,1.0,3336,57.0,27.0,,,11.0,,,,83,,22,,,,,1261,7.0,367,28.0,2.0,,,,,,,,,10.0,,4.0,,,,,112,96,,14,149,,,,3.0,,,50.0,24.0,,5.0,,,46276,6816,42623,7861,5422.0,187.0,,,4.0,,,594.0,,430.0,,34.0,,13019,20.0,10562,16.0,1114.0,2.0,,,,,,326.0,,182.0,,15.0,,1.0,789,760,98.0,,,,,,282,217,14.0,,,3.0,4.0,,673.0,103.0,441.0,116.0,63.0,8.0,,,,,212.0,,185.0,,14.0,,,8.0,8.0,5.0,,,,6.0,,7.0,115.0,4.0,63.0,1.0,,,,,,,65.0,,25.0,,3.0,,,,,,6.0,3.0,,,,1.0,,,,,333,757.0,135,954.0,4.0,79.0,,1435,,214,,,1.0,,782,,107,,,,,278,10.0,284,9.0,,,,3.0,101.0,512,2615,319,3106.0,1.0,80.0,,66,,1431,3.0,209,1.0,,2.0,,49,,2687,11.0,438,1.0,2.0,,,17.0,,1810,181,1175,129.0,2.0,,,61.0,150.0,,2.0,,,3.0,,,42.0,29.0,1.0,2.0,7.0,171,303.0,2.0,,,9.0,1.0,2.0,,,50.0,11.0,1.0,,1.0,438,307.0,2.0,5.0,2.0,9.0,10.0,,5.0,214,1.0,158,1.0,,,,,,,1.0,,672,11.0,159,15.0,,,,,,,,,,,3.0,9.0,1.0,,,,7.0,36,,,,,18,,7.0,,,,,45,,40,1.0,,,,,,,,,2.0,,2.0,,,,,637,2.0,103,9.0,,,,,,,,,,,15.0,,8.0,,,,,2.0,,1.0,1.0,2.0,,,,,,,,27.0,10.0,,,5.0,,,5061,3620,,1480,,242.0,,,,,52.0,,16.0,,1.0,13.0,,208.0,4.0,5396,8.0,2258,2.0,199.0,,,,,,,,,273.0,,92.0,,8.0,,,62.0,35.0,4.0,,,,2.0,8.0,69.0,60.0,,,,4.0,,246.0,31.0,5.0,,,,,,2.0,43.0,,7.0,,6.0,,,,,,,,,,27.0,,,,,,,,,,,,,,,,,,,,,,872,61
_1_km_monthly_VI_Quality_2005060_aid0001,aid0001,2005-03-01 00:00:00+00:00,16042,19086,15281,16394,,,,3087341,1.0,139191,2.0,,,,166120,,42321,,,,,12416,15.0,12066,18.0,,,,4681,3080,3809,3238,,,,22970,4.0,2865,,,,,19765,7.0,5871,2.0,,,,7692,74,4535,51,,,,1441,1498,,15.0,2.0,,12.0,12.0,,73,77,,500,425,,16.0,6.0,,44.0,5.0,,128,114,,284,1059,306,542,,,,251801,1.0,56550,22.0,,,,,,,,,,6313,16,2559,34,,,,86,128,,18,154,,,,,18,66,,491,864,97,283,,,,19949,,5178,26.0,,,,11.0,,,,62,,24,,,,,1695,16.0,525,22.0,,,,,,,,,,6.0,,3.0,,,,,84,35,,4,58,,,,,,,27.0,21.0,,1.0,,,59826,5156,93994,5717,,,,,3.0,,,608.0,,367.0,,,,14334,11.0,11930,17.0,,,,,,,,92.0,,34.0,,,,,893,776,,,1.0,,,,410,178,,,,2.0,,,325.0,47.0,1515.0,99.0,,,,,,,101.0,,213.0,,,,,4.0,6.0,,,,3.0,4.0,,220.0,66.0,8.0,33.0,,,,,,,,154.0,4.0,18.0,1.0,,,,,,,5.0,2.0,,,5.0,7.0,,,,,151,210.0,92,119.0,,,,2093,,57,,,,,463,,163,,,,,251,,277,2.0,,,,1.0,31.0,366,640,143,415.0,,,,129,,2601,,56,,,,,24,,2473,3.0,540,,,,,12.0,,1350,45,472,8.0,,,,44.0,14.0,,2.0,,,2.0,,,10.0,5.0,,2.0,4.0,151,73.0,,,,27.0,,,,,26.0,1.0,,,,86,27.0,,,1.0,3.0,1.0,,,237,,271,,,,,,,,,,579,6.0,284,7.0,,,,,,,,,,,1.0,3.0,,,,,4.0,12,,,,,18,,10.0,,,,,62,,44,,,,,,,,,,4.0,,1.0,,,,,539,11.0,155,20.0,,,,,,,,,,,15.0,,1.0,,,,,,,2.0,,,,,,,,,,14.0,12.0,,,,,,4955,2027,3.0,1022,,,,,,,3.0,,9.0,,,5.0,,166.0,,3961,2.0,1451,,,,,,,1.0,,,,83.0,,29.0,,,,,46.0,12.0,,,,,1.0,10.0,83.0,15.0,,,,,,837.0,,8.0,,,,,,,23.0,,10.0,,,,,,,,,,,,47.0,,,,,,,1.0,,,,,,,,,,,,,,,620,64
_1_km_monthly_VI_Quality_2005091_aid0001,aid0001,2005-04-01 00:00:00+00:00,32786,13336,19726,9739,,,,2855239,1.0,58228,,,,,476421,2.0,56318,1.0,,,,15536,19.0,8274,13.0,,,,6077,1955,4507,1695,,,,25351,1.0,2011,,,,,31558,,6879,,,,,9790,113,3834,79,,,,1265,1520,,21.0,8.0,,16.0,25.0,,54,52,,856,479,,1.0,,,11.0,7.0,,224,142,,502,1242,344,576,,,,250096,5.0,51499,8.0,,,,,,,,,,9503,17,3489,60,,,,111,117,,13,141,,,,,21,60,,706,598,346,153,,,,18368,10.0,6934,5.0,,,,10.0,,,,7,,16,,,,,1708,7.0,911,4.0,,,,,,,3.0,,,1.0,,23.0,,,,,37,19,,8,22,,,,1.0,,,15.0,7.0,,,,,97348,1634,60673,1510,,,,,102.0,9.0,,172.0,,63.0,,,,5059,,2964,5.0,,,,,6.0,,,20.0,,5.0,,,,1.0,414,459,,,1.0,5.0,,,177,107,,,,3.0,,,728.0,28.0,1304.0,40.0,,,,,,,78.0,,98.0,,,,,1.0,13.0,,,,,1.0,,157.0,58.0,57.0,25.0,,,,,,,,139.0,1.0,47.0,,,,,,,,5.0,5.0,,,9.0,5.0,,,,,92,22.0,106,17.0,,,,620,,52,,,,,1046,,221,,,,,212,,216,,,,,8.0,,528,314,284,132.0,,,,28,,1446,,72,,,,,85,,3451,,514,,,,,16.0,,1727,43,736,27.0,,,,12.0,6.0,,,,,,,,4.0,1.0,,2.0,,203,36.0,,,,,,,,,6.0,1.0,,,,137,37.0,,,,1.0,,,,233,1.0,443,,,,,,,,,,612,11.0,464,3.0,,,,,,,,,,,1.0,19.0,,,,,4.0,17,,,,,18,,8.0,,,,,46,,154,,,,,,,,,,,,2.0,,,2.0,,425,,392,,,,,,,,,,,,7.0,,4.0,,,,,,,,3.0,,,,,,,,,,6.0,,,,,,4946,312,,97,,,,,1.0,,1.0,,2.0,,,5.0,,26.0,,787,1.0,164,,,,,,,,,,,17.0,,3.0,,,,,7.0,,,,,,,5.0,58.0,7.0,,,,,,22.0,,1.0,,,,,,2.0,8.0,,6.0,,,,,,,,,,,,15.0,,,,,,,1.0,,,,,,,,,,,,,,,91,58
_1_km_monthly_VI_Quality_2005121_aid0001,aid0001,2005-05-01 00:00:00+00:00,32362,25583,27091,16321,,,,3170219,2.0,68496,3.0,,,,189059,1.0,27484,1.0,,,,11096,4.0,7405,11.0,,,,12251,2336,9028,3879,,,,28230,,4357,,,,,46043,1.0,12217,3.0,,,,19472,315,6468,144,,,,1884,2198,,6.0,1.0,,45.0,46.0,,33,42,,964,1257,,11.0,,,68.0,35.0,,502,196,,566,2252,436,983,,,,245178,8.0,34101,56.0,,,,,,,,,,11529,11,3583,61,,,,198,184,,7,252,,,,,46,151,,922,821,401,226,,,,19411,12.0,4918,6.0,,,,8.0,,,,7,,22,,,,,2370,14.0,813,1.0,,,,,,,11.0,2.0,,13.0,,19.0,,,,,81,40,,4,32,,,,1.0,,,14.0,13.0,,1.0,,,44990,680,48617,558,,,,,,,,4.0,,,,,,3026,,2896,14.0,,,,,,,,1.0,,,,,,,282,387,,,,,,,108,124,,,,1.0,,,324.0,29.0,703.0,28.0,,,,,,,22.0,,41.0,,,,,8.0,4.0,,,,4.0,,,60.0,36.0,32.0,26.0,,,,,,,,56.0,,23.0,,,,,,,,4.0,2.0,,,2.0,2.0,,,,,137,17.0,118,26.0,,,,805,,64,,,,,859,,218,1.0,,,,162,,126,,,,,10.0,4.0,704,233,532,292.0,,,,50,,1377,,209,,,,,118,,4967,3.0,1366,1.0,,,,11.0,1.0,2995,125,1509,127.0,,,,16.0,29.0,,1.0,,,3.0,2.0,,3.0,6.0,,1.0,4.0,202,139.0,,,,,,,,,12.0,2.0,,,,326,150.0,,7.0,,,,,,192,1.0,446,6.0,,,,,,,,,895,8.0,568,18.0,,,,,,,,,,,,19.0,,,,,14.0,63,,,,,12,,7.0,,,,,64,,135,2.0,,,,,,,,,,,5.0,,,,,560,4.0,403,,,,,,,,,,,,1.0,,,,,,,,,,3.0,,,,,,,,,4.0,11.0,,,2.0,,,4814,145,,63,,,,,,,,,,,,5.0,,35.0,,374,,191,,,,,,,,,,,15.0,,1.0,,,,,3.0,7.0,,,,,,7.0,40.0,8.0,,,,,,2.0,1.0,,,,,,,,4.0,,8.0,,,,,,,,,1.0,,,12.0,,,,,,,11.0,,2.0,,,,,,,,,,,,,35,58
_1_km_monthly_VI_Quality_2005152_aid0001,aid0001,2005-06-01 00:00:00+00:00,29605,43722,26141,13103,,,,2343294,6297.0,164101,7378.0,,,,367064,1470.0,102606,1945.0,,,,15923,297.0,13285,605.0,,,,13856,395,7131,693,,,,98988,1971.0,9535,4538.0,,,,143294,3657.0,26195,4545.0,,,,46526,6249,12777,6056,,,,4054,1943,,7519.0,20959.0,,5787.0,13218.0,,2273,2741,,491,516,,5694.0,7597.0,,13468.0,14884.0,,17036,8546,,913,10054,647,5264,,,,192843,741.0,55956,1210.0,,,,,,,,,,22454,130,6240,383,,,,747,614,,539,3453,,,,,553,839,,692,2342,393,808,,,,14437,54.0,4569,54.0,,,,6.0,1.0,,,6,,39,,,,,3621,57.0,903,12.0,,,,3.0,,,22.0,2.0,,20.0,,1.0,,,,,190,68,,30,141,,,,,,,69.0,32.0,,3.0,,,26957,353,28967,323,,,,1.0,,7.0,,3.0,,14.0,,,,1838,,1557,1.0,,,,,,,,,,,,,,,157,173,,,,2.0,,,68,60,,,,,,,230.0,2.0,177.0,1.0,,,,,,,32.0,,4.0,,,,,7.0,,,,,4.0,,,1.0,3.0,3.0,8.0,,,,,,,,7.0,7.0,22.0,,,,,,,,,10.0,,,9.0,8.0,,,,,185,1.0,71,3.0,,,,2090,57.0,597,320.0,,,,2756,125.0,1583,124.0,,,,675,78.0,477,70.0,,,,14.0,,1109,59,449,164.0,,,,304,4.0,8384,522.0,696,1110.0,,,,399,11.0,23711,1599.0,6492,2676.0,,,,93.0,12.0,15733,5517,7578,8973.0,,,,7.0,5.0,,315.0,497.0,,590.0,593.0,,337.0,241.0,,,,117,137.0,,,36.0,1172.0,1090.0,,4.0,70.0,5423.0,5373.0,,1.0,76.0,11734,7914.0,,7.0,,3.0,,,,650,5.0,897,52.0,,,,,,,1.0,,2702,45.0,1342,155.0,,,,3.0,,4.0,,,,,21.0,162.0,,,,,151.0,241,,,,,23,,44.0,2.0,,,,108,2.0,249,5.0,,,,,,,,,,,8.0,,,,,860,24.0,536,12.0,,,,,,,,,,,5.0,,12.0,,,,,1.0,,2.0,10.0,,,,,,,,,43.0,23.0,,,2.0,1.0,,4894,87,,36,,,,,,,,,,,,3.0,,16.0,,118,,48,,,,,,,,,,,1.0,,,,,,,,,,,,,,,7.0,,,,,,,,,,,,,,,,3.0,,5.0,,,,,,,,,4.0,,,1.0,,,,,,,,2.0,2.0,,,,,,,,,,,,,20,55
_1_km_monthly_VI_Quality_2005182_aid0001,aid0001,2005-07-01 00:00:00+00:00,13300,247042,15000,87889,,,,734541,5614.0,166448,13756.0,,,,289348,13139.0,88391,15852.0,,,,24983,2395.0,11051,4286.0,,,,14213,645,11183,755,,,,224718,8039.0,25418,6517.0,,,,350129,22181.0,79553,26207.0,,,,176349,45427,35648,28524,,,,37136,15619,,39774.0,31988.0,,31407.0,36368.0,,5426,3411,,697,287,,38333.0,10279.0,,78699.0,46289.0,,101549,30821,,293,64437,275,29504,,,,55162,1746.0,36381,4066.0,,,,,,,,,,36274,1234,11466,1051,,,,8389,3172,,2608,6953,,,,,2687,1797,,524,9178,168,4173,,,,3431,78.0,1416,56.0,,,,12.0,1.0,,,8,,58,,,,,3621,222.0,776,91.0,,,,16.0,,,12.0,6.0,,12.0,,29.0,,,,,1401,498,,211,266,,,,,,,448.0,125.0,,1.0,,,8140,481,9641,423,,,,,,,,15.0,,26.0,,,,1748,,1713,,,,,,,,,9.0,,9.0,,,,,29,72,,,,,,,22,16,,,,,,,6.0,,19.0,1.0,,,,,,,4.0,,6.0,,,,,,,,,,,,,,,,,,,,,,,,,,,,,,,,,,,,,,,,,,,,194,17.0,80,35.0,,,,7308,197.0,1406,411.0,,,,9409,793.0,3037,889.0,,,,2821,409.0,1015,842.0,,,,19.0,3.0,1192,467,546,603.0,,,,961,23.0,30887,2133.0,2613,1693.0,,,,1550,100.0,87150,9815.0,19248,10245.0,,,,462.0,51.0,82978,35329,27141,39263.0,,,,18.0,27.0,,1399.0,1104.0,,2579.0,1689.0,,1066.0,694.0,,,,217,225.0,,3.0,213.0,9275.0,2742.0,,17.0,436.0,32496.0,16617.0,,9.0,217.0,60672,30745.0,,10.0,1.0,47.0,1.0,,,1483,79.0,1262,112.0,,,,,,,4.0,1.0,8870,445.0,3623,606.0,,,,23.0,,4.0,1.0,1.0,7.0,,172.0,374.0,,,,2.0,1231.0,955,,,3.0,,53,,74.0,7.0,,,,213,,169,9.0,,,,,,,,,,,6.0,,,4.0,,1591,110.0,712,45.0,,,,,2.0,,1.0,,,,4.0,,17.0,1.0,,,1.0,1.0,,14.0,47.0,,,,,,,,,255.0,168.0,,,,2.0,,5026,42,,16,,,,,,,5.0,,,,,1.0,,11.0,,65,,29,1.0,,,,,,,,,,8.0,,3.0,,,,,1.0,1.0,,,,,,,3.0,7.0,,,,,,,,,,,,,,,,,,,,,,,,,,,,,6.0,,,,,,,,,,,,,,,,,,,,,,168,59
_1_km_monthly_VI_Quality_2005213_aid0001,aid0001,2005-08-01 00:00:00+00:00,9535,43803,10949,17435,,,,1779382,3296.0,138567,2939.0,,,,467579,2121.0,180080,5402.0,,,,19195,562.0,24853,3344.0,,,,7670,58,5952,123,,,,152635,652.0,14347,611.0,,,,318299,2734.0,86076,4571.0,,,,109239,6169,44211,10798,,,,3715,2170,,8657.0,8334.0,,16120.0,33827.0,,1980,12082,,42,47,,2488.0,822.0,,12320.0,14558.0,,19368,18030,,308,20725,663,12170,,,,145066,1226.0,58414,931.0,,,,,,,,,,28726,319,13545,343,,,,1713,1084,,1872,2978,,,,,622,750,,959,5077,891,2494,,,,8909,35.0,3064,57.0,,,,15.0,7.0,,,18,,33,,,,,2697,48.0,700,20.0,,,,11.0,,,7.0,,,6.0,,27.0,,,,,622,214,,160,283,,,,,,,97.0,50.0,,,,,5930,558,6109,437,,,,,2.0,1.0,,45.0,,63.0,,,,1776,,1562,,,,,,,,,27.0,,6.0,,,,,21,56,,,,2.0,,,8,30,,,,,,,,1.0,3.0,2.0,,,,,,,1.0,,2.0,,,,,,,,,,,,,,1.0,,,,,,,,,,,,,,,,,,,,,,,,,,,,,,57,5.0,60,8.0,,,,6082,23.0,1037,84.0,,,,7238,84.0,2634,250.0,,,,1149,111.0,1216,269.0,,,,9.0,1.0,351,39,178,50.0,,,,710,,13304,183.0,893,101.0,,,,1074,8.0,56780,940.0,8734,1328.0,,,,148.0,18.0,35031,5292,16084,8564.0,,,,2.0,16.0,,139.0,179.0,,515.0,832.0,,340.0,710.0,,,,21,13.0,,1.0,17.0,734.0,128.0,,4.0,73.0,4153.0,2809.0,,4.0,63.0,12391,10487.0,,15.0,1.0,50.0,3.0,,,1793,32.0,1589,47.0,,,,,,,6.0,,5230,148.0,2964,182.0,,,,24.0,,4.0,,2.0,4.0,,49.0,163.0,,,,1.0,330.0,383,,,1.0,,64,,52.0,,,,,259,2.0,188,5.0,,,,,,,,,2.0,,6.0,,,10.0,,1262,29.0,451,18.0,,,,,,,,,,,15.0,,40.0,1.0,,,1.0,,,6.0,21.0,,,,,,,,,88.0,65.0,,,,1.0,,5052,32,,8,,,,,,,6.0,,3.0,,,2.0,,9.0,,46,,12,,,,,,,,,,,19.0,,,,,,,,,,,,,,,,,,,,,,10.0,,,,,,,,,,,,,,,,,,,,,,,11.0,,,,,,,,,,,,,,,,,,,,,,426,58
_1_km_monthly_VI_Quality_2005244_aid0001,aid0001,2005-09-01 00:00:00+00:00,8294,6460,11418,3386,,,,2215454,924.0,324369,237.0,,,,379345,172.0,165970,221.0,,,,14482,29.0,23461,86.0,,,,8084,25,7350,61,,,,162138,51.0,36179,7.0,,,,254694,74.0,76576,128.0,,,,49120,127,23675,307,,,,332,238,,265.0,383.0,,281.0,1854.0,,68,559,,17,20,,61.0,44.0,,134.0,823.0,,675,1081,,191,3188,181,2083,,,,182741,487.0,83526,674.0,,,,,,,,,,24705,83,12491,53,,,,337,197,,198,553,,,,,101,119,,1179,1546,895,715,,,,13219,20.0,5128,8.0,,,,26.0,12.0,,,32,,54,,,,,2515,9.0,967,3.0,,,,17.0,,,13.0,,,12.0,,15.0,,,,,217,78,,38,136,,,,,,,13.0,12.0,,,,,4639,792,7719,789,,,,,4.0,2.0,,46.0,,54.0,,,,1835,1.0,2552,3.0,,,,,,,,53.0,,25.0,,,,,40,98,,,,2.0,,,27,48,,,,2.0,6.0,,,,4.0,,,,,,,,1.0,,1.0,,,,,,,,,,,,,,,,,,,,,,,,,,,,,,,,,,,,,,,,,,,,51,,53,,,,,2266,6.0,839,,,,,1850,5.0,597,7.0,,,,352,5.0,218,10.0,,,,6.0,,172,12,106,9.0,,,,235,,4919,10.0,795,,,,,246,,12491,30.0,2832,38.0,,,,17.0,1.0,4475,146,1792,283.0,,,,,,,,10.0,,12.0,37.0,,8.0,55.0,,,,1,4.0,,,1.0,27.0,23.0,,,2.0,95.0,148.0,,1.0,,459,474.0,,10.0,,4.0,,,,978,4.0,880,8.0,,,,,,,3.0,,2191,33.0,1096,15.0,,,,8.0,,1.0,,1.0,,,16.0,20.0,,,,,58.0,63,,,,,48,,22.0,,,,,246,,202,,,,,,,,,,9.0,,6.0,,,4.0,,872,6.0,301,6.0,,,,,2.0,,2.0,,,1.0,31.0,,43.0,1.0,,,1.0,1.0,,6.0,10.0,,,,,,,,,23.0,18.0,,,,3.0,,4967,57,,47,,,,,,,1.0,,6.0,,,5.0,,2.0,,84,,48,,,,,,,,,,,70.0,,7.0,,,,,,1.0,,,,,,,2.0,2.0,,,,,,182.0,,1.0,,,,,,,,,,,,,,,,,,,,,121.0,,,,,,,,,,,,,,,,,,,,,,994,54
_1_km_monthly_VI_Quality_2005274_aid0001,aid0001,2005-10-01 00:00:00+00:00,11932,16681,16280,9287,,,,2539075,350.0,161156,215.0,,,,466365,138.0,124759,269.0,,,,37646,62.0,25601,64.0,,,,8242,76,9019,192,,,,86365,19.0,17906,15.0,,,,126103,82.0,34705,94.0,,,,24494,268,16526,369,,,,2021,884,,514.0,1212.0,,719.0,1840.0,,167,357,,71,161,,142.0,49.0,,654.0,474.0,,967,710,,124,4864,219,2100,,,,218620,247.0,64547,775.0,,,,,,,,,,17573,37,7456,67,,,,382,198,,104,1028,,,,,111,157,,999,1758,237,412,,,,16545,8.0,4336,9.0,,,,14.0,4.0,,,37,,35,,,,,1876,11.0,657,4.0,,,,21.0,,,6.0,1.0,,10.0,,5.0,,,,,217,68,,22,152,,,,,,,8.0,10.0,,,,,7420,1649,11853,1538,,,,,,,,28.0,,24.0,,,,3591,2.0,3729,9.0,,,,,,,,59.0,,40.0,,,,,111,251,,,1.0,,,,51,65,,,,1.0,8.0,,10.0,9.0,62.0,4.0,,,,,,,4.0,,7.0,,,,,,,,,,,,,,,,,,,,,,,,,,,,,,,,,,,,,,,,,,,,150,,122,4.0,,,,4167,2.0,1604,1.0,,,,2114,12.0,766,4.0,,,,432,4.0,436,5.0,,,,5.0,,321,30,250,45.0,,,,298,,6582,1.0,2589,,,,,284,,13646,37.0,3548,43.0,,,,25.0,,5984,367,2432,236.0,,,,,1.0,,21.0,13.0,,40.0,38.0,,6.0,30.0,,,,25,50.0,,1.0,2.0,42.0,13.0,,,5.0,303.0,119.0,,,1.0,809,413.0,,2.0,,6.0,,,,1121,1.0,638,3.0,,,,,,,2.0,,2682,23.0,799,12.0,,,,10.0,,,,,,,9.0,27.0,,,,,50.0,52,,,,,52,,30.0,,,,,263,,141,,,,,,,,,,7.0,,4.0,,,10.0,,1136,2.0,270,8.0,,,,,,,,,,,45.0,,22.0,,,,2.0,,,6.0,9.0,,,,,,,,,20.0,14.0,,,3.0,6.0,,5787,189,,88,,,,,,,3.0,,5.0,,,,,11.0,,318,,118,,,,,,,,,,,82.0,,31.0,,,,,2.0,,,,,,,,3.0,4.0,,,3.0,,,972.0,,2.0,,,,,,,,,3.0,,,,,,,,,,,,240.0,,,,,,,,,,,,,,,,,,,,,,1625,63
_1_km_monthly_VI_Quality_2005305_aid0001,aid0001,2005-11-01 00:00:00+00:00,5422,12414,5723,12095,27.0,308.0,,3222762,19.0,99920,1.0,,,,232355,10.0,21608,17.0,,,,5500,16.0,5989,36.0,7.0,8.0,,6682,2230,5634,2705,9.0,249.0,,34485,9.0,3583,2.0,1.0,,,26460,27.0,7478,9.0,13.0,,,10331,37,4118,56,19.0,3.0,,1604,1715,30.0,33.0,8.0,,42.0,57.0,,103,86,,725,763,17.0,50.0,13.0,,125.0,73.0,,157,128,2.0,163,1903,160,1127,,,,263112,2.0,32224,14.0,4.0,,,,,,,,,7907,9,3180,27,,,,133,88,4.0,47,213,2.0,,,,20,46,2.0,602,1458,77,504,,1.0,,19507,,4457,1.0,3.0,,,21.0,3.0,,,58,,33,,1.0,,,1169,13.0,460,1.0,,,,29.0,,,16.0,2.0,,4.0,,1.0,,,,,57,68,,20,75,2.0,,,1.0,,,8.0,5.0,,,,,15832,6507,18949,3882,1935.0,432.0,,,,,,49.0,,96.0,,,,9778,5.0,8275,8.0,1543.0,4.0,,,,,,120.0,,164.0,,11.0,,,689,813,61.0,,,8.0,,1.0,210,200,29.0,,1.0,5.0,4.0,,301.0,26.0,524.0,46.0,,4.0,,,,,87.0,,126.0,,26.0,,,12.0,20.0,,,,8.0,8.0,1.0,2.0,8.0,,2.0,,,,,,,,5.0,,,,,,,,,,9.0,,,,1.0,,,,,,534,133.0,282,121.0,6.0,15.0,,3623,1.0,462,5.0,,,,1186,3.0,359,8.0,,,,504,,352,,,,,14.0,14.0,1202,255,510,151.0,7.0,19.0,,180,,4943,6.0,294,,,,,55,,4935,20.0,639,,1.0,,,,,1648,71,483,31.0,5.0,5.0,,58.0,38.0,2.0,4.0,4.0,,5.0,2.0,,16.0,10.0,,1.0,10.0,95,59.0,1.0,,,26.0,5.0,,,,108.0,16.0,,,,141,42.0,1.0,9.0,3.0,2.0,4.0,,,492,,323,,,,,1.0,,,,,1109,2.0,446,,,,,3.0,,,,,1.0,,,12.0,,,,,16.0,6,,,,,15,,18.0,2.0,,,,107,,95,,,,,,,,,,4.0,,4.0,,,2.0,,523,5.0,166,3.0,,,,,,,,,,,6.0,,3.0,,,,,1.0,,1.0,3.0,,,,,,,,,2.0,7.0,,,,,,5954,1248,,739,1.0,250.0,1.0,,,,10.0,,3.0,,,3.0,,47.0,2.0,2492,,1083,1.0,286.0,,,,,,,,,293.0,,146.0,,2.0,,,32.0,20.0,2.0,,1.0,,,4.0,39.0,15.0,3.0,,3.0,6.0,,919.0,20.0,1.0,,3.0,,,,,24.0,1.0,9.0,,2.0,,,,,,,,1.0,,289.0,,,,,,,,,,,,,,,,,,,,,,2286,65
_1_km_monthly_VI_Quality_2005335_aid0001,aid0001,2005-12-01 00:00:00+00:00,2585,9310,4234,12543,543.0,4374.0,,3118788,26.0,144355,6.0,3990.0,6.0,,285257,23.0,24176,32.0,1566.0,15.0,,10629,86.0,8927,2923.0,522.0,61.0,,4163,1824,4856,4175,525.0,2059.0,,23191,28.0,7305,24.0,526.0,14.0,,14530,29.0,9359,34.0,927.0,37.0,,3106,63,3794,233,227.0,38.0,,1028,1874,572.0,245.0,56.0,15.0,3103.0,137.0,20.0,1282,516,70.0,568,1153,229.0,92.0,65.0,37.0,211.0,201.0,43.0,178,609,49.0,134,1971,109,1012,,25.0,,251617,13.0,38896,73.0,180.0,2.0,,34.0,,,,,,8655,15,3571,62,13.0,10.0,,144,157,5.0,249,422,1.0,2.0,,,46,63,2.0,455,1598,65,543,4.0,12.0,,18638,4.0,3372,21.0,75.0,1.0,,17.0,4.0,,,70,,37,,6.0,,,1631,42.0,430,25.0,3.0,2.0,,9.0,,,4.0,2.0,,14.0,,2.0,,,,,104,113,1.0,58,111,2.0,,,2.0,,,13.0,14.0,1.0,,,,8078,4728,16163,7614,7280.0,2224.0,,,,,,52.0,,291.0,,30.0,,5815,5.0,10082,19.0,5145.0,21.0,,,,,,132.0,1.0,329.0,,64.0,,1.0,398,1132,269.0,,3.0,9.0,,1.0,154,352,110.0,,,6.0,6.0,3.0,152.0,33.0,426.0,64.0,30.0,21.0,,,,,106.0,,166.0,1.0,47.0,,,12.0,18.0,3.0,,,2.0,11.0,5.0,1.0,16.0,,9.0,,5.0,,,,,,3.0,1.0,5.0,1.0,,,,,,,,5.0,5.0,,,,,,,,306,134.0,329,475.0,95.0,143.0,,2895,6.0,1044,2.0,21.0,,,1053,7.0,988,12.0,56.0,,,599,3.0,867,30.0,130.0,4.0,,1.0,8.0,873,285,753,772.0,107.0,240.0,,72,,4988,16.0,1026,15.0,42.0,1.0,,26,,4632,35.0,2517,12.0,126.0,1.0,,2.0,,1601,101,1790,158.0,152.0,52.0,,82.0,120.0,16.0,34.0,13.0,,27.0,47.0,3.0,17.0,75.0,14.0,,12.0,120,166.0,21.0,,,88.0,24.0,3.0,,4.0,190.0,188.0,14.0,,1.0,146,433.0,76.0,12.0,2.0,5.0,5.0,,5.0,448,,243,3.0,1.0,,,1.0,,,,,1138,1.0,373,9.0,,5.0,,2.0,,,,,2.0,,1.0,18.0,,,,,11.0,13,1.0,,,,18,,4.0,2.0,,,,76,,56,1.0,,,,,,,,,3.0,,5.0,,,,,804,3.0,146,5.0,,,,,,,,,,,10.0,,2.0,,,,4.0,1.0,,4.0,7.0,,,,,,,,,8.0,16.0,,,,,,5107,647,,1273,,587.0,1.0,,,,10.0,,44.0,,,,,30.0,,1847,2.0,2857,1.0,884.0,2.0,,,,,,,,204.0,,414.0,,83.0,,,33.0,58.0,13.0,,4.0,,2.0,3.0,26.0,84.0,18.0,,1.0,17.0,1.0,706.0,3.0,10.0,,1.0,,,,,19.0,,30.0,,2.0,,,,,,1.0,,1.0,,194.0,,,2.0,,,,,,1.0,,,,,,,,,2.0,,,,2062,50
_1_km_monthly_VI_Quality_2006001_aid0001,aid0001,2006-01-01 00:00:00+00:00,2806,25097,3603,24892,494.0,21688.0,,2974604,34.0,63829,10.0,2679.0,152.0,,363681,33.0,35866,9.0,1097.0,23.0,,17758,97.0,11321,66.0,245.0,41.0,,2758,4626,2727,4052,187.0,7798.0,,19974,120.0,3290,24.0,1477.0,780.0,,19146,91.0,7045,46.0,817.0,271.0,,6696,300,7015,322,358.0,274.0,,2346,1977,1500.0,2086.0,39.0,174.0,683.0,69.0,48.0,249,243,38.0,529,524,328.0,179.0,29.0,381.0,338.0,115.0,212.0,581,554,84.0,134,1878,107,737,12.0,195.0,,257309,17.0,30472,245.0,266.0,3.0,,44.0,,,,,,9301,100,3968,111,68.0,92.0,,143,71,26.0,443,643,5.0,,,,111,111,17.0,392,1597,168,370,2.0,46.0,,18638,19.0,3372,89.0,16.0,,,10.0,,,,59,,56,,,,,1522,26.0,480,19.0,8.0,4.0,,,,,,,,6.0,,10.0,,1.0,,,155,78,10.0,140,219,1.0,,,,,,65.0,34.0,4.0,,,,38979,7961,27388,5696,35208.0,1438.0,,,7.0,,,517.0,,393.0,,121.0,,11658,5.0,6931,12.0,5860.0,23.0,,,,2.0,,256.0,,147.0,,43.0,,,1044,952,867.0,,3.0,,,1.0,190,188,105.0,,,1.0,,,329.0,119.0,257.0,121.0,299.0,47.0,,,,,226.0,,154.0,,151.0,,,7.0,7.0,10.0,,,8.0,1.0,3.0,8.0,111.0,,40.0,,20.0,,,,,,38.0,1.0,5.0,,11.0,,,,,,33.0,4.0,2.0,,1.0,2.0,,,,,181,693.0,205,460.0,9.0,384.0,,1267,3.0,353,,8.0,6.0,,526,2.0,230,1.0,4.0,,,313,6.0,347,7.0,12.0,3.0,,2.0,80.0,536,1332,449,1312.0,18.0,1217.0,,55,,2189,38.0,256,2.0,53.0,30.0,,25,,2390,41.0,725,5.0,73.0,24.0,,5.0,,1341,175,1778,159.0,77.0,64.0,,142.0,41.0,40.0,8.0,4.0,5.0,20.0,1.0,,32.0,27.0,8.0,1.0,15.0,142,144.0,22.0,,2.0,50.0,8.0,12.0,,2.0,104.0,40.0,10.0,,,360,483.0,36.0,1.0,1.0,7.0,,,1.0,381,,221,5.0,,,,,,,,,798,8.0,267,17.0,6.0,14.0,,,,,,,,,3.0,19.0,,,,,8.0,15,,,,1.0,31,2.0,5.0,2.0,,,,92,,60,1.0,,,,,,,,,3.0,,13.0,,,1.0,,597,5.0,97,,7.0,1.0,,,,,,,,,20.0,,13.0,,,,1.0,7.0,,,1.0,,,,,,,,1.0,20.0,8.0,,,6.0,,,5848,3415,,1803,1.0,1280.0,,,,,66.0,,30.0,,5.0,3.0,,161.0,2.0,6033,8.0,3023,,1465.0,4.0,,,,,,1.0,3.0,238.0,,236.0,,22.0,,,85.0,48.0,15.0,,1.0,,1.0,6.0,81.0,73.0,13.0,,2.0,2.0,,1260.0,19.0,4.0,,5.0,,,1.0,1.0,69.0,,25.0,,11.0,,1.0,2.0,,,,8.0,1.0,,211.0,,,,,,,4.0,,1.0,,,2.0,,,,,,,,,,1862,65
_1_km_monthly_VI_Quality_2006032_aid0001,aid0001,2006-02-01 00:00:00+00:00,10084,28477,8236,22706,,1584.0,,3117255,4.0,14270,1.0,6.0,,,339174,21.0,24284,6.0,,,,14436,122.0,7390,99.0,4.0,,,3733,5026,3046,4294,1.0,947.0,,16485,130.0,1801,6.0,6.0,,,13152,83.0,4255,1.0,12.0,2.0,,4938,257,3663,310,58.0,23.0,,2794,2761,15.0,53.0,5.0,,80.0,31.0,,286,231,,496,534,7.0,220.0,10.0,3.0,224.0,37.0,2.0,433,423,8.0,161,1025,113,591,,15.0,,274991,1.0,17478,79.0,,,,5.0,,,,,,5391,19,1615,52,,10.0,,42,53,4.0,45,219,,,,,29,32,,439,837,150,348,,1.0,,22171,,3248,40.0,,,,13.0,,,,59,,32,,,,,1438,13.0,304,1.0,,,,,,,,,,6.0,1.0,4.0,,,,,62,44,,51,284,,,,,,,9.0,8.0,,5.0,,,46327,5703,58095,4652,6089.0,288.0,,,3.0,,,575.0,,879.0,,9.0,,14090,10.0,12180,26.0,1599.0,,,,,,,191.0,,211.0,,9.0,,1.0,1010,1245,78.0,,2.0,3.0,,1.0,213,310,19.0,,,,,,268.0,59.0,444.0,122.0,68.0,17.0,,,,,215.0,1.0,286.0,,51.0,,,6.0,6.0,4.0,,,5.0,2.0,1.0,140.0,100.0,16.0,17.0,,,,,,,,59.0,3.0,10.0,,,,,,,,31.0,2.0,,,,3.0,,,,,398,561.0,190,258.0,,116.0,,1335,,179,,,,,472,1.0,262,,,,,245,9.0,369,6.0,5.0,,,7.0,50.0,588,1032,287,655.0,,190.0,,66,,2360,60.0,118,1.0,,,,28,,2401,25.0,575,,3.0,,,2.0,2.0,1443,147,1319,88.0,33.0,8.0,,105.0,39.0,4.0,2.0,,,3.0,,,32.0,16.0,,,9.0,104,63.0,5.0,,,49.0,1.0,2.0,,,91.0,9.0,,,1.0,214,177.0,7.0,1.0,3.0,2.0,1.0,,,213,,137,,,,,,,,,,450,3.0,117,4.0,,1.0,,,,,,,1.0,,2.0,11.0,,,,,1.0,4,,,,,23,,3.0,,,,,65,,52,,,,,,,,,,7.0,,6.0,,,,,361,3.0,54,,,,,,,,,,,,6.0,4.0,4.0,,,,,,,,,,,,2.0,,,,,4.0,7.0,,,7.0,,,5229,3291,1.0,1399,1.0,479.0,,,,,56.0,,30.0,,3.0,4.0,,166.0,1.0,6398,9.0,2198,2.0,424.0,2.0,,,,,,,,253.0,,229.0,,2.0,,1.0,80.0,18.0,5.0,,,,2.0,12.0,79.0,32.0,2.0,,7.0,5.0,,824.0,16.0,11.0,,2.0,,,,,50.0,,18.0,,6.0,,,,,,,,,,88.0,,,,,,,3.0,1.0,,,,,,,,,,3.0,,,,1177,68
_1_km_monthly_VI_Quality_2006060_aid0001,aid0001,2006-03-01 00:00:00+00:00,18702,19586,15083,18474,,,,3073836,,133806,,,,,234860,1.0,21288,,,,,13994,25.0,9541,20.0,,,,4276,1453,3545,2734,,,,17681,,2024,,,,,23556,,6052,1.0,,,,7762,57,3550,25,,,,1442,2922,,,,,8.0,,,113,104,,238,513,,1.0,,,10.0,2.0,,81,54,,267,765,143,552,,,,257357,1.0,49304,9.0,,,,,,,,,,6741,9,2083,14,,,,33,110,,13,98,,,,,4,31,,712,575,281,270,,,,20772,,5449,4.0,,,,6.0,,,,56,,45,,,,,1520,3.0,608,2.0,,,,1.0,,,2.0,,,12.0,,2.0,,,,,24,31,,11,108,,,,,,,2.0,2.0,,,,,58496,2785,94909,2477,,,,,,,,249.0,,57.0,,,,7572,2.0,9215,37.0,,,,,1.0,,,107.0,,14.0,,,,2.0,766,1111,,,1.0,3.0,,1.0,120,209,,,,1.0,,,474.0,31.0,1512.0,77.0,,,,,,,72.0,,128.0,1.0,,,,,10.0,,,,3.0,6.0,,140.0,113.0,13.0,18.0,,,,,,,,88.0,10.0,15.0,,,,,,,,29.0,2.0,,,21.0,7.0,,1.0,,,132,64.0,69,72.0,,,,730,,33,,,,,767,,116,,,,,227,4.0,166,,,,,5.0,8.0,291,299,195,240.0,,,,30,,756,,38,,,,,58,,2676,,324,,,,,7.0,1.0,1217,13,502,8.0,,,,17.0,13.0,,,,,,,,3.0,4.0,,1.0,,85,77.0,,,,1.0,,,,,10.0,,,,,34,23.0,,1.0,,,,,,145,,133,,,,,,,,,,302,1.0,157,1.0,,,,,,,,,,,,1.0,,,,,,5,,,,,6,,4.0,,,,,50,,76,,,,,,,,,,1.0,,3.0,,,,,290,,81,1.0,,,,,,,,,,,4.0,,8.0,,,,,,,,,,,,,,,,,,1.0,,,,,,5035,892,,598,,,,,,,14.0,,,,,3.0,,60.0,,1633,,833,,,,,,,,,,,69.0,,6.0,,,,1.0,9.0,11.0,,,,,1.0,2.0,29.0,24.0,,,,,,653.0,8.0,9.0,,,,,,,8.0,,13.0,,,,,1.0,,,,3.0,,,29.0,,,,,,,9.0,,,,,,,,,,,1.0,,,,443,59
_1_km_monthly_VI_Quality_2006091_aid0001,aid0001,2006-04-01 00:00:00+00:00,32650,6233,21813,5337,,,,2979766,,95092,,,,,296054,,92489,,,,,18668,3.0,18040,1.0,,,,5295,507,3934,775,,,,17460,,3392,,,,,26758,1.0,15372,3.0,,,,12262,12,7933,19,,,,529,983,,1.0,5.0,,5.0,32.0,,51,35,,152,219,,,5.0,,14.0,13.0,,52,46,,535,1260,390,441,,,,247543,11.0,51861,10.0,,,,,,,,,,10201,7,3603,13,,,,68,73,,6,122,,,,,5,29,,790,470,335,155,,,,19523,8.0,5806,2.0,,,,9.0,2.0,,,22,,45,,,,,2379,13.0,883,3.0,,,,,,,11.0,,,7.0,,5.0,,,,,39,8,,3,39,,,,,,,33.0,,,,,,79089,1442,72588,1601,,,,,,,,27.0,,3.0,,,,5401,4.0,3298,16.0,,,,,,,,9.0,,4.0,,,,,388,305,,,,1.0,,,81,84,,,,,,,660.0,19.0,1366.0,80.0,,,,,,,20.0,3.0,54.0,1.0,,,,2.0,4.0,,,,1.0,8.0,,59.0,54.0,8.0,15.0,,,,,,,,65.0,1.0,21.0,,,,1.0,,,,15.0,12.0,,,8.0,3.0,,,,,69,10.0,51,13.0,,,,115,,36,,,,,178,,193,,,,,124,,86,,,,,2.0,3.0,312,32,207,56.0,,,,6,,178,,25,,,,,16,,699,1.0,277,,,,,12.0,,690,2,387,2.0,,,,3.0,1.0,,,,,,,,,1.0,,1.0,,19,23.0,,,,,,,,,3.0,,,,,12,10.0,,1.0,,3.0,,,,152,1.0,268,3.0,,,,,,,,,389,2.0,279,1.0,,,,,,,,,,,,9.0,,,,,2.0,30,,,,,24,1.0,17.0,,,,,48,,138,,,,,,,,,,2.0,,2.0,,,3.0,,322,5.0,171,,,,,,,,,,,,5.0,,6.0,,,,,,,,1.0,,,,,,,,,16.0,1.0,,,,,,4840,290,,54,,,,,,,,,,,,4.0,,24.0,,461,,142,,,,,,,,,,,4.0,,,,,,,6.0,2.0,,,,,,,8.0,3.0,,,,,,22.0,,,,,,,,,2.0,,3.0,,,,,,,,,,,,28.0,2.0,,,,,2.0,14.0,,1.0,,,,,,,,,3.0,,,,76,59
_1_km_monthly_VI_Quality_2006121_aid0001,aid0001,2006-05-01 00:00:00+00:00,34377,9889,28380,7152,,,,3067648,75.0,175555,52.0,,,,283603,34.0,22480,151.0,,,,6097,8.0,4244,207.0,,,,14079,889,11314,789,,,,32979,25.0,8812,24.0,,,,37864,139.0,10935,291.0,,,,9637,542,4008,730,,,,614,985,,1107.0,484.0,,580.0,645.0,,58,228,,590,626,,184.0,162.0,,724.0,374.0,,778,427,,851,2964,564,1474,,,,241702,22.0,33802,67.0,,,,,,,,,,13513,55,3629,59,,,,247,185,,136,305,,,,,107,84,,791,964,362,495,,,,18236,11.0,5463,22.0,,,,8.0,1.0,,,34,,47,,,,,2645,11.0,829,8.0,,,,1.0,,,14.0,1.0,,,,10.0,,,,,72,106,,16,88,,,,,,,12.0,19.0,,,,,21985,368,25687,321,,,,,,,,2.0,,2.0,,,,1066,,1419,5.0,,,,,,,,4.0,,,,,,,209,221,,,,,,,73,81,,,,,,,254.0,4.0,262.0,2.0,,,,,,,12.0,,15.0,,,,,23.0,5.0,,,,5.0,1.0,,3.0,7.0,1.0,3.0,,,,,,,,14.0,1.0,,,,,1.0,,,,4.0,,,,5.0,,,,,,174,3.0,228,12.0,,,,531,4.0,464,1.0,,,,417,1.0,268,23.0,,,,90,1.0,86,73.0,,,,30.0,2.0,793,66,780,82.0,,,,48,,859,5.0,592,4.0,,,,55,1.0,2440,38.0,1260,150.0,,,,7.0,,1850,228,1157,700.0,,,,5.0,6.0,,3.0,10.0,,25.0,49.0,,5.0,72.0,,,1.0,44,47.0,,,,35.0,12.0,,,3.0,102.0,128.0,,,,367,402.0,,2.0,,4.0,,,,234,,376,2.0,,,,,,,,,956,9.0,594,28.0,,,,,,,,,,,6.0,32.0,,,,,28.0,46,,,,,16,,15.0,,,,,67,1.0,168,3.0,,,,1.0,,,,,,,4.0,,,2.0,,558,7.0,367,9.0,,,,,,,,,,,,,5.0,,,,,,,,11.0,,,,,,,,,19.0,36.0,,,2.0,,,4902,21,,29,,,,,,,,,,,,2.0,,7.0,,79,,95,,,,,,,,,,,3.0,,6.0,,,,,4.0,7.0,,,,,,,2.0,9.0,,,,,,,,,,,,,,,,,,,,,,,,,,,,,2.0,,,,,,,2.0,,,,,,,,,,,1.0,,,,55,62
_1_km_monthly_VI_Quality_2006152_aid0001,aid0001,2006-06-01 00:00:00+00:00,24704,44583,14296,20171,,,,2463966,3263.0,148061,6062.0,,,,416286,1746.0,80645,3039.0,,,,15601,327.0,11320,1053.0,,,,13092,522,7495,735,,,,100300,1426.0,17474,3796.0,,,,126125,3373.0,34105,5887.0,,,,39110,4109,16068,4659,,,,4119,2562,,6776.0,8523.0,,10471.0,7012.0,,1963,1774,,346,540,,4329.0,2533.0,,12963.0,5979.0,,12250,6025,,433,12788,201,6954,,,,192990,434.0,46397,683.0,,,,,,,,,,22317,291,7801,422,,,,1422,655,,928,1112,,,,,681,387,,834,3058,247,1560,,,,12992,30.0,3733,49.0,,,,8.0,5.0,,,28,,39,,,,,3530,73.0,913,18.0,,,,,,,7.0,3.0,,6.0,,8.0,,,,,427,361,,60,108,,,,,,,88.0,66.0,,,,,10872,292,10810,194,,,,,,,,12.0,,13.0,,,,1180,3.0,1385,1.0,,,,,,,,4.0,,,,,,,108,131,,,,,,,32,69,,,,,,,6.0,1.0,21.0,,,,,,,,1.0,,1.0,,,,,,,,,,,,,,1.0,,,,,,,,,,,,,,,,,,,,,,,,,,,,,,52,2.0,46,9.0,,,,1872,56.0,799,262.0,,,,1930,78.0,1241,220.0,,,,564,55.0,688,138.0,,,,12.0,4.0,482,50,391,151.0,,,,193,5.0,6075,346.0,1622,938.0,,,,263,11.0,16710,1279.0,7002,2387.0,,,,57.0,8.0,12189,3548,8300,6011.0,,,,5.0,1.0,,232.0,241.0,,487.0,375.0,,231.0,204.0,,,1.0,32,78.0,,2.0,24.0,772.0,564.0,,1.0,69.0,4024.0,2606.0,,1.0,36.0,7435,6212.0,,4.0,,15.0,,,,903,3.0,899,39.0,,,,,,,2.0,,3413,76.0,2163,250.0,,,,11.0,,4.0,1.0,,1.0,,45.0,82.0,,,,,286.0,184,,,3.0,,15,1.0,11.0,1.0,,,,171,,153,5.0,,,,,,,,,,,,,,,,1136,19.0,533,26.0,,,,,,,1.0,,,,9.0,,13.0,,,,,,,5.0,22.0,,,,,,,,,71.0,70.0,,,2.0,1.0,,4959,26,,15,,,,,,,,,,,,1.0,,4.0,,49,,45,,,,,,,,,,,,,2.0,,,,,2.0,,,,,,,,2.0,5.0,,,,,,1.0,,,,,,,,,,,2.0,,,,,,,,,,,,10.0,,,,,,,,,,,,,,,,,,,,,,48,61
_1_km_monthly_VI_Quality_2006182_aid0001,aid0001,2006-07-01 00:00:00+00:00,9672,257694,9926,127438,,,,856575,3896.0,140359,17973.0,,,,221310,5045.0,81650,6567.0,,,,33562,2743.0,15731,1636.0,,,,12899,247,11004,439,,,,221773,4986.0,31414,10010.0,,,,291116,17848.0,73778,19147.0,,,,149683,56043,44624,30168,,,,42641,13987,,49939.0,64112.0,,22388.0,20206.0,,7324,4357,,489,393,,46180.0,21443.0,,87086.0,32166.0,,91928,31585,,389,60678,771,41581,,,,69633,704.0,34377,1287.0,,,,,,,,,,34627,731,17308,910,,,,8071,3759,,1940,3232,,,,,2126,1193,,709,8609,405,3909,,,,4309,20.0,2075,62.0,,,,5.0,2.0,,,21,,36,,,,,3234,109.0,871,76.0,,,,6.0,,,7.0,5.0,,16.0,,23.0,1.0,,,,1402,556,,165,297,,,,,,,280.0,118.0,,,,,5372,440,4190,423,,,,,,,,60.0,,18.0,,,,1504,,1071,,,,,,,,,20.0,,7.0,,,,,63,81,,,4.0,,,,18,20,,,,,1.0,,,,10.0,1.0,,,,,,,,,,,,,,,,,,,,,,,1.0,,,,,,,,,,,,,,,,,,,,,,,,,,,,,,91,5.0,115,28.0,,,,7974,157.0,1981,761.0,,,,6962,436.0,2352,622.0,,,,2454,350.0,1283,466.0,,,,6.0,1.0,949,237,659,421.0,,,,1050,22.0,31932,1024.0,3474,1846.0,,,,1027,59.0,84373,6809.0,16050,9263.0,,,,333.0,69.0,68261,41646,30773,44731.0,,,,8.0,26.0,,1493.0,1359.0,,2344.0,1180.0,,808.0,800.0,,,,130,211.0,,2.0,309.0,7573.0,3020.0,,18.0,467.0,33837.0,12848.0,,8.0,163.0,62641,36199.0,,14.0,1.0,45.0,1.0,,,1144,21.0,1040,79.0,,,,,,,6.0,,6794,236.0,4020,597.0,,,,21.0,,1.0,1.0,,7.0,,136.0,166.0,,,,,973.0,620,,,7.0,1.0,28,,36.0,2.0,,,,145,4.0,109,6.0,,,,,,,,,,,,,,1.0,,1109,57.0,428,68.0,,,,,,,2.0,,,,16.0,,29.0,,,,1.0,6.0,,13.0,26.0,,,,,,,,,233.0,125.0,,,2.0,,,4938,44,,59,,,,,,,1.0,,6.0,,,6.0,,12.0,,96,,59,,,,,,,,,,,7.0,,5.0,,,,,,4.0,,,,,,,,6.0,,,,,,2.0,,,,,,,,,1.0,,,,,,,,,,,,,,3.0,,,,,,,,,,,,,,,,,,,,,,101,55
_1_km_monthly_VI_Quality_2006213_aid0001,aid0001,2006-08-01 00:00:00+00:00,5526,55026,5850,25538,,,,1450910,4693.0,260142,3752.0,,,,270213,826.0,215598,2357.0,,,,15754,444.0,24033,2655.0,,,,14957,59,11834,94,,,,299343,1296.0,60887,835.0,,,,392903,2328.0,141629,3381.0,,,,100492,6003,52915,6905,,,,7605,3571,,7272.0,8397.0,,13418.0,13617.0,,2715,6839,,91,144,,3678.0,2122.0,,17860.0,12311.0,,22848,15702,,351,21113,691,12177,,,,120419,836.0,76568,933.0,,,,,,,,,,37274,273,21244,257,,,,1461,708,,930,1441,,,,,540,411,,926,5088,607,2280,,,,7802,38.0,3656,12.0,,,,15.0,2.0,,,20,,38,,,,,3760,55.0,1053,11.0,,,,4.0,,,7.0,16.0,,14.0,,52.0,2.0,,,,551,171,,170,165,,,,,,,204.0,60.0,,,1.0,,2996,953,3563,396,,,,,,,,70.0,,2.0,,,,2180,1.0,1630,,,,,,,,,69.0,,9.0,,,,,45,99,,,3.0,1.0,,,47,31,,,,,1.0,,,2.0,,3.0,,,,,,,1.0,,,,,,,,,,,,,,,,,,,,,,,,,,,,,,,,,,,,,,,,,,,,,,97,,82,14.0,,,,5334,33.0,1382,39.0,,,,8570,44.0,3877,168.0,,,,1898,78.0,1884,243.0,,,,9.0,,678,57,449,49.0,,,,639,3.0,13081,101.0,1646,83.0,,,,1578,9.0,65914,747.0,16446,1088.0,,,,200.0,8.0,47507,5672,24233,7932.0,,,,18.0,7.0,,131.0,134.0,,760.0,359.0,,507.0,504.0,,,,64,22.0,,,16.0,459.0,229.0,,,124.0,5351.0,2637.0,,1.0,70.0,17045,11540.0,,5.0,2.0,12.0,2.0,,,1906,12.0,1777,37.0,,,,,,,1.0,,5506,94.0,3356,130.0,,,,26.0,,11.0,,1.0,3.0,,61.0,71.0,,,,,260.0,298,,,,,71,1.0,37.0,,,,,254,2.0,125,3.0,,,,,,,,,4.0,,,,,1.0,,1355,29.0,504,24.0,,,,,,,,,,,5.0,,33.0,1.0,,,3.0,4.0,,3.0,9.0,,,,,,,,,85.0,52.0,,,1.0,2.0,,4905,48,,33,,,,,,,8.0,,5.0,,,4.0,,15.0,,134,,42,,,,,,,2.0,,1.0,2.0,30.0,,8.0,,,,,,3.0,,,,,,,2.0,4.0,,,,,,,,,,,,,,,,,,,,,,,,,,,,,7.0,,,,,,,,,,,,,,,,,,,,,,188,59
_1_km_monthly_VI_Quality_2006244_aid0001,aid0001,2006-09-01 00:00:00+00:00,7789,7320,10380,3904,,,,2277567,817.0,205119,138.0,,,,345814,65.0,222524,91.0,,,,17065,39.0,40019,75.0,,,,10345,22,9931,48,,,,160280,15.0,21611,31.0,,,,231712,84.0,91661,148.0,,,,57326,180,45284,196,,,,697,422,,557.0,497.0,,1255.0,1512.0,,146,590,,33,50,,118.0,132.0,,680.0,641.0,,664,653,,175,4458,194,1920,,,,188866,277.0,81237,413.0,,,,,,,,,,23764,36,12662,45,,,,411,155,,154,393,,,,,79,106,,1977,1578,276,607,,,,13738,18.0,5364,9.0,,,,25.0,8.0,,,17,,42,,,,,2088,8.0,861,,,,,15.0,1.0,,5.0,,,5.0,,6.0,,,,,290,94,,23,105,,,,,,,20.0,10.0,,,,,4213,1118,5587,877,,,,,,,,22.0,,9.0,,,,2550,2.0,2583,5.0,,,1.0,,,,,76.0,1.0,31.0,,,,,31,64,,,,,,,20,34,,,,,1.0,,2.0,1.0,4.0,2.0,,,,,,,1.0,,1.0,,,,,,,,,,,1.0,,,,,,,,,,,,,,,,,,,,,,,,,,,,,,,,,67,,45,,,,,2613,,732,,,,,1313,3.0,644,1.0,,,,310,5.0,289,15.0,,,,9.0,,327,5,142,6.0,,,,251,,5986,7.0,988,6.0,,,,187,,10197,26.0,2971,73.0,,,,15.0,1.0,3919,147,2304,161.0,,,,2.0,3.0,,12.0,4.0,,36.0,19.0,,15.0,19.0,,,,2,19.0,,,2.0,93.0,23.0,,,1.0,302.0,175.0,,,,400,338.0,,2.0,,4.0,,,,790,2.0,632,10.0,,,,,,,2.0,,2050,13.0,974,22.0,,,,4.0,,1.0,,,,,12.0,24.0,,,,,55.0,63,,,,,64,2.0,14.0,,,,,218,1.0,149,,,,,,,,,,15.0,,1.0,,,2.0,,763,4.0,326,1.0,,,,,,,,,,,13.0,,34.0,,,,,2.0,,3.0,9.0,,,,,,,,,34.0,22.0,,,2.0,2.0,,4983,53,,40,,,,,,,1.0,,3.0,,,6.0,,9.0,,102,,49,,,,,,,,,,,100.0,,8.0,,,,,2.0,3.0,,,,,,,,1.0,,,,,,3164.0,,,,,,,,,1.0,,,,,,,,,,,,,,124.0,,,,,,,,,,,,,,,,,,,,,,1111,55
_1_km_monthly_VI_Quality_2006274_aid0001,aid0001,2006-10-01 00:00:00+00:00,8542,5667,9242,3383,,,,3077270,1016.0,147001,778.0,,,,275089,43.0,41684,136.0,,,,5723,22.0,9634,31.0,,,,10032,75,6648,117,,,,74051,57.0,7986,124.0,,,,64501,218.0,14132,284.0,,,,9227,192,5415,490,,,,725,430,,232.0,118.0,,82.0,49.0,,12,74,,83,78,,85.0,18.0,,291.0,84.0,,207,203,,106,2137,162,1154,,,,244106,495.0,49065,560.0,,,,,,,,,,10887,40,4087,51,,,,198,126,,64,237,,,,,62,48,,763,1015,136,545,,,,17767,5.0,5856,6.0,,,,20.0,3.0,,,49,,59,,,,,1201,6.0,811,,,,,14.0,,,21.0,2.0,,11.0,,16.0,,,,,152,31,,4,52,,,,,,,4.0,4.0,,,,,5261,2013,9687,1699,,,,,,,,13.0,,37.0,,,,3721,4.0,4118,23.0,,,1.0,,,,,82.0,1.0,50.0,,,,,133,222,,,,,,,61,91,,,,1.0,,,7.0,1.0,8.0,4.0,,,,,,,7.0,,14.0,,,,,,,,,,1.0,1.0,,,6.0,,4.0,,,,,,,,,,,,,,2.0,,,,,2.0,,,,,,,,,177,1.0,90,5.0,,,,2113,3.0,594,22.0,,,,719,20.0,311,5.0,,,,220,1.0,145,4.0,,,,6.0,,432,22,142,17.0,,,,153,1.0,3528,23.0,449,7.0,,,,46,4.0,4847,144.0,863,74.0,,,,4.0,,1448,216,646,379.0,,,,1.0,2.0,,14.0,,,12.0,12.0,,,2.0,,,,8,4.0,,,1.0,24.0,2.0,,,2.0,183.0,56.0,,,,201,175.0,,2.0,,3.0,,,,467,4.0,467,5.0,,,,,,,,,1183,11.0,495,13.0,,,,3.0,,10.0,,,,,4.0,23.0,,,,,18.0,27,,,,,29,,19.0,,,,,129,,200,,,,,,,,,,9.0,,5.0,,,1.0,,477,,310,,,,,,,,,,,,19.0,,24.0,,,,,,,,2.0,,,,,,,,,5.0,11.0,,,2.0,1.0,,5659,274,,127,,,,,,,3.0,,5.0,,,10.0,,18.0,,454,,165,,,,,,,,,,,289.0,,44.0,,,,,3.0,6.0,,,,,,2.0,5.0,3.0,,,1.0,3.0,,4533.0,,3.0,,,,,,,2.0,,1.0,,,,,,,,,,,,345.0,,,,,,,,,,,,,,,,,,,,,,1842,57
_1_km_monthly_VI_Quality_2006305_aid0001,aid0001,2006-11-01 00:00:00+00:00,14501,14764,10832,10142,5.0,776.0,,2429503,19.0,127404,8.0,22.0,8.0,,726784,43.0,101009,19.0,26.0,22.0,,42642,21.0,12617,12.0,14.0,4.0,,9264,1833,5744,1094,14.0,488.0,,74005,13.0,6682,3.0,49.0,7.0,,78420,53.0,16333,19.0,62.0,4.0,,17883,112,6740,179,21.0,6.0,,1902,1846,8.0,181.0,76.0,5.0,627.0,149.0,1.0,80,205,1.0,584,429,5.0,64.0,16.0,,345.0,207.0,3.0,323,359,6.0,250,2742,182,1859,,1.0,,248669,4.0,45425,23.0,,,,,,,,,,14210,20,4358,20,1.0,,,248,176,,106,251,,,,,70,96,,422,2264,61,881,,2.0,,18049,,3946,4.0,,,,28.0,1.0,,,122,,57,,,,,1728,21.0,621,2.0,,,,24.0,,,24.0,,,39.0,,24.0,,,,,162,71,,17,138,,,,4.0,,,8.0,10.0,,,1.0,,15026,5648,18932,3476,2591.0,223.0,,,,,,76.0,,68.0,,,,8386,4.0,6231,10.0,756.0,,,,,,,146.0,,82.0,1.0,1.0,,3.0,672,859,66.0,,3.0,3.0,,,200,203,11.0,,,3.0,,,165.0,35.0,271.0,32.0,36.0,2.0,,,,,81.0,,116.0,,14.0,,,8.0,3.0,,,,2.0,7.0,,,9.0,,6.0,,,,,,,,9.0,,1.0,,,,,,,,1.0,1.0,,,,3.0,,,,,641,122.0,304,42.0,2.0,11.0,,4683,2.0,1226,2.0,,,,1732,8.0,719,1.0,,,,493,3.0,460,2.0,,,,14.0,8.0,1278,340,412,143.0,3.0,54.0,,250,,5611,7.0,657,,4.0,,,124,2.0,9088,26.0,1527,9.0,4.0,,,5.0,,3073,116,1395,159.0,9.0,2.0,,34.0,35.0,,18.0,1.0,,36.0,16.0,,17.0,5.0,,,5.0,57,22.0,,,,33.0,6.0,,,5.0,169.0,93.0,,,,283,188.0,,6.0,2.0,7.0,2.0,,,654,2.0,375,3.0,,,,,,,,,1436,2.0,662,17.0,,,,5.0,,,,,,,8.0,11.0,,,,,29.0,36,,,,,27,3.0,17.0,,,,,130,,102,,,,,,,,,,7.0,,,,,2.0,,713,1.0,226,1.0,,,,,,,,,,,33.0,,66.0,,,,1.0,,,,1.0,,,,,,,,,20.0,14.0,,,,2.0,,5774,987,,486,,54.0,,,,,30.0,,12.0,,,5.0,,42.0,,2397,3.0,778,,125.0,,,,,,,,,241.0,,109.0,,1.0,,,13.0,10.0,,1.0,,,,,37.0,22.0,,,3.0,2.0,,4326.0,13.0,1.0,,,,,,3.0,47.0,,12.0,,,,,,,,,,,,419.0,,,,,,,,,,,,,,,,,,,,,,1402,63
_1_km_monthly_VI_Quality_2006335_aid0001,aid0001,2006-12-01 00:00:00+00:00,3863,14164,3940,14096,489.0,6770.0,,2701676,1.0,49215,5.0,2260.0,23.0,,631599,24.0,54390,11.0,662.0,36.0,,39520,69.0,8695,107.0,477.0,73.0,,3350,3139,2298,3270,238.0,2091.0,,23373,9.0,4038,12.0,669.0,46.0,,39610,50.0,6849,29.0,641.0,61.0,,8326,116,3665,120,229.0,58.0,,1614,1463,483.0,260.0,47.0,24.0,320.0,293.0,28.0,235,253,34.0,504,362,103.0,42.0,24.0,11.0,219.0,76.0,38.0,344,236,29.0,175,1431,52,828,8.0,67.0,,278298,8.0,22659,76.0,210.0,,1.0,66.0,,,,,,9274,19,2200,34,61.0,13.0,,91,90,6.0,205,447,2.0,,,,42,75,4.0,367,1713,82,601,5.0,12.0,,19442,,3482,30.0,56.0,2.0,,13.0,9.0,,,134,,77,,,,,1427,11.0,454,2.0,18.0,2.0,,5.0,,,10.0,,,12.0,,9.0,,4.0,,,132,117,13.0,67,184,3.0,2.0,,,3.0,,20.0,23.0,3.0,,,,30676,8061,35790,9377,16772.0,1250.0,,,,,,257.0,,425.0,3.0,74.0,,13993,12.0,14482,14.0,5576.0,11.0,,,,,,231.0,,296.0,,61.0,,,747,1020,456.0,,,2.0,,,222,261,76.0,,,1.0,7.0,1.0,225.0,78.0,447.0,139.0,184.0,21.0,1.0,,,,131.0,,322.0,,122.0,,,,4.0,7.0,,,,1.0,2.0,13.0,38.0,37.0,17.0,,14.0,,,,,3.0,13.0,,7.0,,,,,,,,6.0,3.0,4.0,,1.0,1.0,,,,,438,379.0,325,360.0,39.0,170.0,,2765,,476,,2.0,,,1318,3.0,426,2.0,7.0,,,565,12.0,623,19.0,87.0,,,9.0,25.0,805,619,466,573.0,36.0,180.0,,112,,2893,1.0,797,3.0,18.0,1.0,,65,,4315,16.0,1228,5.0,32.0,4.0,,13.0,1.0,2058,58,1325,96.0,113.0,18.0,,102.0,54.0,7.0,6.0,,,10.0,7.0,,21.0,34.0,,1.0,8.0,69,64.0,15.0,,,22.0,11.0,,,3.0,77.0,42.0,3.0,,,146,197.0,14.0,5.0,3.0,2.0,4.0,,,330,1.0,254,6.0,,,,,,,,,899,8.0,327,14.0,5.0,,,,,,,1.0,1.0,,1.0,26.0,,,,,17.0,20,,,,,15,1.0,14.0,3.0,,,,59,,77,,,,,,,,,,9.0,,5.0,,,1.0,,732,4.0,161,1.0,,,,,,,,,,,26.0,,15.0,,,,1.0,1.0,,1.0,4.0,,,,,,,,,18.0,18.0,,,,,,5091,3403,,2232,,700.0,,,,,53.0,,56.0,1.0,2.0,10.0,,137.0,,5967,3.0,4103,1.0,1096.0,,,,,,,,,296.0,,449.0,4.0,77.0,,,78.0,46.0,18.0,,,,,1.0,47.0,63.0,13.0,,5.0,11.0,3.0,5081.0,15.0,17.0,,2.0,,,,5.0,68.0,,38.0,,7.0,,,,,,,,3.0,,306.0,,,,,,,3.0,,1.0,,,,,,,,,1.0,2.0,,,1451,61
_1_km_monthly_VI_Quality_2007001_aid0001,aid0001,2007-01-01 00:00:00+00:00,8758,13475,11914,18379,805.0,10701.0,,2779143,49.0,31042,14.0,955.0,17.0,,608859,64.0,43702,107.0,784.0,10.0,,31995,192.0,22632,304.0,547.0,94.0,,2895,2027,3411,2939,191.0,1628.0,,16395,97.0,3228,31.0,189.0,24.0,,15354,49.0,5762,23.0,290.0,27.0,,3178,93,2872,128,73.0,28.0,,2270,3520,754.0,865.0,34.0,13.0,1993.0,1138.0,21.0,424,505,53.0,309,548,52.0,134.0,35.0,15.0,166.0,116.0,34.0,163,225,25.0,83,1654,45,662,1.0,77.0,,271781,154.0,26634,512.0,88.0,1.0,,15.0,,,,,,6930,33,1668,88,9.0,10.0,,95,103,4.0,804,818,,2.0,,,68,137,1.0,533,1042,132,488,2.0,25.0,,19801,16.0,3058,132.0,23.0,,,3.0,7.0,,,100,,28,,,,,1613,74.0,398,54.0,11.0,2.0,,,,,,,,8.0,,2.0,,,,,70,100,4.0,145,264,2.0,,,,3.0,,64.0,42.0,,,,,30810,6207,41787,7310,22169.0,968.0,,,,,,462.0,,867.0,,84.0,,9171,5.0,9633,20.0,3984.0,14.0,,,,,,199.0,2.0,229.0,1.0,35.0,,4.0,1187,1720,948.0,,1.0,9.0,,,183,272,53.0,,,1.0,4.0,,353.0,103.0,550.0,112.0,279.0,10.0,,,,,92.0,,139.0,,88.0,,,10.0,4.0,3.0,,,3.0,2.0,,40.0,6.0,23.0,12.0,,2.0,,,5.0,,,43.0,3.0,2.0,1.0,,,,,,,3.0,8.0,,,1.0,1.0,,,,,548,237.0,603,342.0,82.0,273.0,,1410,3.0,272,,8.0,,,823,3.0,565,2.0,14.0,,,636,4.0,994,8.0,99.0,4.0,,2.0,9.0,901,343,723,523.0,36.0,206.0,,23,,2044,13.0,312,1.0,12.0,2.0,,19,,3091,20.0,969,5.0,37.0,2.0,,1.0,,1462,46,887,100.0,32.0,10.0,,58.0,96.0,23.0,7.0,,,9.0,11.0,1.0,37.0,61.0,5.0,,8.0,73,104.0,18.0,,,47.0,8.0,,,,89.0,75.0,5.0,,,194,197.0,15.0,5.0,,,2.0,,,449,4.0,265,20.0,6.0,,,,,,,,979,5.0,174,16.0,,2.0,,,,,,,,,13.0,43.0,,,,,11.0,26,,,,,20,,8.0,6.0,,,,92,1.0,92,17.0,,,,,,,,,5.0,,2.0,,,1.0,,689,4.0,84,5.0,,,,,,,,,,,7.0,,8.0,,,,,1.0,,2.0,25.0,,,,,,,,,15.0,13.0,,,,,,5906,1416,2.0,1609,,578.0,3.0,,,,55.0,,96.0,,3.0,6.0,,46.0,,3390,,2346,1.0,551.0,,,,,,,1.0,,297.0,,246.0,,28.0,,,36.0,55.0,10.0,,2.0,,,3.0,45.0,42.0,4.0,,2.0,6.0,1.0,5222.0,17.0,23.0,,2.0,,,,2.0,45.0,,37.0,,5.0,,,,,,,2.0,,,349.0,1.0,,,,,,,,,2.0,,,,,,,,,,,,1985,64
_1_km_monthly_VI_Quality_2007032_aid0001,aid0001,2007-02-01 00:00:00+00:00,14282,18239,11161,20849,134.0,3184.0,,2853521,20.0,131089,1.0,102.0,8.0,,355523,21.0,59606,9.0,89.0,2.0,,50819,152.0,38628,150.0,106.0,29.0,,3740,4937,3302,5573,58.0,330.0,,23331,68.0,2489,32.0,33.0,17.0,,18094,67.0,5871,27.0,85.0,9.0,,9012,290,5540,157,18.0,7.0,,2561,3087,217.0,84.0,39.0,,85.0,58.0,6.0,384,407,20.0,573,675,19.0,152.0,40.0,4.0,154.0,71.0,7.0,513,232,9.0,368,982,131,703,,21.0,,273812,2.0,39879,51.0,1.0,,,,,,,,,7137,28,2532,71,,,,50,47,3.0,104,321,,,,,22,90,,659,1093,192,492,,11.0,,20290,2.0,3657,54.0,,,,21.0,,,,89,,21,,,,,1574,2.0,675,12.0,2.0,,,,,,,,,7.0,,1.0,,,,,35,75,1.0,30,174,,,,,,,11.0,17.0,,,,,46367,5977,42098,4658,6001.0,121.0,,,,,,458.0,,543.0,,21.0,,14377,5.0,11035,27.0,712.0,3.0,,,,,,236.0,1.0,182.0,,3.0,,6.0,1006,1428,164.0,,1.0,7.0,,1.0,251,223,10.0,,,2.0,3.0,,522.0,85.0,773.0,122.0,98.0,3.0,,,,,155.0,,193.0,,8.0,,,9.0,4.0,,,,6.0,2.0,,27.0,62.0,2.0,31.0,,,,,,,,95.0,2.0,62.0,2.0,,,,,,,8.0,,,,5.0,3.0,,,,,501,366.0,392,317.0,6.0,39.0,,1383,1.0,285,,,,,966,6.0,480,1.0,6.0,,,802,4.0,639,8.0,1.0,2.0,,9.0,38.0,900,713,473,440.0,8.0,20.0,,38,,2234,17.0,153,1.0,7.0,,,33,,3683,20.0,694,2.0,9.0,1.0,,7.0,,2479,103,763,53.0,3.0,1.0,,85.0,60.0,,3.0,,,13.0,3.0,,40.0,27.0,,2.0,11.0,100,55.0,3.0,,,47.0,,,,,80.0,24.0,,,,270,114.0,,4.0,,1.0,,,,189,1.0,208,7.0,,,,,,,,,554,4.0,222,7.0,,,,,,,,,,,,15.0,,,,,6.0,21,,,,,16,,4.0,,,,,53,,62,2.0,,,,,,,,,4.0,,2.0,,,2.0,,526,,111,,,,,,,,,,,,5.0,,3.0,,,,,,,1.0,10.0,,,,,,,,,1.0,5.0,,,,,,5064,2276,,1009,,112.0,,,,,27.0,,69.0,,,6.0,,144.0,,4230,2.0,1328,2.0,38.0,,,,,,,,1.0,331.0,,170.0,,1.0,,,34.0,23.0,2.0,,2.0,,1.0,5.0,53.0,18.0,,,3.0,2.0,,4694.0,33.0,7.0,,,,1.0,,2.0,58.0,,17.0,,,,1.0,,,,,1.0,,,249.0,,,1.0,,,,1.0,,,,,,,,,,,,,,,1279,54
_1_km_monthly_VI_Quality_2007060_aid0001,aid0001,2007-03-01 00:00:00+00:00,20659,16235,12320,15605,,,,3106601,,27861,6.0,,,,346669,2.0,20178,5.0,,,,10809,22.0,10650,36.0,,,,4092,3391,2676,3049,,,,13801,2.0,1263,24.0,,,,15072,2.0,2060,9.0,,,,7257,51,2104,26,,,,2216,1673,,14.0,50.0,,17.0,7.0,,95,119,,363,277,,10.0,36.0,,13.0,8.0,,132,67,,263,570,307,477,,,,270037,,24555,2.0,,,,,,,,,,5271,17,1781,16,,,,34,49,,11,138,,,,,8,38,,811,579,102,236,,,,21625,,4641,7.0,,,,20.0,,,,29,,17,,,,,1335,7.0,647,6.0,,,,,,,,,,2.0,,3.0,,,,,16,13,,6,109,,,,,,,,2.0,,,,,86050,4430,60439,4314,,,,,,,,416.0,,384.0,,,,14491,4.0,8030,23.0,,,,,,,,98.0,,37.0,,,,2.0,642,748,,,,,,1.0,119,125,,,,,,,769.0,89.0,913.0,147.0,,,,,,,151.0,,160.0,,,,,4.0,2.0,,,,1.0,3.0,,101.0,54.0,8.0,34.0,,,,,,,,148.0,,57.0,3.0,,,,,,,15.0,2.0,,,3.0,3.0,,,,,224,227.0,100,115.0,,,,366,,39,,,,,424,,40,,,,,254,,205,,,,,12.0,28.0,426,357,138,166.0,,,,9,,486,,10,,,,,14,,1212,,116,,,,,2.0,,1115,19,247,3.0,,,,61.0,12.0,,,,,,,,10.0,1.0,,,5.0,32,22.0,,,,,,,,,3.0,2.0,,,,36,16.0,,,,1.0,,,,132,,213,,,,,,,,,,273,3.0,203,5.0,,,,,,,,,,,,5.0,,,,,1.0,14,,,,,9,,11.0,,,,,54,,88,1.0,,,,,,,,,2.0,,,,,1.0,,299,3.0,117,,,,,,,,,,,,5.0,,,,,,,,,,1.0,,,,,,,,,,2.0,,,,,,5002,1797,,387,,,,,,,11.0,,23.0,,,20.0,,121.0,,2883,1.0,541,,,,,,,,,,,67.0,,15.0,,,,,30.0,8.0,,,,,,2.0,25.0,,,,,1.0,,2979.0,10.0,4.0,,,,1.0,,1.0,28.0,,7.0,,,,,,,,,,,,140.0,,,,,,,6.0,1.0,1.0,,,,,,,,,,,,,794,64
_1_km_monthly_VI_Quality_2007091_aid0001,aid0001,2007-04-01 00:00:00+00:00,39139,6451,31132,3479,,,,3141475,,36788,,,,,306918,1.0,41598,2.0,,,,12117,3.0,12718,,,,,7567,312,5964,204,,,,33517,,2463,,,,,33894,2.0,7253,,,,,5319,1,2104,1,,,,258,288,,2.0,,,1.0,3.0,,6,9,,91,82,,,,,,3.0,,3,1,,572,828,447,350,,,,252041,3.0,35051,6.0,,,,,,,,,,9089,7,2813,3,,,,64,46,,15,136,,,,,5,22,,922,540,226,121,,,,20547,6.0,5491,10.0,,,,4.0,,,,17,,47,,,,,2097,5.0,695,1.0,,,,,,,7.0,,,10.0,,5.0,,,,,18,2,,1,67,,,,,,,17.0,1.0,,,,,64239,1342,35131,1094,,,,,,,,32.0,,25.0,,,,4020,1.0,2122,5.0,,,,,,,,7.0,,,,,,,274,321,,,,,,,38,56,,,,,,,735.0,22.0,635.0,3.0,,,,,,,42.0,,28.0,,,,,7.0,4.0,,,,,1.0,,177.0,25.0,33.0,2.0,,,,,,,,60.0,16.0,13.0,1.0,,,,,,,66.0,2.0,,,11.0,2.0,,,,,81,5.0,134,1.0,,,,234,,90,,,,,163,,110,,,,,65,,113,,,,,6.0,,331,35,174,7.0,,,,22,,440,,54,,,,,5,,984,,251,,,,,1.0,,475,1,176,1.0,,,,2.0,1.0,,,,,,,,,,,,,8,4.0,,,,,,,,,1.0,,,,,1,,,,,2.0,,,,105,,276,,,,,,,,,,328,,246,4.0,,,,,,,,,1.0,,,5.0,,,,,2.0,13,,,,,45,1.0,14.0,,,,,56,,117,,,,,,,,,,1.0,,5.0,,,2.0,,346,2.0,181,,,,,,,,2.0,,,,4.0,,2.0,,,,,,,,,,,,,,,,,5.0,,,,,,,4958,202,,32,,,,,,,2.0,,,,,3.0,,20.0,,386,,93,,,,,,,,,,,3.0,,4.0,,,,,1.0,,,,,,,,4.0,4.0,,,,,,1582.0,2.0,3.0,,,,,,1.0,15.0,,,,,,,,,,,,,,50.0,,,,,,,3.0,,,,,,,3.0,,,,,1.0,,,119,59
_1_km_monthly_VI_Quality_2007121_aid0001,aid0001,2007-05-01 00:00:00+00:00,36652,11676,32148,5107,,,,3166976,19.0,105320,14.0,,,,196110,14.0,37386,185.0,,,,8912,4.0,7786,9.0,,,,12039,226,9013,65,,,,46913,5.0,13806,9.0,,,,54386,16.0,18924,31.0,,,,11974,70,5530,65,,,,376,275,,588.0,880.0,,113.0,445.0,,3,32,,104,108,,46.0,42.0,,118.0,114.0,,148,251,,729,2228,690,674,,,,246185,21.0,32368,23.0,,,,,,,,,,12576,31,3896,19,,,,152,109,,74,175,,,,,40,76,,915,648,367,174,,,,19265,3.0,5323,,,,,13.0,1.0,,,29,,64,,,,,2787,8.0,707,6.0,,,,7.0,,,11.0,1.0,,11.0,,7.0,,,,,33,24,,9,49,,,,,,,26.0,27.0,,,,,28130,301,18898,408,,,,,,,,16.0,,8.0,,,,1392,1.0,1176,,,,,,,,,3.0,,1.0,,,,,96,134,,,,,,,13,16,,,,,,,223.0,,121.0,1.0,,,,,,,7.0,,9.0,,,,,,3.0,,,,,,,29.0,31.0,22.0,,,,,,,,,56.0,19.0,3.0,,,,,,,,74.0,,,,7.0,,,,,,61,,99,,,,,832,,569,,,,,471,1.0,401,3.0,,,,142,,69,,,,,12.0,,366,45,250,38.0,,,,49,,1140,2.0,415,3.0,,,,49,,2626,2.0,1643,5.0,,,,8.0,,1635,47,893,64.0,,,,2.0,1.0,,2.0,1.0,,1.0,13.0,,3.0,1.0,,,,26,12.0,,,,3.0,,,,,20.0,21.0,,,,127,135.0,,3.0,,2.0,,,,163,,298,10.0,,,,,,,1.0,,651,8.0,385,7.0,,,,1.0,,,,,,,,13.0,,,,,14.0,24,,,,,31,,11.0,,,,,58,,168,,,,,,,,,,1.0,,1.0,,,5.0,,421,10.0,267,13.0,,,,,,,3.0,,,,3.0,,15.0,,,,,1.0,,,4.0,,,,,,,,,10.0,29.0,,,,,,4948,19,,2,,,,,,,,,,,,2.0,,4.0,,38,,11,,,,,,,,,,,2.0,,3.0,,,,,,,,,,,,,,3.0,,,,,,466.0,,,,,,,,,,,,,,,,,,,,,,,18.0,1.0,,,,,,2.0,,,,,,,,,,,,,,,78,58
_1_km_monthly_VI_Quality_2007152_aid0001,aid0001,2007-06-01 00:00:00+00:00,22540,48843,15886,19469,,,,2152236,3359.0,179157,5109.0,,,,307877,1976.0,85064,3581.0,,,,21378,752.0,10323,887.0,,,,15357,127,8556,124,,,,194626,1597.0,23267,1378.0,,,,204470,5393.0,47066,6215.0,,,,59378,11272,16603,9565,,,,5679,3566,,20564.0,20204.0,,11583.0,11664.0,,2275,2409,,122,118,,11378.0,4739.0,,25820.0,15573.0,,24757,13617,,631,12465,475,6217,,,,173127,485.0,43243,903.0,,,,,,,,,,34127,270,8654,282,,,,1564,742,,1464,3134,,,,,1135,795,,794,2917,534,1061,,,,12478,31.0,4149,18.0,,,,3.0,2.0,,,25,,45,,,,,4128,54.0,881,7.0,,,,8.0,,,17.0,4.0,,28.0,1.0,15.0,,,,,365,167,,132,176,,,,,,,171.0,76.0,,,4.0,,10920,423,10127,341,,,,,,,,28.0,,1.0,,,,1810,2.0,1544,2.0,,,,,,,,6.0,,,,,,,21,49,,,,,,,10,20,,,,,,,4.0,1.0,9.0,,,,,,,,4.0,,9.0,,,,,,,,,,,,,,,,,,,,,,,,,,,,,,,,,,,,,,,,,,,,49,,29,1.0,,,,2748,46.0,1040,109.0,,,,2590,218.0,1320,232.0,,,,793,95.0,727,151.0,,,,14.0,,516,30,314,79.0,,,,338,1.0,10297,403.0,1360,316.0,,,,362,19.0,30762,1919.0,8386,2194.0,,,,106.0,16.0,25005,7905,10911,12807.0,,,,,1.0,,552.0,270.0,,685.0,527.0,,270.0,230.0,,,,27,35.0,,,84.0,2056.0,621.0,,3.0,93.0,7157.0,4754.0,,1.0,69.0,15907,13754.0,,2.0,,4.0,2.0,,,661,18.0,878,41.0,,,,,,,1.0,,3368,69.0,1595,128.0,,,,10.0,,1.0,,,3.0,,53.0,123.0,,,,,359.0,345,,,,6.0,26,1.0,65.0,,,,,97,,193,3.0,,,,,,,,,1.0,,7.0,,,4.0,,962,30.0,483,22.0,,,,,,,,,,,14.0,1.0,16.0,3.0,,,,,,3.0,7.0,,,,,,,,,114.0,65.0,,,7.0,,,5066,10,,8,,,,,,,,,,,,3.0,,5.0,,19,,14,,,,,,,,,,,9.0,,8.0,,,,,1.0,,,,,,,,,1.0,,,,,,53.0,1.0,,,,,,,,,,,,,,,,,,,,,,5.0,,,,,,,,,,,,,,,,,,,,,,215,61
_1_km_monthly_VI_Quality_2007182_aid0001,aid0001,2007-07-01 00:00:00+00:00,6949,220979,10755,78157,,,,733668,7076.0,135833,14256.0,,,,335842,6134.0,82515,20216.0,,,,18865,1977.0,10427,3138.0,,,,13274,295,12444,341,,,,217378,5652.0,27779,5465.0,,,,412201,21024.0,72177,29229.0,,,,136473,40586,35039,34481,,,,29742,11153,,64573.0,59230.0,,42077.0,38058.0,,4434,4489,,397,292,,41535.0,15962.0,,102718.0,54941.0,,73029,33028,,349,58715,377,33500,,,,67282,899.0,35483,1967.0,,,,,,,,,,36669,724,16326,840,,,,6559,3480,,3746,5469,,,,,2780,1637,,789,8141,719,3532,,,,3868,27.0,2207,31.0,,,,14.0,5.0,,,24,,36,,,,,3221,156.0,855,56.0,,,,9.0,,,24.0,1.0,,27.0,2.0,5.0,,,,,1184,638,,283,338,,,,,,,441.0,187.0,,2.0,2.0,,3351,424,5551,409,,,,,,,,25.0,,12.0,,,,1228,,1769,1.0,,,,,,,,14.0,,5.0,,,,,16,44,,,,,,,3,23,,,,,,,1.0,,4.0,7.0,,,,,,,,,8.0,,,,,,,,,,,,,,,,2.0,,,,,,,,,,,,,,,,,,,,,,,,,,,,43,7.0,39,26.0,,,,7867,184.0,1040,200.0,,,,10103,632.0,2386,930.0,,,,1751,438.0,1044,794.0,,,,9.0,1.0,717,219,411,380.0,,,,920,14.0,29066,1094.0,2000,981.0,,,,1614,86.0,107703,7390.0,15085,10173.0,,,,178.0,82.0,65445,33881,25269,40854.0,,,,8.0,30.0,,1412.0,677.0,,2911.0,1785.0,,715.0,652.0,,,,155,153.0,,2.0,254.0,7081.0,2311.0,,15.0,554.0,34759.0,15195.0,,5.0,139.0,49958,29056.0,,12.0,,5.0,,,,1354,52.0,1233,114.0,,,,,,,3.0,,7607,295.0,3959,466.0,,,,21.0,,7.0,1.0,1.0,6.0,,175.0,272.0,,,,1.0,796.0,877,,,1.0,,80,,68.0,3.0,,,,157,,119,2.0,,,,,,,,,5.0,,8.0,,,,,1421,112.0,621,55.0,,,,,,,3.0,,,,8.0,1.0,34.0,8.0,,,1.0,2.0,,12.0,15.0,,,,,,,,,286.0,131.0,,,5.0,3.0,,4950,25,,20,,,,,,,,,3.0,,,,,10.0,,43,,20,,,,,,,,,,,7.0,,3.0,,,,,2.0,,,,,,,,,1.0,,,,,,,,,,,,,,,,,,,,,,,,,,,,,8.0,,,,,,,,,,,,,,,,,,,,,,147,62
_1_km_monthly_VI_Quality_2007213_aid0001,aid0001,2007-08-01 00:00:00+00:00,6273,105961,5501,40616,,,,1138144,1273.0,96608,1026.0,,,,466428,1197.0,111857,2836.0,,,,25557,939.0,29299,1514.0,,,,12306,208,9176,259,,,,224713,529.0,18489,383.0,,,,585513,3974.0,112409,4877.0,,,,168028,11750,66453,14102,,,,10920,4300,,8140.0,6494.0,,13100.0,15927.0,,2998,6536,,136,181,,6399.0,1352.0,,31958.0,19310.0,,33684,23938,,309,34302,274,20533,,,,102819,333.0,41218,684.0,,,,,,,,,,42662,213,17214,356,,,,2016,1558,,750,1708,,,,,965,680,,1750,5835,261,2408,,,,6795,39.0,1917,7.0,,,,17.0,,,,34,,39,,,,,4129,80.0,934,29.0,,,,13.0,,,10.0,2.0,,21.0,1.0,15.0,1.0,,,,604,423,,121,114,,,,,,,198.0,81.0,,2.0,,,2423,678,3191,695,,,,,,,,35.0,,12.0,,,,1585,1.0,1404,1.0,,,,,,,,56.0,,8.0,,,,,29,17,,,,,,,21,18,,,,,1.0,,2.0,1.0,,,,,,,,,,,1.0,,,,,,,,,,,,,,,,,,,,,,,,,,,,,,,,,,,,,,,,,,,,69,7.0,92,9.0,,,,9922,19.0,732,24.0,,,,13113,151.0,3838,218.0,,,,2431,224.0,2478,333.0,,,,15.0,,706,187,452,175.0,,,,1209,4.0,24305,143.0,1127,86.0,,,,2405,16.0,124299,1717.0,22552,1902.0,,,,260.0,26.0,62803,8934,35782,14731.0,,,,8.0,5.0,,415.0,81.0,,1333.0,787.0,,524.0,905.0,,,,69,101.0,,2.0,48.0,1461.0,200.0,,6.0,202.0,12049.0,6209.0,,7.0,69.0,19063,18207.0,,7.0,,18.0,,,,2423,10.0,1895,63.0,,,,,,,5.0,,9488,135.0,4752,286.0,,,,34.0,,5.0,,1.0,6.0,,112.0,255.0,,,,3.0,506.0,656,,,,,123,2.0,40.0,1.0,,,,342,6.0,175,,,,,,,,,,6.0,,12.0,,,9.0,,2070,53.0,596,34.0,,,,,,,6.0,,,,20.0,,47.0,2.0,,,7.0,1.0,,9.0,20.0,,,,,,,,,152.0,72.0,,,1.0,7.0,,4946,31,,7,,,,,,,12.0,,3.0,,,3.0,,10.0,,87,1.0,29,,,,,,,,,,2.0,23.0,,7.0,,,,,1.0,,,,,,,,5.0,12.0,,,,4.0,,22.0,,,,,,,,,,,,,,,,,,,,,,,18.0,,,,,,,,,,,,,,,,,,,,,,180,59
_1_km_monthly_VI_Quality_2007244_aid0001,aid0001,2007-09-01 00:00:00+00:00,5402,11322,7322,5953,,,,2123616,2004.0,247731,460.0,,,,406915,224.0,155714,417.0,,,,11461,57.0,28925,172.0,,,,10465,354,8933,898,,,,170924,143.0,17261,50.0,,,,317850,372.0,74966,444.0,,,,67067,681,42117,1075,,,,827,723,,1681.0,1214.0,,1552.0,1655.0,,170,823,,101,293,,478.0,257.0,,2303.0,1599.0,,2178,2105,,196,6524,252,3161,,,,182235,477.0,67607,344.0,,,,,,,,,,30955,101,12586,100,,,,583,276,,380,696,,,,,182,196,,1816,2311,577,929,,,,12591,8.0,3953,4.0,,,,23.0,3.0,,,55,,55,,,,,2854,11.0,644,18.0,,,,9.0,,,16.0,2.0,,34.0,,19.0,,,,,306,156,,71,75,,,,,,,45.0,31.0,,1.0,,,2792,1048,6298,976,,,,,,,,19.0,,7.0,,,,2265,4.0,3373,11.0,,,,,,,,40.0,,33.0,,,,,37,138,,,1.0,,,,19,85,,,,,1.0,,7.0,,7.0,1.0,,,,,,,4.0,,3.0,,,,,,,,,,,,,,,,,,,,,,,,,,,,,,,,,,,,,,3.0,,,,,,97,9.0,56,7.0,,,,8093,8.0,551,10.0,,,,3433,26.0,1307,27.0,,,,602,23.0,692,20.0,,,,8.0,2.0,553,59,219,35.0,,,,768,,10836,29.0,611,10.0,,,,475,2.0,23122,190.0,4036,227.0,,,,49.0,5.0,9202,811,4823,1047.0,,,,1.0,4.0,,88.0,31.0,,156.0,118.0,,45.0,100.0,,1.0,,21,12.0,,,8.0,208.0,63.0,,,29.0,1303.0,661.0,,,3.0,1929,1703.0,,6.0,,16.0,,,,1507,11.0,808,17.0,,,,,,,,,3764,60.0,1437,72.0,,,,14.0,,4.0,,,1.0,,37.0,64.0,,,,,164.0,133,,,1.0,,63,1.0,33.0,,,,,259,3.0,184,,,,,,,,,,7.0,,14.0,,,5.0,,1156,27.0,321,8.0,,,,,,,2.0,,,,27.0,,26.0,,,,7.0,,,9.0,8.0,,,,,,,,,58.0,39.0,,,,3.0,,5028,96,,87,,,,,,,,,3.0,,,2.0,,14.0,,334,,217,,,,,,,,,,,74.0,,33.0,,,,,1.0,6.0,,,,,,,5.0,,,,3.0,,,1773.0,,,,,,,,,1.0,,,,,,,,,,,,,,93.0,,,,,,,4.0,,,,,,,,,,,1.0,,,,739,56
_1_km_monthly_VI_Quality_2007274_aid0001,aid0001,2007-10-01 00:00:00+00:00,10866,13507,14049,6725,,,,2950905,554.0,71821,355.0,,,,427535,169.0,54623,167.0,,,,25233,77.0,18046,244.0,,,,8550,434,9552,1086,,,,46408,91.0,5132,3.0,,,,48100,284.0,9057,32.0,,,,21073,258,5852,531,,,,1218,1135,,1049.0,47.0,,308.0,119.0,,273,512,,203,420,,603.0,18.0,,471.0,77.0,,1070,496,,181,3677,162,1325,,,,259816,319.0,30183,116.0,,,,,,,,,,11605,72,2938,45,,,,333,121,,261,357,,,,,80,72,,999,1510,46,264,,,,19596,4.0,3888,3.0,,,,33.0,11.0,,,29,,57,,,,,1449,4.0,574,9.0,,,,3.0,,,18.0,1.0,,8.0,1.0,7.0,,,,,65,38,,17,51,,,,,,,8.0,12.0,,,,,8385,2173,20273,1531,,,,,,,,19.0,,14.0,,,,5014,1.0,6245,18.0,,,,,,,,69.0,,36.0,,,,,123,440,,,,,,,66,121,,,,,,,13.0,10.0,45.0,,,,,,,,10.0,,13.0,,,,,1.0,1.0,,,,,,,5.0,39.0,,10.0,,,,,,,,21.0,,,,,,,,,,3.0,,,,2.0,,,,,,228,12.0,140,12.0,,,,3129,6.0,571,1.0,,,,876,8.0,318,29.0,,,,346,3.0,379,17.0,,,,6.0,3.0,586,59,179,33.0,,,,272,1.0,6070,14.0,396,,,,,87,,5328,78.0,720,17.0,,,,15.0,2.0,2946,233,1014,241.0,,,,5.0,11.0,,67.0,1.0,,39.0,28.0,,13.0,18.0,,,2.0,28,9.0,,1.0,8.0,89.0,7.0,,1.0,8.0,195.0,39.0,,,2.0,531,219.0,,3.0,,1.0,,,,727,9.0,502,1.0,,,,,,,,,1975,11.0,478,14.0,,,,6.0,2.0,,,1.0,,,12.0,17.0,,,,,37.0,28,,,,,37,,15.0,,,,,134,,201,3.0,,,,,,,,,5.0,,15.0,,,,,895,3.0,315,6.0,,,,,,,3.0,,,,15.0,,12.0,,,,,1.0,,,2.0,,,,,,,,,7.0,10.0,,,,1.0,,5932,247,,204,,,,,,,1.0,,8.0,,,8.0,,21.0,,617,,276,,,,,,,,,,,133.0,1.0,42.0,1.0,,,,2.0,9.0,,,,,,,5.0,3.0,,,6.0,2.0,,2321.0,2.0,4.0,,,,,,,2.0,,,,,,,,,,,,,,268.0,,,,,,,,,,,,,,,,,,,,,,1614,67
_1_km_monthly_VI_Quality_2007305_aid0001,aid0001,2007-11-01 00:00:00+00:00,6914,7453,12349,7095,89.0,196.0,,2704476,20.0,74852,3.0,29.0,,,786309,11.0,46014,6.0,28.0,,,13754,2.0,4674,8.0,77.0,,,7574,865,8075,1114,87.0,97.0,,33048,6.0,7556,1.0,19.0,,,21042,17.0,9885,2.0,60.0,1.0,,4835,31,2755,13,21.0,2.0,,543,1240,38.0,91.0,5.0,,36.0,22.0,1.0,53,47,5.0,414,560,23.0,8.0,7.0,2.0,59.0,50.0,1.0,90,57,,110,1983,98,689,,1.0,,284909,3.0,26200,1.0,,,,,,,,,,6821,2,2359,13,,,,72,51,,52,218,,,,,11,38,,503,2096,85,622,,2.0,,19810,,4227,,,,,16.0,2.0,,,73,,53,,,,,1190,,451,2.0,,,,17.0,,,7.0,1.0,,16.0,,6.0,,,,,42,69,,8,81,,,,1.0,1.0,,2.0,14.0,,,,,5077,4015,8960,3209,308.0,56.0,,,,,,41.0,,46.0,,,,5315,6.0,5373,13.0,156.0,,,,,,,144.0,,93.0,2.0,13.0,,,271,522,39.0,,2.0,,1.0,,121,190,11.0,,,6.0,7.0,2.0,18.0,28.0,85.0,16.0,2.0,,,,,,73.0,,74.0,,2.0,,,5.0,1.0,,,,3.0,6.0,,3.0,13.0,,10.0,,,,,,,,10.0,,,,,2.0,,,,,,3.0,,,8.0,2.0,,,,,451,27.0,239,49.0,9.0,5.0,,2355,3.0,308,,3.0,,,1201,4.0,383,1.0,2.0,,,565,6.0,387,2.0,9.0,,,11.0,,1176,80,471,43.0,2.0,7.0,,90,,3884,5.0,311,,4.0,,,41,,4198,7.0,782,1.0,2.0,,,3.0,,1630,62,449,22.0,2.0,,,22.0,21.0,10.0,4.0,5.0,,14.0,5.0,,27.0,12.0,,,6.0,55,30.0,1.0,,,11.0,3.0,,,,69.0,11.0,,,,168,50.0,6.0,1.0,,5.0,2.0,1.0,,258,,300,,,,,,,,,,730,4.0,288,,,,,1.0,,,,,,,3.0,1.0,,,,,3.0,10,,,,,30,,9.0,,,,,34,,98,,,,,,,,,,10.0,,7.0,,,1.0,,382,1.0,173,,,,,,,,4.0,,,,6.0,1.0,12.0,,,,,,,,1.0,,,,,,,,,3.0,11.0,,,2.0,,,5918,356,,260,,7.0,,,,,25.0,,3.0,,,6.0,,13.0,,975,3.0,475,1.0,28.0,,,,,,,,,262.0,4.0,101.0,,7.0,,,9.0,7.0,,3.0,,,,4.0,15.0,11.0,,,12.0,6.0,,2166.0,1.0,2.0,,2.0,,,,,25.0,,5.0,,,,,,,,,,1.0,,291.0,1.0,,,,,,,2.0,,,,,,,,,,4.0,,,,1903,72
_1_km_monthly_VI_Quality_2007335_aid0001,aid0001,2007-12-01 00:00:00+00:00,3379,8428,5413,10155,360.0,3600.0,,2290394,81.0,108992,6.0,7980.0,6.0,,1056425,52.0,63759,34.0,3974.0,12.0,,23355,26.0,7052,55.0,886.0,39.0,,5588,1410,5477,2867,410.0,2969.0,,37217,21.0,7361,18.0,1770.0,16.0,,45384,32.0,12715,19.0,2210.0,41.0,,10601,111,4870,105,848.0,111.0,,793,1276,186.0,320.0,33.0,20.0,215.0,112.0,27.0,187,173,58.0,683,722,143.0,29.0,26.0,23.0,165.0,157.0,72.0,230,225,131.0,189,1914,89,851,4.0,17.0,,275733,46.0,35012,220.0,197.0,,,5.0,,,,,,11251,11,2929,36,50.0,5.0,,108,70,2.0,283,592,,,,,53,111,,434,2071,75,656,2.0,14.0,,18116,4.0,3706,47.0,84.0,,,15.0,6.0,,2.0,76,,74,,17.0,,,1757,5.0,533,15.0,22.0,2.0,,14.0,,,16.0,,1.0,29.0,,7.0,,1.0,,,128,97,2.0,56,146,1.0,,,,1.0,1.0,27.0,33.0,1.0,1.0,,1.0,2971,4410,5108,4188,3809.0,1315.0,,,,,,82.0,,194.0,1.0,45.0,,4657,6.0,5240,14.0,3387.0,28.0,,,,,,145.0,,233.0,,115.0,2.0,,173,374,180.0,,1.0,,1.0,,144,160,64.0,,,4.0,8.0,,74.0,27.0,172.0,30.0,22.0,6.0,,,,,71.0,,85.0,,18.0,,,6.0,7.0,1.0,,,1.0,,,,4.0,1.0,10.0,1.0,,,,,,,4.0,,,,,2.0,,,,,,4.0,,,5.0,2.0,,,,,466,42.0,277,121.0,37.0,137.0,,3447,9.0,803,,29.0,6.0,,1785,14.0,994,11.0,52.0,3.0,,757,11.0,760,11.0,84.0,2.0,,8.0,7.0,1372,206,470,329.0,62.0,269.0,,129,,5301,8.0,533,2.0,62.0,,,63,,6239,15.0,1642,12.0,145.0,1.0,,4.0,,2841,101,1294,100.0,249.0,19.0,,45.0,35.0,16.0,22.0,2.0,,37.0,30.0,3.0,41.0,41.0,2.0,1.0,6.0,91,61.0,18.0,,1.0,46.0,9.0,4.0,,,159.0,80.0,11.0,,,271,196.0,75.0,4.0,,,,3.0,,371,,241,8.0,,,,,,,,,901,2.0,265,11.0,,,,3.0,,,,,,,7.0,44.0,2.0,,,,17.0,35,,,,,21,1.0,2.0,3.0,,,,65,,66,3.0,,,,,,,,,6.0,,7.0,,,,,592,8.0,144,4.0,,,,,,,3.0,,,,16.0,1.0,12.0,,,,,,,1.0,7.0,,,,,2.0,,,,16.0,17.0,,,3.0,,,5097,295,,393,,373.0,,,,,30.0,,46.0,,4.0,3.0,,24.0,2.0,1264,,1096,,578.0,4.0,,,,,,,,271.0,2.0,282.0,,71.0,,,17.0,11.0,3.0,2.0,2.0,,,,18.0,23.0,7.0,,7.0,8.0,1.0,1637.0,1.0,4.0,,5.0,,,,1.0,9.0,,11.0,,3.0,,,,,,,,,,262.0,,,,,,,,4.0,,,,,,,,,,,,,,1591,61
_1_km_monthly_VI_Quality_2008001_aid0001,aid0001,2008-01-01 00:00:00+00:00,1190,26969,1928,41534,110.0,21691.0,,2750219,242.0,42760,100.0,14196.0,14.0,,553058,63.0,77772,56.0,13352.0,78.0,,15828,351.0,13139,372.0,1551.0,150.0,,1839,6713,2822,7929,71.0,6331.0,,14363,255.0,4117,157.0,785.0,77.0,,13596,97.0,8054,107.0,1928.0,168.0,,3211,527,6100,505,1191.0,499.0,,2220,1850,380.0,2433.0,471.0,203.0,2012.0,528.0,429.0,1031,590,214.0,750,1041,230.0,571.0,288.0,99.0,462.0,325.0,305.0,632,872,410.0,112,1936,62,898,6.0,174.0,,272002,225.0,32457,555.0,867.0,7.0,,13.0,,,,,,7324,123,2995,194,209.0,110.0,,226,138,9.0,1228,1298,10.0,,,,252,296,8.0,318,1871,185,418,10.0,73.0,,18793,38.0,3362,198.0,102.0,,,12.0,1.0,,,86,,36,,,,,1340,29.0,458,32.0,33.0,3.0,,,,,,,,15.0,,14.0,,,,,250,215,8.0,232,354,4.0,,,,,,93.0,36.0,1.0,,3.0,,17971,6047,22956,5497,23453.0,1318.0,,,,,,156.0,,308.0,,21.0,,6827,10.0,7430,30.0,5661.0,61.0,,,,,,110.0,3.0,157.0,,67.0,,,523,688,1064.0,,3.0,,,,157,260,411.0,,,3.0,3.0,,63.0,146.0,206.0,140.0,236.0,35.0,,,,,165.0,,128.0,,69.0,1.0,,11.0,5.0,19.0,,,6.0,9.0,11.0,83.0,54.0,,14.0,7.0,3.0,,,,,,66.0,6.0,6.0,,7.0,,,1.0,,1.0,11.0,1.0,,,8.0,,,,,,217,863.0,226,583.0,13.0,531.0,,1825,2.0,1288,7.0,8.0,2.0,,505,3.0,901,5.0,17.0,1.0,,279,32.0,578,6.0,45.0,1.0,,1.0,86.0,500,1977,743,2292.0,7.0,1442.0,,95,,2829,38.0,1000,22.0,6.0,16.0,,26,,2342,40.0,1974,27.0,27.0,12.0,,7.0,2.0,1088,422,1984,383.0,87.0,170.0,,163.0,78.0,8.0,39.0,33.0,3.0,14.0,50.0,,41.0,64.0,2.0,8.0,14.0,171,284.0,13.0,,6.0,91.0,86.0,,,3.0,136.0,166.0,14.0,,1.0,468,707.0,15.0,,7.0,1.0,9.0,,,496,1.0,398,26.0,3.0,,,,,,,2.0,1070,14.0,365,28.0,,4.0,,,,2.0,,2.0,1.0,,25.0,70.0,,,,,43.0,59,5.0,,,,10,3.0,16.0,2.0,,,,118,4.0,110,6.0,4.0,,,,,,,,12.0,,4.0,,,,,684,21.0,171,11.0,,3.0,,,,,,,,,16.0,2.0,6.0,,,,7.0,2.0,,7.0,10.0,,,,,,,,,30.0,21.0,1.0,,,,,5806,2012,1.0,1769,4.0,549.0,6.0,,,,30.0,,23.0,,,,,68.0,4.0,4284,6.0,2387,5.0,684.0,,,,,,,,,130.0,,163.0,,22.0,,,37.0,56.0,27.0,,1.0,,3.0,4.0,52.0,51.0,9.0,,1.0,2.0,,1669.0,4.0,2.0,,7.0,,,,1.0,47.0,,24.0,,6.0,,,1.0,1.0,,,,3.0,,180.0,1.0,,,,,,1.0,,,,1.0,,,,,,,4.0,,,,1437,67
_1_km_monthly_VI_Quality_2008032_aid0001,aid0001,2008-02-01 00:00:00+00:00,12313,28432,10556,38315,26.0,3728.0,,2566938,20.0,51307,4.0,,,,610857,21.0,97628,15.0,19.0,6.0,,39262,189.0,28215,141.0,19.0,16.0,,2380,5031,2117,10237,5.0,797.0,,14426,80.0,2699,53.0,4.0,12.0,,35731,75.0,11313,55.0,19.0,11.0,,15753,240,12776,230,8.0,7.0,,1576,2602,33.0,118.0,23.0,,147.0,59.0,5.0,315,357,1.0,345,471,9.0,150.0,37.0,1.0,200.0,56.0,7.0,331,345,5.0,300,1555,288,1128,,14.0,,252026,8.0,71224,165.0,9.0,2.0,,,,,,,,9090,96,4830,162,1.0,8.0,,121,93,,155,578,1.0,,,,56,139,1.0,474,1351,144,556,,4.0,,18616,3.0,4834,84.0,1.0,,,13.0,,,,100,,43,,,,,1544,48.0,693,18.0,,,,,,,,,,15.0,,9.0,,,,,130,38,,90,220,,,,2.0,,,40.0,31.0,,,,,46228,6281,74564,5456,4208.0,144.0,,,13.0,3.0,,1615.0,,1160.0,,9.0,,11183,17.0,11918,33.0,685.0,12.0,,,3.0,,,254.0,3.0,172.0,,1.0,,1.0,625,956,105.0,,9.0,,,,189,164,13.0,,,4.0,2.0,,240.0,194.0,747.0,119.0,7.0,2.0,,,,,197.0,1.0,198.0,,9.0,,,18.0,9.0,,,,29.0,12.0,,74.0,43.0,,46.0,,,,,,,,99.0,1.0,9.0,,,,,3.0,,1.0,5.0,6.0,,,4.0,,,,,,286,522.0,135,756.0,,96.0,,791,1.0,99,,,,,736,1.0,195,,,,,429,6.0,324,1.0,,,,7.0,53.0,570,1604,218,1643.0,2.0,93.0,,45,,1089,6.0,174,4.0,,,,29,,2703,23.0,485,,4.0,,,7.0,,1986,153,764,65.0,3.0,,,41.0,49.0,,3.0,,,12.0,,,22.0,18.0,,,5.0,105,86.0,,,,17.0,2.0,,,2.0,118.0,12.0,,,1.0,357,118.0,2.0,,2.0,4.0,7.0,,,214,1.0,237,5.0,,,,,,,,,619,20.0,297,12.0,,,,1.0,,,,,,,3.0,27.0,,,,,16.0,36,,,,,5,1.0,15.0,2.0,,,,68,,108,3.0,,,,,,,,,7.0,,10.0,,,,,450,14.0,120,9.0,,,,,,,,,,,13.0,,9.0,,,,1.0,2.0,,2.0,7.0,,,,,,,,,12.0,6.0,,,,,,4976,1772,1.0,1807,10.0,128.0,1.0,,,,74.0,,41.0,,,7.0,,82.0,2.0,4681,9.0,2383,1.0,75.0,,,,,,,,,371.0,,140.0,,,,,47.0,22.0,5.0,,,,,5.0,115.0,22.0,,,1.0,1.0,,1376.0,21.0,9.0,,,,,,2.0,87.0,,29.0,,,,6.0,,,,1.0,8.0,,,88.0,,,,,,,2.0,,1.0,,,,,,,,,2.0,,,,968,55
_1_km_monthly_VI_Quality_2008061_aid0001,aid0001,2008-03-01 00:00:00+00:00,26286,11901,21620,12331,,,,2970987,,33382,,,,,445121,,32978,,,,,16836,9.0,15306,32.0,,,,5119,996,4632,1573,,,,16995,,2714,,,,,17523,1.0,4438,,,,,6670,25,3154,30,,,,1872,2940,,,7.0,,22.0,10.0,,89,130,,546,477,,1.0,3.0,,10.0,5.0,,63,68,,266,1114,168,640,,,,274940,4.0,26169,22.0,,,,,,,,,,6425,21,2721,26,,,,73,73,,35,134,,,,,13,51,,789,808,239,414,,,,20444,,4867,14.0,,,,,,,,44,,35,,,,,1645,16.0,854,13.0,,,,,,,,,,5.0,2.0,6.0,,,,,24,20,,17,79,,,,,,,5.0,13.0,,,,,57514,2845,79864,2687,,,,,3.0,4.0,,812.0,,717.0,,,,9643,1.0,7817,16.0,,,,,2.0,,,144.0,,64.0,,,,1.0,810,901,,,6.0,,,,218,119,,,,,1.0,,562.0,38.0,1165.0,104.0,,,,,,,90.0,1.0,158.0,,,,,12.0,13.0,,,,,2.0,,130.0,50.0,1.0,41.0,,,,,,,,135.0,2.0,25.0,,,,,,,,18.0,6.0,,,21.0,3.0,,,,,190,28.0,87,44.0,,,,1076,,29,,,,,524,,226,,,,,304,,303,1.0,,,,7.0,7.0,505,116,214,134.0,,,,67,,1030,,29,,,,,27,,1560,,299,,,,,6.0,,1180,20,374,10.0,,,,22.0,12.0,,,,,,,,2.0,1.0,,,1.0,96,37.0,,,,,2.0,,,,6.0,3.0,,,,52,23.0,,2.0,,,,,,168,,259,,,,,,,,,,538,6.0,325,1.0,,,,1.0,,,,,,,1.0,6.0,,,,,1.0,5,,,,,11,,9.0,,,,,85,,133,,,,,,,,,,6.0,,2.0,,,3.0,,457,5.0,171,2.0,,,,,,,,,,,10.0,,4.0,,,,,,,,,,,,,,,,,2.0,2.0,,,,,,4891,433,,509,,,,,,4.0,21.0,,26.0,,,13.0,,47.0,,1662,1.0,778,1.0,,,,,,,,,1.0,161.0,,62.0,,,,,12.0,6.0,,,,,,5.0,30.0,7.0,,,1.0,,,562.0,2.0,3.0,,,,,,,7.0,,2.0,,,,,1.0,,,,,,,28.0,1.0,,,,,3.0,,1.0,2.0,,,,,,,,,,1.0,,,285,51
_1_km_monthly_VI_Quality_2008092_aid0001,aid0001,2008-04-01 00:00:00+00:00,34561,15601,26332,14094,,,,3077252,,45257,,,,,324904,,43897,,,,,14735,4.0,11869,9.0,,,,6552,1411,4643,1932,,,,19292,,3262,,,,,29109,,6352,1.0,,,,10320,93,4354,137,,,,1770,2705,,3.0,16.0,,22.0,3.0,,23,54,,734,786,,,6.0,,13.0,5.0,,140,189,,412,1351,239,718,,,,254340,11.0,35845,8.0,,,,,,,,,,8246,15,3045,37,,,,115,138,,11,102,,,,,17,53,,803,414,325,119,,,,20088,,5733,3.0,,,,3.0,,,,20,,30,,,,,1957,11.0,969,12.0,,,,,,,4.0,,,10.0,2.0,4.0,,,,,34,6,,3,38,,,,1.0,,,3.0,1.0,,,,,51375,1539,61980,1394,,,,,,,,27.0,,16.0,,,,4622,7.0,3550,15.0,,,,,,,,6.0,,1.0,,,,1.0,588,570,,,,,,,233,157,,,,2.0,,,432.0,31.0,1105.0,42.0,,,,,,,60.0,,26.0,,,,,24.0,17.0,,,,2.0,,,70.0,31.0,21.0,15.0,,,,,,,,105.0,5.0,22.0,1.0,,,,,,,37.0,4.0,,,18.0,1.0,,,,,135,5.0,73,22.0,,,,298,,86,,,,,552,,838,,,,,150,,334,2.0,,,,10.0,3.0,441,171,246,133.0,,,,18,,505,,66,,,,,73,,2496,1.0,1866,,,,,8.0,,1988,65,1410,52.0,,,,20.0,10.0,,,,,2.0,,,8.0,8.0,,,,100,97.0,,,,,,,,,18.0,,,,,113,66.0,,1.0,,,,,,176,,339,3.0,,,,,,,,,445,3.0,341,,,,,,,,,,4.0,,,7.0,,,,,3.0,12,,,,,26,,16.0,,,,,73,1.0,193,,,,,,,,,,5.0,,3.0,,,1.0,,386,,266,,,,,,,,,,,,12.0,,4.0,,,,,,,,1.0,,,,,,,,,1.0,2.0,,,,,,4921,232,,125,,,,,,1.0,1.0,,4.0,,,5.0,,34.0,,643,3.0,290,,,,,,,,,,,7.0,,4.0,,,,,6.0,3.0,,,,,2.0,3.0,27.0,10.0,,,,,,187.0,6.0,2.0,,,,,,,2.0,,,,,,,1.0,,,,,,,21.0,2.0,,,,,3.0,5.0,3.0,,,,,,,,,,2.0,1.0,,,89,58
_1_km_monthly_VI_Quality_2008122_aid0001,aid0001,2008-05-01 00:00:00+00:00,36413,20970,31747,11271,,,,2999786,13.0,63089,29.0,,,,321445,28.0,61285,25.0,,,,13143,18.0,16399,22.0,,,,15810,676,9940,642,,,,40355,9.0,4473,3.0,,,,67353,36.0,14455,31.0,,,,17177,331,7133,357,,,,1168,872,,26.0,42.0,,99.0,583.0,,29,90,,525,739,,16.0,3.0,,175.0,104.0,,368,495,,749,3369,522,1528,,,,246062,17.0,32166,33.0,,,,,,,,,,13530,37,4457,70,,,,273,184,,38,290,,,,,46,157,,949,702,295,120,,,,18505,3.0,5242,3.0,,,,2.0,,,,15,,12,,,,,2991,12.0,973,2.0,,,,3.0,,,12.0,,,15.0,,12.0,,,,,51,14,,18,74,,,,,,,24.0,9.0,,,,,31144,489,28793,399,,,,,,,,,,,,,,2086,,1969,2.0,,,,,,,,5.0,,1.0,,,,,167,196,,,,,,,107,113,,,,1.0,,,196.0,1.0,232.0,,,,,,,,22.0,,16.0,,,,,10.0,2.0,,,,5.0,,,116.0,28.0,8.0,15.0,,,,,,,,85.0,,21.0,2.0,,,,,,,5.0,3.0,,,3.0,1.0,,,,,78,1.0,124,4.0,,,,460,1.0,139,,,,,655,4.0,931,2.0,,,,210,5.0,174,2.0,,,,14.0,4.0,625,213,429,119.0,,,,39,,953,1.0,115,,,,,88,,3939,29.0,2636,14.0,,,,9.0,,3222,228,1892,199.0,,,,3.0,8.0,,3.0,,,10.0,1.0,,3.0,3.0,,,1.0,98,134.0,,,2.0,5.0,2.0,,,2.0,67.0,25.0,,,,327,192.0,,7.0,,6.0,,,,203,,498,10.0,,,,,,,,,903,6.0,786,30.0,,,,,,,,,,,4.0,40.0,,,,,22.0,96,,,,,20,1.0,13.0,,,,,62,2.0,270,2.0,,,,,,,,,5.0,,1.0,,,,,518,8.0,455,6.0,,,,,,,,,,,4.0,,1.0,,,,,,,2.0,4.0,,,,,,,,,13.0,13.0,,,,,,4941,52,,32,,,,,,,,,,,,2.0,,6.0,,79,,35,,,,,,,,,,,5.0,,6.0,,,,,2.0,2.0,,,,,1.0,,15.0,9.0,,,,,,4.0,2.0,5.0,,,,,,,2.0,,2.0,,,,1.0,,,,,,,,9.0,,,,,,1.0,,,,,,,,,,,,,,,,35,72
_1_km_monthly_VI_Quality_2008153_aid0001,aid0001,2008-06-01 00:00:00+00:00,14720,46106,12808,25252,,,,1614166,3877.0,198860,4486.0,,,,470477,3956.0,74397,7467.0,,,,106497,6851.0,12553,3190.0,,,,19539,206,12713,154,,,,112022,2144.0,21353,5062.0,,,,220617,9111.0,42519,20396.0,,,,170035,28042,23420,25422,,,,9778,3830,,12112.0,8323.0,,25683.0,15911.0,,19224,4141,,375,146,,13006.0,4684.0,,47283.0,22555.0,,55484,17121,,365,20620,179,12942,,,,164084,861.0,33986,904.0,,,,,,,,,,26870,486,8335,632,,,,3667,1737,,1684,1987,,,,,1466,968,,999,4024,278,1828,,,,12490,30.0,2617,22.0,,,,4.0,2.0,,,14,,23,,,,,3924,91.0,562,40.0,,,,6.0,,,18.0,3.0,,15.0,1.0,17.0,,,,,848,390,,74,105,,,,,,,250.0,76.0,,,,,5329,649,8976,930,,,,,,,,25.0,,14.0,,,,1852,,2506,1.0,,,,,,,,5.0,,2.0,,,,,46,49,,,,,,,26,36,,,,,,,2.0,,5.0,1.0,,,,,,,11.0,,1.0,,,,,,,,,,,,,,3.0,,2.0,,,,,,,,8.0,,,,,,,,,,4.0,,,,7.0,,,,,,66,,67,5.0,,,,2414,37.0,1402,245.0,,,,3826,187.0,974,634.0,,,,1941,354.0,986,476.0,,,,16.0,,639,40,382,94.0,,,,269,7.0,7081,629.0,1853,1150.0,,,,512,38.0,26596,3669.0,5437,8779.0,,,,277.0,56.0,36786,23186,10223,30399.0,,,,4.0,3.0,,395.0,412.0,,1115.0,878.0,,1147.0,502.0,,,,65,68.0,,1.0,78.0,3392.0,1031.0,,1.0,224.0,16848.0,9004.0,,4.0,224.0,35535,19409.0,,16.0,2.0,4.0,3.0,,,686,11.0,890,78.0,,,,,,,1.0,,3162,92.0,1906,326.0,,,,1.0,,,,,,,87.0,161.0,,,,,416.0,575,,,1.0,,29,,22.0,,,,,163,,188,,,,,1.0,,,,,,,,,,4.0,,1146,54.0,475,46.0,,,,,,,1.0,,,,5.0,1.0,9.0,2.0,,,,,,3.0,13.0,,,,,,,,,157.0,130.0,,,,4.0,,5052,22,,10,,,,,,,2.0,,,,,1.0,,8.0,,30,,34,,,,,,,,,,,7.0,,,,,,,,,,,,,,,,,,,,2.0,,,,,,,,,,,,,7.0,,,,,,,,,,,,3.0,,,,,,,4.0,,,,,,,,,,,,,,,131,62
_1_km_monthly_VI_Quality_2008183_aid0001,aid0001,2008-07-01 00:00:00+00:00,7396,210346,5146,96774,,,,734978,6202.0,90614,13255.0,,,,318688,8766.0,62224,24279.0,,,,30894,3707.0,13636,7455.0,,,,13611,1063,7832,1661,,,,145125,5970.0,17977,6313.0,,,,322864,33487.0,47439,34223.0,,,,171540,65792,28170,53097,,,,45078,16079,,35291.0,30119.0,,52688.0,55529.0,,9169,14596,,775,807,,38031.0,12596.0,,126910.0,50556.0,,108785,44596,,168,68288,276,38051,,,,66499,1005.0,23805,2448.0,,,,,,,,,,29712,975,10516,1148,,,,9632,4202,,2411,3410,,,,,2583,1710,,792,9459,455,3921,,,,3804,53.0,1481,60.0,,,,18.0,1.0,,,15,,33,,,,,2775,193.0,663,66.0,,,,3.0,,,36.0,,,13.0,,11.0,,,,,1885,704,,134,181,,,,,,,389.0,143.0,,,,,3597,790,3055,695,,,,,,,,112.0,,35.0,,,,1505,,1712,1.0,,,,,,,,41.0,,,,,,,64,65,,,,2.0,,,23,29,,,,,,,2.0,,,1.0,,,,,,,2.0,,,,,,,,,,,,,,,,,,,,,,,,,,,,,,,,,,,,,,,,,,,,,,87,50.0,127,134.0,,,,5663,168.0,1651,393.0,,,,8457,830.0,3053,1294.0,,,,3289,800.0,2535,1732.0,,,,7.0,5.0,821,500,794,1157.0,,,,729,25.0,20307,1198.0,2520,1603.0,,,,1301,124.0,82780,12886.0,14378,12681.0,,,,477.0,126.0,83209,56318,27501,64363.0,,,,13.0,85.0,,1210.0,852.0,,3022.0,2351.0,,1650.0,1820.0,,,5.0,255,531.0,,2.0,190.0,8439.0,2174.0,,20.0,576.0,43397.0,18995.0,,27.0,315.0,76634,45048.0,,7.0,,27.0,21.0,,,1224,49.0,1491,145.0,,,,,,,,,6525,372.0,4236,753.0,,,,16.0,,2.0,,2.0,1.0,,133.0,312.0,,,,,981.0,1052,,,1.0,,33,,16.0,,,,,98,4.0,143,4.0,,,,,,,,,2.0,,,,,5.0,,1102,111.0,714,82.0,,,,,,,9.0,,,,3.0,,30.0,3.0,,,3.0,,,11.0,24.0,,,,,,,,,332.0,142.0,,,1.0,15.0,,5011,66,,5,,,,,,,3.0,,,,,5.0,,9.0,,81,,33,,,,,,,,,,,16.0,,1.0,,,,,,,,,,,,1.0,6.0,8.0,,,,,,1.0,,,,,,,,,2.0,,3.0,,,,,,,,,1.0,,,3.0,,,,,,,,,,,,,,,,,,,,,,182,59
_1_km_monthly_VI_Quality_2008214_aid0001,aid0001,2008-08-01 00:00:00+00:00,6876,79218,5218,38928,,,,1304443,2310.0,167690,3133.0,,,,473104,1940.0,142991,4782.0,,,,39324,806.0,30470,1944.0,,,,11561,149,8985,222,,,,206315,1022.0,30412,723.0,,,,425273,5491.0,88529,5506.0,,,,125771,10173,49236,11201,,,,11980,4896,,13315.0,20312.0,,24758.0,30246.0,,3794,10212,,145,183,,7577.0,4224.0,,34613.0,21223.0,,29059,20783,,236,28323,444,15560,,,,116545,418.0,55567,515.0,,,,,,,,,,38223,351,15585,313,,,,2165,1164,,1049,1704,,,,,830,562,,1130,5683,613,2184,,,,7069,38.0,2778,12.0,,,,19.0,3.0,,,41,,28,,,,,3459,67.0,949,10.0,,,,18.0,,,22.0,1.0,,23.0,,8.0,,,,,647,234,,122,104,,,,,,,216.0,65.0,,,,,3633,767,3207,739,,,,,,,,60.0,,32.0,,,,2224,1.0,1293,2.0,,,,,,,,39.0,,13.0,,,,,45,35,,,,2.0,,,32,13,,,,,,,8.0,5.0,,3.0,,,,,,,,,1.0,,,,,,1.0,,,,,,,,,,1.0,,,,,,,,,,,,,,,,,,,,,,,,,,,,116,2.0,68,11.0,,,,8703,51.0,1664,60.0,,,,10624,199.0,5073,214.0,,,,2132,124.0,3171,196.0,,,,12.0,1.0,591,104,450,219.0,,,,1011,1.0,20789,223.0,2366,166.0,,,,1612,25.0,81874,2003.0,20352,1639.0,,,,256.0,23.0,43959,7980,31356,11166.0,,,,7.0,15.0,,419.0,213.0,,1374.0,755.0,,525.0,820.0,,,,106,131.0,,1.0,50.0,1797.0,497.0,,4.0,216.0,11208.0,5013.0,,9.0,83.0,18711,16033.0,,9.0,,10.0,3.0,,,3025,26.0,2037,61.0,,,,,,,3.0,,9187,171.0,4823,190.0,,,,37.0,,5.0,,,2.0,,125.0,106.0,,,,,627.0,390,,,1.0,,80,,20.0,1.0,,,,430,1.0,221,,,,,,,,,,2.0,,7.0,,,11.0,,1995,56.0,793,18.0,,,,,,,2.0,,,,38.0,,47.0,,,,4.0,2.0,,27.0,10.0,,,,,,,,,214.0,69.0,,,1.0,13.0,,5004,57,,8,,,,,,,3.0,,,,,7.0,,13.0,,97,,49,,,,,,,,,,,29.0,,1.0,,,,,,,,,,,,,12.0,9.0,,,2.0,,,19.0,,,,,,,,,2.0,,,,,,,,,,,,,,9.0,,,,,,,,,,,,,,,,,,,,,,234,60
_1_km_monthly_VI_Quality_2008245_aid0001,aid0001,2008-09-01 00:00:00+00:00,12385,9205,15300,6119,,,,2370394,193.0,253609,187.0,,,,334515,39.0,193457,79.0,,,,16513,4.0,27913,125.0,,,,11049,46,11839,87,,,,169553,33.0,21125,4.0,,,,205125,96.0,49093,78.0,,,,35575,135,17189,146,,,,557,356,,355.0,288.0,,573.0,805.0,,82,552,,65,61,,179.0,36.0,,653.0,353.0,,368,289,,231,3294,276,1444,,,,194178,114.0,79186,287.0,,,,,,,,,,24553,74,7654,46,,,,388,168,,212,856,,,,,123,113,,1651,1699,324,497,,,,12673,9.0,5518,3.0,,,,10.0,9.0,,,44,,57,,,,,2498,9.0,751,3.0,,,,11.0,,,13.0,1.0,,15.0,,9.0,,,,,249,91,,46,163,,,,1.0,,,44.0,13.0,,,,,6729,1054,9642,867,,,,,,,,20.0,,15.0,,,,2811,1.0,2749,5.0,,,,,,,,52.0,,45.0,,,,,70,124,,,,,,,45,37,,,,,,,21.0,,30.0,1.0,,,,,,,14.0,,5.0,1.0,,,,,,,,,3.0,,,,1.0,,,,,,,,,,,,,,,,,,,,3.0,,,,,,,,,,103,7.0,85,,,,,4635,3.0,1364,1.0,,,,1384,2.0,653,3.0,,,,256,8.0,282,10.0,,,,8.0,,479,6,303,7.0,,,,456,,9285,8.0,1755,1.0,,,,156,,10075,51.0,2532,21.0,,,,15.0,,3483,141,1825,141.0,,,,,1.0,,8.0,7.0,,25.0,21.0,,20.0,19.0,,,,13,4.0,,,,74.0,9.0,,,3.0,334.0,67.0,,,2.0,277,196.0,,3.0,,10.0,,,,1085,2.0,804,17.0,,,,,,,2.0,,2628,24.0,965,28.0,,,,9.0,,4.0,,,2.0,,22.0,42.0,,,,,95.0,85,,,,,67,,30.0,,,,,270,1.0,160,,,,,,,,,,1.0,,9.0,,,3.0,,1065,10.0,319,7.0,,,,,,,1.0,,,,20.0,1.0,31.0,,,,8.0,,,9.0,8.0,,,,,,,,,52.0,30.0,,,,2.0,,5031,76,,27,,,,,,,,,,,,13.0,,9.0,,220,,49,,,,,,,,,,,87.0,,36.0,,,,,,1.0,,,,,,,,4.0,,,1.0,1.0,,947.0,,,,,,,,,,,,,,,,,,,,,,,210.0,,,,,,,,,,,,,,,,,,,,,,1342,64
_1_km_monthly_VI_Quality_2008275_aid0001,aid0001,2008-10-01 00:00:00+00:00,13968,6944,22736,4936,,,,3278441,20.0,69316,1.0,,,,188953,5.0,42336,2.0,,,,7352,1.0,18209,1.0,,,,9245,304,10057,443,,,,43482,,5136,,,,,27728,4.0,9200,,,,,6756,10,5747,15,,,,392,883,,11.0,4.0,,7.0,41.0,,27,277,,174,241,,6.0,6.0,,20.0,8.0,,46,89,,163,1353,210,760,,,,256032,35.0,38891,49.0,,,,,,,,,,6731,13,3599,12,,,,114,89,,28,331,,,,,17,95,,854,771,201,260,,,1.0,20282,,4868,,,,,25.0,6.0,,,45,,64,,,,,1355,3.0,582,,,,,20.0,,,27.0,,,6.0,,3.0,,,,,58,25,,5,77,,,,2.0,,,,8.0,,,,,11482,2712,19932,2458,,,,,,,,41.0,,81.0,,,,5927,1.0,6154,8.0,,,,,,,,150.0,,125.0,,,,,242,541,,,1.0,,,,127,120,,,,4.0,1.0,,53.0,3.0,112.0,4.0,,,,,,,31.0,,9.0,,,,,4.0,6.0,,,,2.0,1.0,,,22.0,,4.0,,,,,,,,,,,,,,,,,,5.0,1.0,,,,,,,,,218,4.0,160,15.0,,,,1032,,233,,,,,541,,249,1.0,,,,338,,222,,,,,6.0,2.0,487,18,250,11.0,,,,85,,2767,,315,,,,,42,,3118,3.0,548,1.0,,,,6.0,,1211,17,619,11.0,,,,9.0,9.0,,,,,1.0,,,4.0,6.0,,,,8,10.0,,,,,,,,,4.0,1.0,,,,34,35.0,,,,4.0,,,,392,,442,3.0,,,,,,,1.0,,905,1.0,424,7.0,,,,4.0,,1.0,,,,,,11.0,,,,,4.0,18,,,,,30,,10.0,,,,,70,,177,,,,,2.0,,,,,2.0,,1.0,,,3.0,,658,1.0,156,1.0,,,,,,,,,,,7.0,,4.0,,,,,,,1.0,4.0,,,,,,,,,2.0,11.0,,,,3.0,,5009,301,,147,,,,,,,13.0,,8.0,,,6.0,,21.0,,677,,264,,,,,,,,,,,308.0,,123.0,,,,,12.0,7.0,,1.0,,,,1.0,12.0,5.0,,,1.0,3.0,,657.0,,,,,,,2.0,,2.0,,1.0,,,,,,,,,,,,154.0,,,,,,,,,,,,,,,,,,,,,,1591,56
_1_km_monthly_VI_Quality_2008306_aid0001,aid0001,2008-11-01 00:00:00+00:00,10560,9674,18743,8587,37.0,338.0,,2829340,10.0,113846,,37.0,,,562673,15.0,29521,16.0,28.0,,,9872,10.0,11357,17.0,22.0,6.0,,8436,1446,10074,1511,73.0,254.0,,36997,3.0,9629,3.0,20.0,,,30387,15.0,14631,13.0,82.0,3.0,,10633,29,6070,46,36.0,7.0,,776,2069,32.0,39.0,10.0,,30.0,68.0,,48,119,2.0,495,757,25.0,15.0,14.0,1.0,46.0,21.0,2.0,134,88,11.0,168,2116,366,934,,,,258041,,40776,22.0,5.0,,,,,,,,,8175,3,4127,31,1.0,,,147,130,,40,313,,,,,21,59,,413,1519,96,428,,,,18531,,4649,1.0,,,,43.0,5.0,,,63,,64,,,,,1619,5.0,428,11.0,,,,15.0,,,16.0,2.0,,5.0,,10.0,,,,,50,45,,12,61,,,,1.0,,,16.0,7.0,,,,,10906,6728,19060,5391,857.0,135.0,,,1.0,,,58.0,,138.0,,,,9005,7.0,9012,14.0,769.0,,,,,,,144.0,,216.0,,9.0,,1.0,531,1509,31.0,,2.0,,,,262,388,17.0,,,4.0,5.0,,258.0,34.0,374.0,32.0,8.0,,,,,,92.0,,162.0,,3.0,,,5.0,44.0,,,,8.0,7.0,,6.0,7.0,,1.0,,,,,,,,1.0,,1.0,,,,,,,,,2.0,,,,,,,,,436,86.0,342,57.0,5.0,8.0,,1784,,241,,,,,849,2.0,374,,2.0,,,651,4.0,384,,6.0,,,16.0,7.0,1226,317,648,102.0,11.0,28.0,,100,,3371,,238,,2.0,,,35,,3644,12.0,874,2.0,11.0,,,9.0,,1823,30,1032,22.0,9.0,,,35.0,35.0,8.0,2.0,1.0,,4.0,1.0,,7.0,5.0,,1.0,2.0,101,43.0,4.0,,,8.0,2.0,,,,45.0,9.0,1.0,,,153,73.0,1.0,3.0,,2.0,3.0,,,420,,379,,,,,,,,,,993,2.0,286,3.0,,,,,,,,,2.0,,2.0,14.0,,,,1.0,9.0,25,,,,,31,,7.0,,,,,87,,224,,,,,2.0,,,,,10.0,,4.0,,,3.0,,889,6.0,127,,,,,,,,,,,,26.0,,12.0,,,,,,,2.0,,,,,,,,,,8.0,4.0,,,,,,5797,847,,532,,41.0,,,,,13.0,,20.0,,,9.0,,62.0,,2445,2.0,1017,,101.0,,,,,,,,3.0,286.0,,266.0,,3.0,,,39.0,32.0,4.0,1.0,,,1.0,4.0,44.0,32.0,7.0,,4.0,6.0,,860.0,4.0,12.0,,,,,,2.0,25.0,,10.0,,,,,,,,,1.0,,,237.0,,,,,,,4.0,,,,,,,,,,,,,,,1898,63
_1_km_monthly_VI_Quality_2008336_aid0001,aid0001,2008-12-01 00:00:00+00:00,5079,9846,8554,11043,1527.0,5256.0,,2674748,25.0,69268,,2275.0,1.0,,653493,70.0,32794,42.0,794.0,6.0,,101607,58.0,13940,219.0,521.0,28.0,,5502,1803,6761,2689,993.0,1642.0,,29679,6.0,6610,9.0,510.0,8.0,,28860,35.0,8506,34.0,910.0,10.0,,7407,65,5020,205,195.0,24.0,,1051,1966,1077.0,264.0,37.0,14.0,461.0,158.0,30.0,1446,2116,25.0,596,779,187.0,41.0,32.0,6.0,117.0,90.0,30.0,391,477,29.0,194,2071,205,1149,17.0,30.0,,269811,57.0,27559,309.0,82.0,,,11.0,,,,,,10167,10,2394,88,30.0,6.0,,170,187,21.0,893,1211,1.0,2.0,,,165,214,4.0,380,1929,62,603,1.0,4.0,,18561,10.0,3586,36.0,34.0,,,41.0,17.0,,1.0,88,,108,,8.0,,,1713,13.0,405,30.0,2.0,1.0,,17.0,,,12.0,2.0,,14.0,,17.0,,,,,122,221,2.0,121,218,,,,4.0,,,62.0,31.0,3.0,3.0,,,8432,7270,14957,7541,10796.0,1522.0,,,2.0,,,170.0,,384.0,,53.0,,8206,8.0,9123,18.0,6200.0,19.0,,,,,,204.0,,372.0,2.0,75.0,,1.0,497,777,607.0,,2.0,6.0,4.0,,195,260,103.0,,,3.0,4.0,2.0,85.0,59.0,238.0,139.0,180.0,8.0,,,,,103.0,,158.0,,58.0,,,3.0,6.0,9.0,,,6.0,5.0,4.0,4.0,1.0,,5.0,,,,,,,,7.0,,2.0,,,,,,,,,3.0,,,,,,,,,520,135.0,440,162.0,88.0,100.0,,2838,6.0,970,,39.0,,,1719,10.0,825,3.0,34.0,,,951,4.0,769,8.0,77.0,,,13.0,10.0,1278,367,832,337.0,67.0,157.0,,158,,4775,8.0,767,,33.0,1.0,,69,,5562,36.0,1864,5.0,84.0,,,18.0,,2421,51,1782,65.0,114.0,5.0,,96.0,62.0,31.0,12.0,6.0,,21.0,9.0,1.0,18.0,18.0,5.0,1.0,5.0,87,81.0,10.0,,,30.0,4.0,,,,108.0,44.0,1.0,,1.0,226,193.0,18.0,8.0,1.0,4.0,3.0,,2.0,536,2.0,296,37.0,1.0,,,,,,,,1193,3.0,373,24.0,1.0,,,2.0,,,,2.0,,,30.0,55.0,,,,1.0,44.0,64,,,,,46,,,,,,,131,,97,6.0,,,,,,,,,15.0,,14.0,,,,,719,10.0,183,7.0,,,,,,,,,,,36.0,,40.0,,,,2.0,1.0,,15.0,11.0,,,,,1.0,,,,26.0,19.0,,,1.0,,,5006,913,,867,2.0,644.0,1.0,,1.0,,25.0,,46.0,,17.0,7.0,,63.0,3.0,2957,2.0,2046,5.0,1001.0,,,,,,,,2.0,332.0,,403.0,,107.0,,,41.0,27.0,15.0,,1.0,,3.0,5.0,46.0,36.0,23.0,,7.0,9.0,,695.0,5.0,4.0,,,,,,,26.0,,20.0,,1.0,,,,,,,,,,213.0,,,,,,,1.0,,,,,,,,,,,,,,,1458,58
_1_km_monthly_VI_Quality_2009001_aid0001,aid0001,2009-01-01 00:00:00+00:00,2359,20430,2416,18794,250.0,11162.0,,2179738,4.0,37120,15.0,2585.0,,,1042557,12.0,48189,14.0,536.0,,,138386,69.0,12281,101.0,283.0,37.0,,2834,5064,1920,6121,126.0,4131.0,,13410,36.0,2308,76.0,365.0,56.0,,11733,18.0,3495,42.0,293.0,43.0,,4517,87,3071,127,138.0,79.0,,1617,1225,450.0,196.0,87.0,24.0,168.0,53.0,22.0,362,170,9.0,452,458,89.0,102.0,100.0,37.0,102.0,118.0,25.0,232,191,12.0,136,1637,85,837,,57.0,,286754,46.0,32433,113.0,146.0,1.0,,44.0,,,,,,7155,61,1719,118,46.0,65.0,,155,75,1.0,432,629,,,,,127,149,7.0,350,1380,62,498,,29.0,,19224,9.0,3528,70.0,29.0,,,13.0,,,,134,,57,1.0,3.0,,,1640,12.0,434,18.0,52.0,2.0,,,,,,,,18.0,,7.0,4.0,,,,223,173,8.0,164,204,3.0,,,5.0,,,111.0,62.0,5.0,,1.0,,35363,15308,35060,12713,28274.0,3258.0,,,,,,211.0,,330.0,,60.0,,16404,30.0,15106,25.0,10997.0,45.0,,,,,,160.0,,132.0,,61.0,,,880,1019,704.0,,,1.0,,1.0,299,309,129.0,,,3.0,3.0,,287.0,151.0,411.0,243.0,129.0,42.0,,,3.0,,200.0,3.0,188.0,,101.0,,,11.0,15.0,1.0,,,8.0,1.0,,5.0,146.0,,30.0,,3.0,,,5.0,,,40.0,,12.0,,4.0,1.0,,,,,13.0,1.0,,,,,,,,,285,626.0,309,736.0,33.0,456.0,,2669,,230,,8.0,,,717,,330,,,,,329,7.0,399,11.0,5.0,5.0,,6.0,64.0,675,1312,387,1128.0,31.0,492.0,,47,,2301,3.0,491,16.0,13.0,5.0,,18,,2722,3.0,819,6.0,21.0,7.0,,1.0,,1198,49,755,39.0,25.0,2.0,,79.0,78.0,21.0,1.0,,,1.0,,,14.0,25.0,,3.0,14.0,89,97.0,6.0,,,18.0,25.0,2.0,,,51.0,37.0,,,,121,91.0,9.0,7.0,,2.0,4.0,,1.0,580,6.0,336,18.0,,,,,,,,,1070,15.0,245,25.0,1.0,4.0,,,,,,,,,26.0,52.0,,,,,39.0,61,,,,,5,,3.0,2.0,,,,175,1.0,119,16.0,,,,,,,,,6.0,,6.0,,,,,739,3.0,84,9.0,1.0,,,,,,,,,,30.0,,6.0,,,,,,,5.0,7.0,,,,,,,,,17.0,45.0,,,,,,5837,4228,2.0,3115,2.0,1702.0,1.0,,,,58.0,,40.0,,2.0,5.0,,211.0,4.0,8672,7.0,5466,3.0,2067.0,3.0,,,,,,1.0,,192.0,2.0,187.0,,19.0,,,62.0,79.0,24.0,,,,2.0,6.0,108.0,57.0,17.0,,2.0,,1.0,4893.0,18.0,10.0,,6.0,,,,5.0,53.0,,35.0,,14.0,,,3.0,,,,,,,135.0,,,,,,,4.0,,,,,,,,,,,2.0,,,,1406,65
_1_km_monthly_VI_Quality_2009032_aid0001,aid0001,2009-02-01 00:00:00+00:00,6872,28541,4507,28870,8.0,1318.0,,2891538,6.0,28379,15.0,1.0,,,542979,4.0,16972,4.0,11.0,1.0,,8887,78.0,6605,96.0,4.0,,,3669,7274,3053,6827,12.0,563.0,,13858,16.0,2548,61.0,5.0,,,12499,19.0,3207,14.0,8.0,3.0,,4998,113,2626,68,4.0,3.0,,2873,2223,94.0,15.0,38.0,,20.0,30.0,2.0,217,222,,642,535,27.0,77.0,80.0,1.0,98.0,40.0,1.0,325,91,,159,956,122,702,,8.0,,283855,1.0,20601,40.0,30.0,3.0,,1.0,,,,,,4805,48,1474,80,3.0,,,53,43,,54,392,,,,,26,53,1.0,539,682,215,280,,4.0,,22394,,3979,26.0,5.0,,,2.0,,,,94,,34,,3.0,,,1466,2.0,494,11.0,1.0,,,,,,,,,6.0,,4.0,,,,,27,28,,25,249,,,,4.0,,,22.0,8.0,,,,,46488,9847,61876,5739,5885.0,435.0,,,,,,369.0,,353.0,,20.0,,16935,11.0,13637,29.0,2218.0,8.0,,,,,,151.0,,77.0,,20.0,,2.0,917,920,110.0,,2.0,8.0,,1.0,301,144,38.0,,,2.0,3.0,,470.0,93.0,600.0,167.0,10.0,3.0,,,,,228.0,,222.0,2.0,12.0,,,9.0,7.0,2.0,,,5.0,1.0,,26.0,122.0,,60.0,,,,,,,,52.0,1.0,30.0,4.0,,,,,,,15.0,3.0,,,6.0,3.0,,,,,459,691.0,135,240.0,7.0,55.0,,1589,,283,,,,,417,1.0,121,,,,,230,2.0,201,4.0,,,,5.0,122.0,635,1624,256,728.0,7.0,130.0,,58,,1878,3.0,161,1.0,,,,12,,2030,1.0,336,1.0,2.0,,,3.0,,1196,42,480,28.0,,,,133.0,21.0,9.0,1.0,,,,1.0,,9.0,4.0,,1.0,21.0,118,29.0,1.0,,,9.0,1.0,,,,35.0,1.0,,,,134,29.0,1.0,8.0,,3.0,,,,226,,248,1.0,,,,,,,,,522,6.0,165,14.0,,,,,,,,1.0,,,3.0,19.0,,,,,8.0,17,,,,,41,5.0,30.0,,,,,78,,79,7.0,,,,,,,,,3.0,,2.0,,,2.0,,373,3.0,86,,,,,,,,,,,,3.0,,1.0,,,,1.0,,,,3.0,,,,,,,,,1.0,13.0,,,,,,5077,3536,,1187,2.0,323.0,,,,,51.0,,18.0,,,4.0,,196.0,,6561,2.0,2086,,387.0,,,,,,,,,252.0,,52.0,,1.0,,,54.0,15.0,3.0,,,,2.0,5.0,113.0,19.0,8.0,,,,,2263.0,12.0,8.0,,,,,,4.0,64.0,,17.0,,,,,,,,,,,,77.0,,,,,,,1.0,,,,,,,,,,,,,,,634,62
_1_km_monthly_VI_Quality_2009060_aid0001,aid0001,2009-03-01 00:00:00+00:00,22946,17146,16181,16019,,,,2726786,,57601,,,,,575242,,78745,,,,,34971,31.0,12833,12.0,,,,5665,4110,4101,3398,,,,14605,1.0,2249,1.0,,,,15971,3.0,3654,,,,,8976,96,3337,64,,,,1695,1983,,2.0,7.0,,45.0,7.0,,98,96,,425,440,,5.0,,,16.0,4.0,,197,72,,262,971,239,543,,,,274834,,45590,2.0,,,,,,,,,,6779,19,1985,38,,,,42,46,,8,184,,,,,8,22,,956,640,268,251,,,,21160,,5065,2.0,,,,5.0,,,,21,,27,,,,,1604,1.0,480,8.0,,,,,,,2.0,,,3.0,,4.0,,,,,24,17,,1,147,,,,,,,6.0,1.0,,,,,59851,4129,78081,3576,,,,,2.0,8.0,,372.0,,404.0,,,,11379,6.0,9873,21.0,,,,,,,,52.0,,109.0,,,,2.0,651,779,,,2.0,5.0,,,195,207,,,,1.0,,,561.0,47.0,943.0,79.0,,,,,,,147.0,,178.0,,,,,3.0,4.0,,,,,1.0,,52.0,60.0,7.0,27.0,,,,,,,,74.0,3.0,9.0,1.0,,,,,,,13.0,5.0,,,3.0,4.0,,,,,219,253.0,76,75.0,,,,406,,89,,,,,398,,366,,,,,262,,217,2.0,,,,11.0,36.0,384,740,244,412.0,,,,24,,723,1.0,95,,,,,38,,1703,3.0,989,1.0,,,,9.0,,1594,35,909,15.0,,,,19.0,5.0,,,,,,,,2.0,2.0,,,2.0,63,19.0,,,,,,,,,9.0,,,,,102,19.0,,5.0,,3.0,,,,161,,308,,,,,,,,1.0,,391,6.0,233,8.0,,,,,,,,,,,,6.0,,,,,3.0,11,,,,,14,,4.0,,,,,53,,124,,,,,,,,,,,,6.0,,,3.0,,266,4.0,71,,,,,,,,,,,,2.0,,2.0,,,,,,,,,,,,,,,,,1.0,4.0,,,,,,4947,1363,,513,,,,,,,14.0,,21.0,,,4.0,1.0,84.0,,2132,,858,,,,,,,,,,,71.0,,27.0,,,,,20.0,11.0,,,,,,2.0,39.0,15.0,,,2.0,,,538.0,20.0,2.0,,,,,,2.0,35.0,,12.0,,,,,,,,,,,,60.0,,1.0,,,,,5.0,2.0,,,,,,1.0,,,,1.0,,,,258,55
_1_km_monthly_VI_Quality_2009091_aid0001,aid0001,2009-04-01 00:00:00+00:00,26310,12625,22208,10894,,,,2929380,1.0,82007,,,,,334992,1.0,105023,,,,,18407,16.0,24866,11.0,,,,7893,1662,6135,1200,,,,18378,,4521,,,,,29232,,11554,,,,,14289,86,7680,59,,,,1029,1402,,,4.0,,,9.0,,30,48,,678,492,,,,,3.0,3.0,,156,52,,427,1332,237,605,,,,239467,7.0,52400,11.0,,,,,,,,,,9310,24,4217,18,,,,69,91,,7,155,,,,,39,44,,916,550,317,161,,,,20706,10.0,5656,12.0,,,,7.0,,,,13,,12,,,,,2279,7.0,619,,,,,,,,13.0,,,8.0,,15.0,3.0,,,,30,29,,19,94,,,,,,,4.0,,,,,,75554,2526,58002,1642,,,,,,,,24.0,,34.0,,,,7976,1.0,5591,10.0,,,,,,,,7.0,,10.0,,,,2.0,482,464,,,,1.0,,,151,139,,,,,,,704.0,36.0,654.0,18.0,,,,,,,95.0,,63.0,,,,,7.0,24.0,,,,3.0,2.0,,45.0,16.0,4.0,34.0,,,,,,,,43.0,11.0,3.0,3.0,,,,,,,12.0,1.0,,,18.0,2.0,,,,,112,32.0,100,11.0,,,,255,,140,,,,,495,,152,,,,,165,1.0,208,,,,,8.0,8.0,360,146,377,45.0,,,,11,,395,,334,,,,,34,,2697,,1131,,,,,4.0,,1838,34,1059,12.0,,,,11.0,1.0,,,,,,,,,,,,1.0,90,43.0,,,,,,,,,2.0,,,,,90,29.0,,1.0,,,,,,152,,330,,,,,,,,,,491,1.0,334,2.0,,,,,,,,,3.0,,,7.0,,,,,8.0,9,,,,,5,,10.0,,,,,78,,131,1.0,,,,,,,,,,,4.0,,,7.0,,412,4.0,129,,,,,,,,,,,,2.0,,,,,,,,,,2.0,,,,,,,,,4.0,2.0,,,,,,4838,570,,155,,,,,,,,,2.0,,,3.0,,60.0,,920,2.0,270,,,,,,,,,,,7.0,,,,,,,6.0,4.0,,,,,1.0,,29.0,1.0,,,,,,20.0,3.0,2.0,,,,,,,5.0,,,,,,,,,,,3.0,,,16.0,,,,,,,19.0,1.0,,,,,,,,,,,,,,157,61
_1_km_monthly_VI_Quality_2009121_aid0001,aid0001,2009-05-01 00:00:00+00:00,34580,11607,24547,5345,,,,3079648,5.0,54369,2.0,,,,350656,,40124,23.0,,,,11643,12.0,8851,39.0,,,,9499,193,5892,169,,,,29929,,4395,1.0,,,,37349,3.0,9330,25.0,,,,9855,54,3773,86,,,,622,429,,54.0,91.0,,225.0,383.0,,212,55,,63,79,,14.0,3.0,,56.0,103.0,,173,122,,881,2036,297,940,,,,244827,21.0,30836,57.0,,,,,,,,,,11304,13,5577,25,,,,164,157,,32,407,,,,,28,108,,709,640,240,208,,,,20104,9.0,4657,6.0,,,,11.0,,,,10,,16,,,,,3011,7.0,981,1.0,,,,2.0,,,7.0,3.0,,18.0,,10.0,,,,,37,32,,24,48,,,,,,,11.0,11.0,,,,,52189,605,43491,538,,,,,,,,3.0,,1.0,,,,2447,,2061,,,,,,,,,,,,,,,,258,124,,,,,,,27,41,,,,,,,404.0,4.0,588.0,11.0,,,,,,,8.0,,37.0,,,,,,3.0,,,,,1.0,,23.0,1.0,2.0,20.0,,,,,,,,6.0,1.0,,,,,,,,,,4.0,,,,,,,,,59,,68,,,,,474,,162,,,,,364,,236,2.0,,,,56,,145,1.0,,,,8.0,,320,13,178,18.0,,,,32,,1464,,389,,,,,46,,3424,3.0,1372,22.0,,,,2.0,,1651,27,1228,79.0,,,,,2.0,,,,,1.0,3.0,,1.0,1.0,,,,8,19.0,,,,,1.0,,,,17.0,16.0,,,,120,64.0,,4.0,,,,,,236,,509,,,,,,,,,,843,1.0,729,2.0,,,,,,,,,,,2.0,28.0,,,,,11.0,51,,,,,15,,9.0,,,,,91,,231,,,,,,,,,,,,,,,,,584,3.0,436,3.0,,,,,,,,,,,,,9.0,,,,,3.0,,1.0,2.0,,,,,,,,,7.0,9.0,,,,,,4930,33,,33,,,,,,,2.0,,,,,,,6.0,,84,,70,,,,,,,,,,,5.0,,,,,,,,,,,,,,,2.0,,,,,,,2.0,,,,,,,,,,,,,,,,,,,,,,,5.0,,,,,,,1.0,1.0,,,,,,,,,,,,,,152,58
_1_km_monthly_VI_Quality_2009152_aid0001,aid0001,2009-06-01 00:00:00+00:00,25335,36273,25931,16977,,,,2548378,2686.0,104169,1011.0,,,,473975,1464.0,83863,2378.0,,,,16505,499.0,13465,1740.0,,,,13539,377,11926,512,,,,61211,245.0,9497,303.0,,,,109424,1380.0,33771,2824.0,,,,31934,3967,14053,5008,,,,3441,2580,,1684.0,2631.0,,5677.0,7227.0,,1989,3556,,208,308,,663.0,608.0,,6687.0,3562.0,,7981,5715,,638,10154,612,5108,,,,210527,598.0,41250,575.0,,,,,,,,,,17133,88,7650,166,,,,927,604,,506,1471,,,,,311,501,,576,2180,259,1097,,,,16029,32.0,3872,39.0,,,,10.0,2.0,,,17,,24,,,,,3499,16.0,829,10.0,,,,7.0,,,13.0,1.0,,19.0,,10.0,,,,,218,198,,67,116,,,,,,,68.0,39.0,,,,,22965,653,17116,479,,,,,,,,,,,,,,2267,,1737,1.0,,,,,,,,,,,,,,,155,136,,,,,,,28,23,,,,,,,108.0,,121.0,1.0,,,,,,,10.0,,14.0,,,,,3.0,3.0,,,,,,,,2.0,,4.0,,,,,,,,,,,,,,,,,,,,,,,,,,,,84,,111,5.0,,,,1963,3.0,531,18.0,,,,2289,31.0,1425,76.0,,,,540,71.0,904,133.0,,,,14.0,,540,22,436,101.0,,,,220,,4738,36.0,802,53.0,,,,339,7.0,20992,710.0,6432,990.0,,,,42.0,8.0,11890,3649,8344,5538.0,,,,,6.0,,53.0,27.0,,396.0,219.0,,146.0,324.0,,,,24,57.0,,,3.0,151.0,103.0,,2.0,60.0,2988.0,1701.0,,,19.0,5318,4228.0,,2.0,,22.0,5.0,,,629,5.0,903,21.0,,,,,,,,,2464,25.0,1908,110.0,,,,5.0,,1.0,,,,,30.0,190.0,,,,,149.0,332,,,,,19,4.0,23.0,5.0,,,,118,1.0,259,,,,,,,,,,3.0,,,,,1.0,,933,19.0,645,34.0,,,,,,,,,,,2.0,,20.0,,,,,5.0,,9.0,13.0,,,,,,,,1.0,48.0,67.0,,,6.0,,,4945,54,,36,,,,,,,,,,,,5.0,,14.0,,100,,43,,,,,,,,,,,8.0,,1.0,,,,,,,,,,,,,2.0,2.0,,,,,,,,,,,,,,,,,,,,,,,,,,,,,2.0,,,,,,,,,,,,,,,,,,,,,,158,60
_1_km_monthly_VI_Quality_2009182_aid0001,aid0001,2009-07-01 00:00:00+00:00,10870,127510,16259,68061,,,,787266,19064.0,204692,10691.0,,,,447130,12306.0,91189,13904.0,,,,37824,4191.0,17369,9961.0,,,,11433,549,13362,598,,,,187697,7133.0,36143,4799.0,,,,356619,19395.0,66229,20686.0,,,,197791,42628,47413,41031,,,,18068,11330,,29207.0,31138.0,,62022.0,34654.0,,8667,14830,,241,270,,17527.0,7276.0,,64215.0,29781.0,,81155,45998,,423,55720,438,26655,,,,76870,2743.0,33517,2513.0,,,,,,,,,,34193,1073,11458,1187,,,,6097,3481,,3258,4726,,,,,1995,1636,,388,8257,481,3186,,,,4743,130.0,2201,103.0,,,,8.0,4.0,,,16,,28,,,,,3840,250.0,818,111.0,,,,2.0,1.0,,11.0,4.0,,17.0,,30.0,,,,,1241,515,,197,329,,,,,,,355.0,164.0,,,,,6336,577,8670,855,,,,,,,,18.0,,,,,,1433,,2788,,,,,,,,,6.0,,,,,,,31,58,,,,,,,7,21,,,,,,,8.0,,11.0,2.0,,,,,,,1.0,,2.0,,,,,,,,,,,,,,,,5.0,,,,,,,,,,,,,,,,,,,,,,,,,,,,83,29.0,48,51.0,,,,3709,111.0,1812,180.0,,,,8636,553.0,2381,522.0,,,,4054,640.0,1927,1126.0,,,,9.0,1.0,439,240,465,403.0,,,,488,15.0,15462,862.0,2752,677.0,,,,1323,73.0,67033,5141.0,13945,6499.0,,,,605.0,83.0,92932,29102,30417,42254.0,,,,,13.0,,655.0,406.0,,2166.0,1106.0,,959.0,1445.0,,1.0,1.0,77,100.0,,1.0,105.0,3117.0,1000.0,,11.0,391.0,20221.0,8249.0,,3.0,166.0,48844,34936.0,,6.0,,22.0,11.0,,,1228,67.0,852,207.0,,,,,,,1.0,,6017,266.0,2401,537.0,,,,12.0,1.0,4.0,,3.0,1.0,,165.0,349.0,,,,,596.0,724,,,,,37,1.0,15.0,3.0,,,,190,16.0,74,4.0,,,,,,,,,2.0,,2.0,,,4.0,,1514,110.0,521,86.0,,,,,1.0,,4.0,,,,19.0,,36.0,4.0,,,1.0,,,25.0,33.0,,,,,,,,,285.0,164.0,,,5.0,10.0,,4920,75,,22,,,,,,,7.0,,,,,3.0,,8.0,,61,,33,,,,,,,1.0,,,,3.0,,7.0,,,,,,,,,,,,,,2.0,,,,,,,,,,,,,,,,,,,,,,,,,,,,,2.0,,,,,,,,,,,,,,,,,,,,,,102,57
_1_km_monthly_VI_Quality_2009213_aid0001,aid0001,2009-08-01 00:00:00+00:00,8088,66843,10355,24087,,,,1351659,3257.0,127610,3657.0,,,,585240,1020.0,182759,2786.0,,,,40791,431.0,50958,1413.0,,,,8645,81,8506,133,,,,181190,608.0,15154,295.0,,,,454920,2499.0,83724,2812.0,,,,187219,7879,63408,7130,,,,6368,2684,,6653.0,7027.0,,7502.0,8493.0,,1624,5792,,89,98,,2615.0,1033.0,,12517.0,7697.0,,19732,11716,,195,28824,603,13612,,,,123468,659.0,56604,963.0,,,,,,,,,,38680,184,14085,209,,,,1716,1010,,651,997,,,,,514,380,,935,5694,188,2011,,,,7859,32.0,2772,35.0,,,,21.0,,,,31,,30,,,,,3988,75.0,997,29.0,,,,5.0,1.0,,32.0,4.0,,11.0,,9.0,,,,,672,375,,113,189,,,,,,,181.0,83.0,,,,,4443,779,6336,691,,,,,,,,23.0,,29.0,,,,1645,,2657,,,,,,,,,21.0,,12.0,,,,,33,59,,,,1.0,,,26,35,,,,,,,2.0,,3.0,,,,,,,,,,9.0,,,,,,,,,,,,,,,,,,,,,,,,,,,,,,,,,,,,,,,,,,,,80,2.0,74,7.0,,,,9021,35.0,721,56.0,,,,9359,86.0,3606,128.0,,,,2203,98.0,2036,115.0,,,,12.0,,482,63,377,115.0,,,,975,3.0,18623,126.0,605,46.0,,,,1514,11.0,71470,1019.0,11251,840.0,,,,275.0,8.0,48790,6428,18463,8274.0,,,,6.0,11.0,,153.0,204.0,,460.0,340.0,,244.0,349.0,,,,59,67.0,,,28.0,670.0,212.0,,2.0,77.0,4804.0,2369.0,,,47.0,13295,8897.0,,7.0,,30.0,4.0,,,2339,12.0,1886,57.0,,,,,,,3.0,,6506,74.0,2988,208.0,,,,18.0,,2.0,,,3.0,,65.0,164.0,,,,1.0,280.0,282,,,2.0,,96,,90.0,2.0,,,,442,3.0,211,1.0,,,,,,,,,1.0,,7.0,,,14.0,,1874,58.0,615,23.0,,,,,1.0,,,,,,22.0,,35.0,5.0,,,1.0,2.0,,27.0,26.0,,,,,,,,,114.0,102.0,,,2.0,3.0,,5029,36,,24,,,,,,,7.0,,,,,1.0,,10.0,,82,,36,,,,,,,1.0,,,,8.0,,5.0,,,,,,2.0,,,,,,,2.0,2.0,,,,,,57.0,,,,,,,,,,,,,,,,,,,,,,,23.0,,,,,,,,,,,,,,,,,,,,,,297,55
_1_km_monthly_VI_Quality_2009244_aid0001,aid0001,2009-09-01 00:00:00+00:00,10703,7476,13479,4012,,,,2512088,723.0,131149,446.0,,,,507248,30.0,179149,22.0,,,1.0,42123,4.0,38447,22.0,,,,9368,40,8963,87,,,,79108,8.0,8771,1.0,,,,137881,29.0,28822,38.0,,,,44149,60,17095,129,,,,368,308,,149.0,168.0,,204.0,190.0,,70,352,,32,58,,89.0,34.0,,219.0,83.0,,394,415,,223,2945,167,1305,,,,216615,291.0,64673,395.0,,,,,,,,,,20258,53,6421,38,,,,247,149,,118,319,,,,,54,91,,955,1200,351,429,,,,16332,4.0,5165,5.0,,,,37.0,9.0,,,52,,79,,,,,2460,5.0,766,3.0,,,,16.0,,,28.0,1.0,,25.0,,10.0,,,,,196,71,,22,57,,,,,,,17.0,10.0,,,,,6475,1167,8737,909,,,,,,,,16.0,,47.0,,,,2768,,2968,6.0,,,,,,,,52.0,,33.0,,,,,72,97,,,,,,,30,52,,,,,,,4.0,3.0,6.0,1.0,,,,,,,4.0,,2.0,,,,,,,,,,,,,,1.0,,2.0,,,,,,,,,,,,,,,,,,,,,,,,,,,,116,,44,,,,,1696,,294,,,,,1020,1.0,562,7.0,,,,256,2.0,378,9.0,,,,12.0,,413,9,220,,,,,222,,3602,1.0,335,1.0,,,,94,,6173,10.0,1602,7.0,,,,26.0,,3143,57,1709,146.0,,,,1.0,1.0,,7.0,,,11.0,1.0,,15.0,22.0,,,,13,,,,1.0,28.0,5.0,,,,152.0,39.0,,,3.0,269,264.0,,6.0,,10.0,,,,773,3.0,742,7.0,,,,,,,,,1602,10.0,845,23.0,,,,10.0,,,,,,,4.0,21.0,,,,,38.0,50,,,,,70,,48.0,,,,,207,,234,,,,,1.0,,,,,3.0,,15.0,,,2.0,,873,10.0,320,,,,,,,,2.0,,,,20.0,,29.0,,,,1.0,4.0,,4.0,1.0,,,,,,,,,24.0,26.0,,,3.0,3.0,,4997,63,,50,,,,,,,2.0,,,,,7.0,,14.0,,155,,60,,,,,,,,,,,70.0,,29.0,,,,,,,,,,,,,1.0,,,,,,,677.0,,,,,,,,,,,,,,,,,,,,,,,180.0,,,,,,,,,,,,,,,,,,,,,,1083,52
_1_km_monthly_VI_Quality_2009274_aid0001,aid0001,2009-10-01 00:00:00+00:00,9987,7948,13711,5062,,,,3290502,520.0,47534,179.0,,,,248359,174.0,26872,190.0,,,,8598,13.0,6446,21.0,,,,9133,206,9032,393,,,,38984,38.0,5574,,,,,33644,148.0,10576,48.0,,,,5704,32,2930,41,,,,278,494,,33.0,5.0,,14.0,11.0,,3,16,,84,155,,15.0,1.0,,25.0,5.0,,38,28,,146,1455,213,1130,,,,274190,258.0,22519,204.0,,,,,,,,,,5466,56,2394,21,,,,122,69,,35,99,,,,,22,29,,593,692,121,305,,,,22468,3.0,4344,4.0,,,,50.0,2.0,,,41,,60,,,,,968,5.0,627,,,,,22.0,,,15.0,4.0,,15.0,,5.0,,,,,77,27,,1,19,,,,1.0,,,1.0,4.0,,,,,9124,2171,13990,1503,,,,,,,,24.0,,27.0,,,,5314,7.0,4985,27.0,,,,,,,,68.0,,25.0,,,,,216,329,,,,,,,89,81,,,,1.0,,,51.0,7.0,71.0,1.0,,,,,,,15.0,,15.0,,,,,,3.0,,,,,,,2.0,3.0,,4.0,,,,,,,,10.0,,1.0,,,,,,,,,,,,,,,,,,201,7.0,140,5.0,,,,1842,1.0,404,,,,,431,1.0,296,,,,,188,,124,1.0,,,,11.0,,521,13,202,9.0,,,,132,1.0,3417,3.0,267,,,,,38,3.0,2918,9.0,874,2.0,,,,1.0,,1112,22,359,19.0,,,,6.0,5.0,,,,,,,,,4.0,,,,12,2.0,,,,4.0,,,,,5.0,,,,,23,7.0,,1.0,,2.0,,,,334,3.0,333,1.0,,,,,,,,,696,14.0,355,11.0,,,,,,,,,,,4.0,5.0,,,,,13.0,13,,,,,30,,15.0,,,,,67,,204,,,,,,,,,,,,1.0,,,,,350,,201,,,,,,,,,,,,7.0,,6.0,,,,,,,,1.0,,,,,,,,,9.0,1.0,,,,,,5892,307,,178,,,,,,,1.0,,,,,3.0,,22.0,,653,,186,,,,,,,,,,,175.0,1.0,34.0,,,,,5.0,5.0,,,,,,,3.0,4.0,,,2.0,1.0,,925.0,,,,,,,,,2.0,,,,,,,,,,,,,,275.0,,,,,,,,,,,,,,,,,,,,,,1482,58
_1_km_monthly_VI_Quality_2009305_aid0001,aid0001,2009-11-01 00:00:00+00:00,8534,14497,11290,9732,44.0,423.0,,2769035,22.0,87576,27.0,61.0,,,540542,47.0,61604,42.0,31.0,,,35735,43.0,15167,37.0,14.0,1.0,,7442,1561,7337,1625,76.0,300.0,,33000,5.0,4335,11.0,41.0,1.0,,43756,48.0,14041,72.0,68.0,6.0,,11786,219,10106,193,5.0,6.0,,1869,2307,35.0,173.0,204.0,14.0,319.0,284.0,4.0,154,181,2.0,559,542,29.0,65.0,40.0,4.0,263.0,266.0,8.0,460,721,4.0,269,3537,209,2274,,3.0,,249952,12.0,32280,20.0,3.0,,,,,,,,,10354,15,4862,46,,2.0,,259,425,,129,535,,,,,65,118,,617,1833,38,668,,6.0,1.0,20464,1.0,3038,15.0,,,,35.0,,,,82,,54,,,,,1627,2.0,477,5.0,,,,,,,25.0,,,18.0,,21.0,,,,,141,89,,41,99,,,,7.0,1.0,,12.0,23.0,,,,,24257,6436,20808,4353,2934.0,156.0,,,,,,99.0,,88.0,,2.0,,11954,8.0,8513,18.0,1150.0,4.0,,,,,,124.0,3.0,94.0,,7.0,,1.0,590,800,38.0,,4.0,5.0,,1.0,195,211,44.0,,,2.0,1.0,,215.0,26.0,168.0,32.0,83.0,,,,,,61.0,,88.0,,13.0,,,2.0,12.0,,,,1.0,3.0,,36.0,12.0,,10.0,,,,,,,,44.0,1.0,1.0,,,,,,,,4.0,,,,2.0,,,,,,584,104.0,395,77.0,1.0,17.0,,3578,,432,1.0,1.0,,,3545,23.0,693,2.0,,,,787,24.0,737,4.0,1.0,,,22.0,9.0,1076,200,596,141.0,7.0,29.0,,254,,5002,1.0,378,2.0,2.0,,,436,2.0,14758,32.0,1890,37.0,2.0,,,42.0,2.0,5994,264,3255,233.0,1.0,,,50.0,28.0,4.0,12.0,2.0,,56.0,13.0,,26.0,29.0,,,7.0,71,45.0,2.0,,,11.0,2.0,,,2.0,196.0,92.0,1.0,,2.0,486,566.0,1.0,3.0,,16.0,,,,981,5.0,518,1.0,,,,,,,,,2325,8.0,783,12.0,,,,3.0,,,,1.0,,,10.0,39.0,,,,,26.0,74,,,,,41,,9.0,,,,,181,,183,1.0,,,,2.0,,,,,12.0,,5.0,,,1.0,,778,2.0,216,,,,,,,,3.0,,,,22.0,,17.0,,,,1.0,1.0,,1.0,3.0,,,,,,,,1.0,17.0,16.0,,,4.0,3.0,,5857,1704,,821,,119.0,,,,,26.0,,11.0,,,7.0,,103.0,2.0,3120,,1191,,121.0,,,,,,,,,264.0,,79.0,1.0,9.0,,,38.0,23.0,2.0,1.0,,,,3.0,32.0,12.0,,,3.0,,,977.0,9.0,5.0,,,,,,,32.0,,14.0,,,,,,,,,,,,138.0,,,,,,,,,,,,,,,,,,,,,,1341,65
_1_km_monthly_VI_Quality_2009335_aid0001,aid0001,2009-12-01 00:00:00+00:00,4440,13989,6182,17462,633.0,10978.0,,1939175,2.0,114033,13.0,1028.0,4.0,,1197436,35.0,75732,51.0,742.0,15.0,,99044,66.0,19431,140.0,232.0,51.0,,2977,3241,3433,5070,409.0,3755.0,,21407,32.0,5344,61.0,322.0,99.0,,33292,44.0,10928,55.0,568.0,80.0,,11939,98,10768,182,201.0,57.0,,1881,2902,763.0,219.0,81.0,40.0,1035.0,291.0,23.0,418,470,34.0,485,651,167.0,103.0,122.0,42.0,207.0,142.0,58.0,397,409,41.0,123,1712,79,1178,,77.0,,273178,10.0,34938,156.0,24.0,,,4.0,,,,,,10584,38,4046,101,37.0,42.0,,161,180,4.0,498,783,8.0,,,,106,159,12.0,353,1466,46,485,2.0,12.0,,19075,2.0,3319,40.0,17.0,,,5.0,4.0,,,105,,83,,4.0,,,2056,4.0,526,12.0,30.0,2.0,,9.0,,,15.0,3.0,,27.0,,15.0,,,,,237,100,8.0,128,139,,,,1.0,,,78.0,56.0,1.0,3.0,,,22590,9062,32718,9192,24513.0,2177.0,,,,,,219.0,,285.0,,36.0,2.0,13017,12.0,15068,27.0,9494.0,26.0,,,2.0,,,176.0,2.0,236.0,2.0,61.0,,2.0,960,1291,830.0,,7.0,8.0,3.0,,357,396,207.0,,,1.0,2.0,1.0,275.0,120.0,445.0,112.0,209.0,40.0,,,,,200.0,,332.0,,134.0,,,1.0,11.0,1.0,,,3.0,2.0,,35.0,39.0,2.0,10.0,4.0,7.0,,,,,,26.0,4.0,6.0,1.0,,,,,,,3.0,1.0,,,2.0,2.0,,,,,524,372.0,377,451.0,29.0,248.0,,1340,,319,1.0,3.0,,,1540,14.0,472,2.0,4.0,2.0,,902,7.0,830,5.0,34.0,7.0,,4.0,30.0,917,672,662,757.0,45.0,359.0,,68,,2339,1.0,544,5.0,15.0,8.0,,126,,5688,11.0,1467,9.0,29.0,7.0,,23.0,,3587,76,2093,119.0,54.0,5.0,,110.0,116.0,16.0,,1.0,1.0,16.0,12.0,2.0,33.0,40.0,,1.0,4.0,108,73.0,8.0,,,13.0,23.0,,,1.0,77.0,44.0,3.0,,,256,255.0,11.0,2.0,3.0,1.0,3.0,,,790,,330,21.0,,,,,,,,,1807,6.0,466,17.0,,5.0,,1.0,,,,,,,13.0,52.0,,,,,29.0,49,,,,,36,1.0,11.0,,,,,154,,99,3.0,,,,,,,,,11.0,,7.0,,,4.0,,785,6.0,196,7.0,,,,,,,2.0,,,,32.0,,17.0,2.0,,,5.0,4.0,,7.0,13.0,,,,1.0,,,,1.0,34.0,14.0,,,5.0,,,5037,2473,,1986,,965.0,1.0,,,,38.0,,42.0,,2.0,5.0,,150.0,1.0,5624,,4161,4.0,1518.0,2.0,,,,,,,1.0,344.0,,352.0,1.0,66.0,,,84.0,55.0,29.0,,,,,5.0,113.0,61.0,9.0,,3.0,5.0,,1315.0,16.0,13.0,,4.0,,,,2.0,53.0,,37.0,,15.0,,,1.0,,,,1.0,,,146.0,,,,,,,1.0,1.0,4.0,,,,,,,,,,,,,1147,62
_1_km_monthly_VI_Quality_2010001_aid0001,aid0001,2010-01-01 00:00:00+00:00,5274,24198,3859,19120,570.0,8520.0,,2334373,14.0,42164,3.0,1346.0,16.0,,774628,40.0,77307,32.0,561.0,8.0,,163605,327.0,71028,1329.0,312.0,60.0,,2815,5837,2305,4790,254.0,3922.0,,12277,109.0,3096,45.0,377.0,53.0,,16165,98.0,5163,42.0,357.0,64.0,,11255,251,9532,430,74.0,31.0,,2425,2728,578.0,484.0,39.0,10.0,2564.0,1612.0,18.0,3202,1500,32.0,578,615,112.0,163.0,52.0,21.0,189.0,105.0,35.0,662,506,12.0,260,2143,99,724,,56.0,,256610,76.0,51433,197.0,8.0,,,31.0,,,,,,9070,59,4658,89,23.0,50.0,,251,108,4.0,938,1041,1.0,,,,143,198,2.0,277,1727,60,514,1.0,15.0,,19147,12.0,3291,30.0,3.0,,,6.0,9.0,,,84,,56,,,,,1926,20.0,634,12.0,1.0,1.0,,,,,,,,9.0,,13.0,,,,,240,92,1.0,146,161,,,,1.0,1.0,,57.0,27.0,,1.0,1.0,,38553,11931,33688,7539,14691.0,1678.0,,,,,,207.0,1.0,229.0,,31.0,,15869,14.0,12315,13.0,4300.0,7.0,,,,,,201.0,,197.0,,11.0,,5.0,1455,1070,488.0,,4.0,4.0,,,330,293,82.0,,,2.0,1.0,1.0,393.0,114.0,381.0,130.0,63.0,26.0,,,,,261.0,2.0,196.0,1.0,144.0,1.0,,14.0,11.0,2.0,,,4.0,1.0,2.0,88.0,86.0,53.0,26.0,2.0,9.0,,,,,,145.0,,32.0,,2.0,,,,,,2.0,2.0,,,,2.0,,,,,530,705.0,401,505.0,67.0,314.0,,1426,,360,,15.0,,,766,3.0,413,5.0,10.0,,,692,19.0,812,27.0,14.0,,,3.0,40.0,808,1280,599,840.0,73.0,669.0,,28,,1943,11.0,398,4.0,33.0,7.0,,21,,2768,24.0,894,12.0,56.0,2.0,,12.0,3.0,2041,146,1297,161.0,28.0,2.0,,148.0,86.0,23.0,4.0,3.0,2.0,14.0,15.0,,46.0,63.0,,3.0,7.0,120,121.0,12.0,,,28.0,3.0,4.0,,,90.0,36.0,7.0,2.0,3.0,285,274.0,5.0,2.0,1.0,4.0,,,4.0,464,9.0,374,34.0,,,,,,,,,1176,24.0,296,31.0,,8.0,,1.0,,,,1.0,,,24.0,71.0,,,,,55.0,72,,,,,14,,13.0,,,,,110,,149,2.0,,,,,,,,,8.0,,9.0,,,,,649,7.0,138,3.0,,,,,,,,,,,16.0,,9.0,,,,,4.0,,5.0,17.0,,,,2.0,,,,1.0,40.0,22.0,,,,,,5789,3798,2.0,2375,,703.0,,,,,40.0,,71.0,,8.0,6.0,,174.0,1.0,7270,3.0,3805,3.0,1026.0,4.0,,,,,,2.0,1.0,273.0,,354.0,1.0,18.0,,,126.0,52.0,18.0,,,,3.0,5.0,109.0,66.0,3.0,,6.0,2.0,,2515.0,22.0,10.0,,10.0,,,,3.0,65.0,,22.0,,8.0,,,,,,,2.0,1.0,,189.0,,,,,,,4.0,,4.0,,,,,,,,,,,,,1277,69
_1_km_monthly_VI_Quality_2010032_aid0001,aid0001,2010-02-01 00:00:00+00:00,8633,31437,6784,31031,40.0,2645.0,,2783483,5.0,41190,2.0,13.0,5.0,,628700,15.0,18735,6.0,16.0,,,9833,77.0,9744,89.0,60.0,15.0,,3163,6670,2360,8843,35.0,2255.0,,17393,84.0,1630,20.0,35.0,34.0,,15573,79.0,2873,35.0,43.0,30.0,,6907,364,3098,275,37.0,28.0,,2542,3326,49.0,52.0,29.0,,75.0,33.0,2.0,371,271,14.0,597,611,44.0,124.0,24.0,5.0,185.0,49.0,9.0,831,240,10.0,293,1091,134,584,,8.0,,286238,1.0,25081,51.0,,,,,,,,,,6075,42,1745,78,2.0,20.0,,92,101,,80,299,,,,,34,60,,375,932,179,269,,3.0,,22159,,3852,45.0,,,,5.0,,,,91,,70,,,,,1691,4.0,409,7.0,,,,,,,,,,10.0,,11.0,,,,,82,47,,73,179,,,,1.0,1.0,,9.0,4.0,,,,,37224,7492,58064,3921,2195.0,378.0,,,,,,382.0,,285.0,,8.0,,12347,4.0,11781,26.0,1096.0,,,,,,,335.0,,92.0,,,,,1269,1157,39.0,,3.0,2.0,,,288,317,22.0,,,,1.0,,174.0,105.0,864.0,93.0,5.0,3.0,,,,,157.0,1.0,238.0,,67.0,,,13.0,15.0,,,,4.0,,2.0,62.0,75.0,1.0,30.0,,,,,,,,111.0,,6.0,2.0,,,,,,,6.0,1.0,,,2.0,5.0,,,,,385,585.0,109,422.0,3.0,192.0,,1056,,52,,,,,749,4.0,156,,1.0,,,555,10.0,342,5.0,5.0,,,1.0,35.0,735,1347,229,996.0,6.0,388.0,,57,,2087,10.0,76,,4.0,1.0,,17,,3308,14.0,313,5.0,4.0,,,9.0,,2297,174,759,114.0,6.0,3.0,,94.0,41.0,3.0,6.0,1.0,,4.0,2.0,,27.0,15.0,,3.0,5.0,85,47.0,6.0,,,22.0,,,,,95.0,8.0,1.0,,,293,128.0,2.0,2.0,2.0,8.0,1.0,,1.0,203,,249,,,,,,,,,,488,7.0,155,1.0,,7.0,,1.0,,,,1.0,,,,8.0,,,1.0,,5.0,17,,,,,14,,12.0,,,,,86,,106,,,,,,,,,,4.0,,10.0,,,,,371,2.0,65,4.0,,,,,,,,,,,13.0,,11.0,,,,,,,,4.0,,,,2.0,,,,,1.0,1.0,,,,5.0,,5132,2898,2.0,1071,,208.0,,,,,58.0,,20.0,,,5.0,,146.0,,5127,1.0,1690,1.0,331.0,1.0,,,,,,6.0,1.0,326.0,,86.0,,1.0,,,92.0,29.0,11.0,,,,2.0,7.0,65.0,27.0,,,6.0,2.0,,1334.0,13.0,7.0,,1.0,,,,1.0,60.0,,8.0,,1.0,,,,,,,1.0,,,91.0,,,,,,,7.0,,5.0,,,,,,,,,,2.0,,,782,57
_1_km_monthly_VI_Quality_2010060_aid0001,aid0001,2010-03-01 00:00:00+00:00,27856,18098,20076,17617,,,,2857759,,37399,,,,,535052,,57924,,,,,13821,16.0,11351,28.0,,,,5802,2618,4394,5642,,,,15889,5.0,1363,2.0,,,,11856,,3044,3.0,,,,5396,115,3231,91,,,,1282,2328,,1.0,1.0,,11.0,73.0,,171,160,,395,587,,4.0,4.0,,8.0,2.0,,147,172,,527,923,193,647,,,,278758,3.0,35649,31.0,,,,,,,,,,5196,18,1725,46,,,,56,67,,54,216,,,,,8,44,,549,635,256,230,,,,22009,,4967,48.0,,,,,,,,66,,54,,,,,1347,12.0,477,2.0,,,,,,,1.0,,,7.0,,5.0,,,,,27,26,,42,164,,,,,1.0,,16.0,,,,,,44849,3657,71509,3253,,,,,,,,178.0,,207.0,,,,8313,,10734,50.0,,,,,,,,114.0,,66.0,,,,1.0,596,1101,,,8.0,2.0,,,131,290,,,,,,,359.0,58.0,1185.0,123.0,,,,,,,118.0,1.0,167.0,,,,,1.0,3.0,,,,2.0,3.0,,168.0,48.0,16.0,1.0,,,,,,,,86.0,1.0,9.0,,,,,,,,32.0,7.0,,,14.0,3.0,,,,,254,124.0,148,209.0,,,,1188,,106,,,,,589,,259,,,,,205,3.0,288,,,,,12.0,18.0,495,596,166,692.0,,,,43,,913,,41,,,,,34,,1337,3.0,213,,,,,5.0,,1181,52,526,39.0,,,,35.0,32.0,,,,,,,,2.0,9.0,,2.0,4.0,63,38.0,,,,,,,,,4.0,,,,,55,55.0,,5.0,,,,,,226,,353,,,,,,,,,,468,5.0,227,3.0,,,,1.0,,,,,,,,7.0,,,,,6.0,10,,,,,54,,7.0,,,,,82,,76,,,,,,,,,,7.0,,14.0,,,2.0,,352,5.0,88,4.0,,,,,,,,,,,11.0,,1.0,,,,,,,,1.0,,,,,,,,,3.0,,,,,,,4952,941,,666,,,,,,,22.0,,13.0,,,4.0,,74.0,,2198,,1347,,,,,,,,,,,99.0,,32.0,,,,,13.0,16.0,,,,,,2.0,36.0,14.0,,,3.0,1.0,,180.0,2.0,1.0,,,,,,,38.0,,5.0,,,,,,,,,,,,29.0,,,,,,,10.0,1.0,,,,,,,,,,,,,,233,57
_1_km_monthly_VI_Quality_2010091_aid0001,aid0001,2010-04-01 00:00:00+00:00,33525,18526,23469,10394,,,,3104330,1.0,97191,,,,,250109,,31299,1.0,,,,13262,9.0,13079,34.0,,,,8916,1643,5638,1578,,,,21288,,3467,,,,,24990,1.0,4294,3.0,,,,11245,122,5235,149,,,,1614,1801,,7.0,8.0,,46.0,16.0,,51,95,,478,405,,,,,31.0,4.0,,407,244,,635,1740,626,926,,,,252739,7.0,45622,17.0,,,,,,,,,,9780,27,2778,44,,,,126,84,,15,127,,,,,19,46,,970,611,375,144,,,,19529,,5290,5.0,,,,10.0,2.0,,,5,,32,,,,,2434,3.0,807,2.0,,,,,,,6.0,1.0,,5.0,,8.0,,,,,40,7,,9,47,,,,,,,18.0,1.0,,,,,56659,1337,57644,926,,,,,,,,7.0,,4.0,,,,5001,1.0,4625,40.0,,,,,,,,2.0,,4.0,,,,,359,825,,,,,,,127,170,,,,,,,556.0,17.0,703.0,46.0,,,,,,,87.0,1.0,49.0,,,,,6.0,21.0,,,,3.0,4.0,,184.0,20.0,16.0,20.0,,,,,,,,47.0,2.0,5.0,1.0,,,,,,,8.0,2.0,,,10.0,,,,,,107,44.0,55,30.0,,,,1127,,35,,,,,966,,147,1.0,,,,192,,193,3.0,,,,9.0,13.0,594,313,230,217.0,,,,88,,1760,,68,,,,,114,,3381,,281,,,,,14.0,,2032,77,1175,63.0,,,,15.0,2.0,,,,,,,,1.0,9.0,,1.0,1.0,70,36.0,,,,,,,,,10.0,,,,,225,110.0,,3.0,,,,,,296,,358,,,,,,,,,,681,12.0,416,8.0,,,,,,,,,,,8.0,12.0,,,,,4.0,20,,,,,37,6.0,8.0,,,,,86,,152,,,,,,,,,,4.0,,10.0,,,3.0,,442,3.0,206,4.0,,,,,,,,,,,4.0,,3.0,,,,,,,2.0,,,,,,,,,,5.0,2.0,,,,,,4904,342,,130,,,,,,,3.0,,,,,4.0,,32.0,,638,,239,,,,,,,,,,,11.0,,6.0,,,,,4.0,1.0,,,,,,1.0,28.0,3.0,,,,,,36.0,3.0,,,,,,,,5.0,,,,,,,2.0,,,,,,,23.0,3.0,,,,,,16.0,,,,,,,,,,,3.0,,,,46,55
_1_km_monthly_VI_Quality_2010121_aid0001,aid0001,2010-05-01 00:00:00+00:00,31241,16254,25756,7614,,,,3062226,45.0,35875,,,,,276538,21.0,65789,23.0,,,,13907,12.0,17918,89.0,,,,12779,437,6674,391,,,,43069,2.0,3546,2.0,,,,56236,21.0,10282,35.0,,,,20454,234,7479,581,,,,1472,702,,13.0,30.0,,151.0,311.0,,44,255,,319,197,,27.0,14.0,,265.0,161.0,,758,694,,778,3914,341,1312,,,,242560,24.0,30594,51.0,,,,,,,,,,13171,52,3592,28,,,,411,147,,57,244,,,,,65,86,,1351,946,289,352,,,,19206,8.0,4538,9.0,,,,10.0,,,,12,,14,,,,,2597,16.0,785,,,,,,,,27.0,2.0,,9.0,,7.0,,,,,101,31,,6,23,,,,,,,18.0,8.0,,,,,48472,1094,49529,1026,,,,,,,,,,,,,,3839,1.0,3006,6.0,,,,,,,,1.0,,2.0,,,,,275,198,,,,,,,68,27,,,,,,,396.0,6.0,592.0,4.0,,,,,,,27.0,,1.0,,,,,4.0,,,,,6.0,1.0,,9.0,19.0,,15.0,,,,,,,,40.0,5.0,10.0,1.0,,,,,,,,,,,1.0,,,,,,125,6.0,76,4.0,,,,1577,,68,,,,,1176,,335,2.0,,,,172,1.0,376,16.0,,,,9.0,,633,66,157,100.0,,,,143,,3057,,65,1.0,,,,162,,5099,12.0,822,9.0,,,,15.0,,2334,159,1807,371.0,,,,7.0,3.0,,,,,3.0,3.0,,6.0,28.0,,1.0,1.0,74,31.0,,,,5.0,4.0,,,,91.0,39.0,,,1.0,456,474.0,,4.0,2.0,2.0,,,,328,1.0,589,5.0,,,,,,,1.0,,1031,17.0,718,27.0,,,,1.0,,,,,,,9.0,22.0,,,,,41.0,57,,,,,20,4.0,25.0,,,,,81,,175,,,,,,,,,,,,7.0,,,2.0,,468,16.0,395,1.0,,,,,,,1.0,,,,3.0,,17.0,,,,,,,,1.0,,,,,,,,,17.0,8.0,,,,,,4948,132,,29,,,,,,,,,,,,9.0,,21.0,,257,,98,,,,,,,,,,,2.0,,,,,,,3.0,,,,,,1.0,,2.0,,,,,,,24.0,1.0,,,,,,,,4.0,,,,,,,,,,,,3.0,,8.0,2.0,,,,,3.0,23.0,,,1.0,,,,,,,,3.0,,,,81,58
_1_km_monthly_VI_Quality_2010152_aid0001,aid0001,2010-06-01 00:00:00+00:00,24052,71899,23062,29667,,,,2179608,3648.0,105858,3883.0,,,,402433,2457.0,118148,6317.0,,,,23256,719.0,17374,1479.0,,,,14250,355,10022,459,,,,120259,1367.0,10780,1087.0,,,,164539,5436.0,31703,7439.0,,,,44127,10474,16205,10512,,,,9003,4408,,15244.0,14667.0,,16656.0,24771.0,,2637,4453,,215,251,,6732.0,2262.0,,20290.0,14442.0,,18447,11185,,691,12725,446,6621,,,,177597,427.0,53112,1136.0,,,,,,,,,,28859,282,8933,319,,,,1595,763,,1241,4055,,,,,830,691,,821,3181,266,1317,,,,12855,37.0,3879,34.0,,,,9.0,2.0,,,7,,8,,,,,4218,80.0,911,20.0,,,,3.0,1.0,,18.0,8.0,,28.0,,19.0,,,,,437,254,,134,205,,,,,,,129.0,59.0,,1.0,,,26148,581,32350,383,,,,,,,,,,,,,,2253,2.0,1443,2.0,,,,,,,,1.0,,,,,,,113,130,,,,,,,31,21,,,,,,,171.0,2.0,185.0,,,,,,,,5.0,,1.0,,,,,,,,,,,,,4.0,,,,,,,,,,,,,,,,,,,,,,,,,,,,,,,105,4.0,108,12.0,,,,1949,31.0,404,82.0,,,,3228,174.0,2322,309.0,,,,775,196.0,1152,330.0,,,,10.0,1.0,571,177,597,267.0,,,,215,,5875,184.0,443,166.0,,,,481,20.0,28330,2067.0,6581,2256.0,,,,63.0,28.0,19685,8028,10625,11706.0,,,,8.0,51.0,,317.0,308.0,,874.0,1546.0,,464.0,520.0,,,,127,189.0,,1.0,44.0,1061.0,341.0,,6.0,137.0,7416.0,4266.0,,5.0,49.0,12443,9897.0,,8.0,,8.0,5.0,,,891,18.0,970,27.0,,,,,,,1.0,,3586,107.0,1671,151.0,,,,7.0,,2.0,1.0,,4.0,,88.0,128.0,,,,,458.0,298,,,2.0,,17,,16.0,,,,,125,,107,,,,,,,,,,,,6.0,,,8.0,,1256,56.0,348,19.0,,,,,,,,,,,6.0,,27.0,1.0,,,,1.0,,14.0,3.0,,,,,,,,,125.0,44.0,,,,4.0,,5097,33,,20,,,,,,,,,,,,,,9.0,,37,,14,,,,,,,,,,,1.0,,,,,,,2.0,1.0,,,,,,,,6.0,,,,,,27.0,,,,,,,,,,,,,,,,,,,,,,,38.0,,,,,,,,,,,,,,,,,,,,,,197,54
_1_km_monthly_VI_Quality_2010182_aid0001,aid0001,2010-07-01 00:00:00+00:00,12119,239426,11972,89987,,,,645691,7472.0,141177,9196.0,,,,286001,7155.0,72857,13628.0,,,,19480,2153.0,9500,4178.0,,,,24535,433,13944,607,,,,241192,6275.0,20901,5698.0,,,,383322,25492.0,64474,24954.0,,,,129570,40836,29218,36341,,,,35331,12331,,59179.0,49828.0,,50020.0,40988.0,,6677,9520,,391,386,,39864.0,16342.0,,106505.0,56649.0,,80297,36255,,402,59480,631,35259,,,,60035,686.0,52604,1311.0,,,,,,,,,,38757,673,17418,687,,,,6144,2355,,2449,5013,,,,,1979,1231,,875,7590,365,3017,,,,4454,60.0,1855,31.0,,,,9.0,2.0,,,12,,5,,,,,4229,163.0,971,47.0,,,,7.0,,,31.0,5.0,,58.0,,20.0,2.0,,,,1228,620,,240,275,,,,,,,350.0,133.0,,2.0,,,8410,727,6270,709,,,,,,,,9.0,,,,,,2172,3.0,1812,2.0,,,,,,,,7.0,,3.0,,,,,99,120,,,2.0,,,,48,36,,,,,,,3.0,1.0,5.0,1.0,,,,,,,3.0,,16.0,,,,,,,,,,,,,,,,,,,,,,,,,,,,,,,,,,,,,,,,,,,,149,4.0,145,38.0,,,,7129,248.0,1293,357.0,,,,9949,598.0,3784,934.0,,,,1677,461.0,1347,977.0,,,,35.0,1.0,1396,373,1203,538.0,,,,952,28.0,35824,1545.0,1718,1058.0,,,,1525,96.0,117627,10861.0,18488,10191.0,,,,222.0,57.0,72434,37638,24615,50475.0,,,,13.0,91.0,,1741.0,1124.0,,3347.0,2915.0,,1231.0,1446.0,,,5.0,155,317.0,,9.0,251.0,7814.0,1985.0,,14.0,651.0,42620.0,20290.0,,9.0,180.0,62589,38881.0,,8.0,,43.0,2.0,,,1472,42.0,1168,128.0,,,,,,,,,8525,330.0,3965,374.0,,,,37.0,,2.0,,4.0,17.0,,153.0,302.0,,,,,737.0,796,,,5.0,1.0,44,3.0,57.0,1.0,,,,158,1.0,171,3.0,,,,,,,,,1.0,,,,,7.0,,1709,89.0,613,36.0,,,,,,,3.0,,,,17.0,,52.0,1.0,,,1.0,2.0,,22.0,14.0,,,,,,,,,273.0,115.0,,,1.0,11.0,,5047,35,,15,,,,,,,7.0,,,,,6.0,,7.0,,65,,37,,,,,,,2.0,,,,23.0,,2.0,,,,,1.0,1.0,,,2.0,,,,1.0,17.0,,,2.0,,,18.0,,,,,,,,,,,1.0,,,,,,,,,,,,57.0,,,,,,,,,,,,,,,,,,,,,,243,59
_1_km_monthly_VI_Quality_2010213_aid0001,aid0001,2010-08-01 00:00:00+00:00,7056,211351,10123,73243,,,,665737,2715.0,143879,4148.0,,,,209745,5079.0,102736,8302.0,,,,14075,1924.0,7815,3501.0,,,,13503,452,13200,556,,,,275473,1509.0,30609,2464.0,,,,527256,14522.0,106232,16902.0,,,,134879,30241,41602,26168,,,,32628,10071,,24909.0,19441.0,,33753.0,20241.0,,7097,5940,,477,392,,18562.0,7172.0,,96969.0,38907.0,,85738,30860,,209,62950,665,35111,,,,60229,339.0,41108,459.0,,,,,,,,,,44086,270,18130,316,,,,3574,1919,,776,1032,,,,,812,587,,1275,7727,443,3208,,,,3775,25.0,1910,19.0,,,,5.0,8.0,,,41,,23,,,,,3524,90.0,809,23.0,,,,10.0,,,26.0,1.0,,32.0,,21.0,,,,,944,449,,120,94,,,,,,,198.0,92.0,,,,,4682,735,4076,406,,,,,,,,24.0,,9.0,,,,2077,3.0,1469,7.0,,,,,3.0,,,14.0,,20.0,,,,,91,93,,,,1.0,,,22,39,,,,,,,,,4.0,,,,,,,,1.0,,4.0,,,,,,,,,,,,,,,,,,,,,,,,,,,,,,,,,,,,,,,,,,,,156,22.0,163,53.0,,,,10581,119.0,1536,121.0,,,,15738,784.0,3987,621.0,,,,2409,677.0,1759,645.0,,,,17.0,3.0,1156,385,1378,422.0,,,,1388,6.0,42629,445.0,1969,481.0,,,,2264,100.0,185601,7316.0,22372,6462.0,,,,216.0,82.0,93782,32906,35049,36459.0,,,,45.0,71.0,,1103.0,489.0,,4157.0,1551.0,,1726.0,1165.0,,2.0,10.0,444,394.0,,3.0,147.0,4439.0,863.0,,26.0,746.0,46149.0,13204.0,,14.0,240.0,77182,35576.0,,15.0,,97.0,5.0,,,2889,24.0,1458,45.0,,,,,,,3.0,1.0,11908,190.0,5902,349.0,,,,53.0,1.0,3.0,,2.0,4.0,,109.0,111.0,,,,,499.0,533,,1.0,,,91,5.0,44.0,3.0,,,,343,3.0,149,3.0,,,,1.0,,,,,6.0,,6.0,,,8.0,,2060,102.0,583,17.0,,,,,2.0,,9.0,,,,47.0,,100.0,,,,3.0,1.0,,34.0,22.0,,,,1.0,,,,,190.0,81.0,,,14.0,9.0,,4983,83,,10,,,,,,,,,4.0,,,8.0,,17.0,,126,,33,1.0,,,,,,,,,,17.0,,33.0,,,,,1.0,2.0,,,,,,1.0,12.0,23.0,,,4.0,,,115.0,,,,,,,,,1.0,,,,,,,,,,,3.0,,,38.0,,,,,,,,,,,,,,,,,,,,,,294,56
_1_km_monthly_VI_Quality_2010244_aid0001,aid0001,2010-09-01 00:00:00+00:00,9359,22001,9887,8356,,,,2318263,266.0,174149,776.0,,,,434581,200.0,160948,172.0,,,,24293,58.0,44527,153.0,,,,11097,60,9169,86,,,,142892,51.0,15659,35.0,,,,195414,449.0,47904,385.0,,,,35802,1028,17609,1089,,,,2578,679,,1533.0,1129.0,,2156.0,2998.0,,359,1758,,83,82,,621.0,126.0,,3046.0,1049.0,,3548,1608,,221,6000,187,2963,,,,190588,42.0,86366,186.0,,,,,,,,,,22280,26,9317,73,,,,550,307,,280,415,,,,,160,129,,2482,1743,381,787,,,,13545,5.0,5429,4.0,,,,24.0,4.0,,,47,,60,,,,,2288,2.0,744,2.0,,,,11.0,,,32.0,1.0,,12.0,,8.0,,,,,184,139,,27,67,,,,,,,25.0,32.0,,,,,6300,1657,6642,1153,,,,,,,,19.0,,7.0,,,,3151,,3030,4.0,,,,,3.0,,,32.0,,22.0,,,,,69,104,,,,,,,48,50,,,,,,,3.0,7.0,3.0,,,,,,,,1.0,,12.0,,,,,,,,,,,,,,,,,,,,,,,,,,,,,,,,,,,,,,,,,,,,139,,71,,,,,7662,8.0,1237,9.0,,,,3355,24.0,1625,23.0,,,,621,43.0,587,43.0,,,,20.0,,695,29,437,25.0,,,,693,,11256,21.0,1171,8.0,,,,469,,24178,348.0,5611,208.0,,,,28.0,5.0,9693,1591,4312,1916.0,,,,1.0,4.0,,74.0,15.0,,185.0,87.0,,115.0,117.0,,,,38,28.0,,,14.0,239.0,42.0,,1.0,20.0,2714.0,421.0,,,12.0,5536,1845.0,,5.0,,11.0,2.0,,,1481,4.0,945,8.0,,,,,,,1.0,1.0,2820,48.0,1395,60.0,,,,16.0,,2.0,,1.0,3.0,,15.0,42.0,,,,,133.0,130,,,,,73,,18.0,,,,,264,1.0,314,1.0,,,,2.0,,,,,9.0,,16.0,,,2.0,,912,9.0,345,3.0,,,,,,,11.0,,,,38.0,1.0,31.0,,,,,,,14.0,11.0,,,,1.0,,,,,32.0,27.0,,,8.0,,,4977,79,,30,,,,,,,3.0,,1.0,,,4.0,,15.0,,165,,95,1.0,,,,,,,,,,62.0,,14.0,,,,,,,,,,,,,5.0,1.0,,,2.0,,,1751.0,,,,,,,,,,,,,,,,,,,,,,,98.0,,,,,,,,,,,,,,,,,,,,,,540,66
_1_km_monthly_VI_Quality_2010274_aid0001,aid0001,2010-10-01 00:00:00+00:00,11953,8492,14451,4758,,,,2276039,97.0,173588,79.0,,,,879798,76.0,132095,139.0,,,,20013,24.0,24019,148.0,,,,10785,49,8419,104,,,,53305,9.0,8873,10.0,,,,57472,73.0,21588,155.0,,,,15376,191,17882,390,,,,719,628,,264.0,354.0,,1003.0,2736.0,,130,1074,,58,64,,60.0,39.0,,557.0,578.0,,440,862,,214,3519,211,2674,,,,234567,33.0,58300,95.0,,,,,,,,,,10980,11,7647,98,,,,322,210,,95,416,,,,,90,169,,1402,917,203,375,,,,17697,1.0,4528,3.0,,,,19.0,10.0,,,71,,65,2.0,,,,1776,3.0,755,,,,,19.0,,,6.0,4.0,,8.0,,15.0,,,,,184,42,,7,45,,,,,2.0,,3.0,17.0,,,,,9447,2091,15910,1574,,,,,,,,29.0,,50.0,,,,4189,1.0,4256,11.0,,,,,,,,61.0,,40.0,,,,,128,201,,,,5.0,,,52,60,,,,,3.0,,36.0,9.0,38.0,2.0,,,,,,,10.0,,23.0,,,,,,1.0,,,,,1.0,,,4.0,,,,,,,,,,2.0,,,,,,,,,,,,,,,,,,,,215,,95,2.0,,,,3813,1.0,1169,4.0,,,,1627,9.0,487,7.0,,,,432,5.0,455,25.0,,,,9.0,,565,12,154,11.0,,,,298,,5755,2.0,1241,3.0,,,,154,2.0,7415,31.0,1539,41.0,,,,15.0,,2828,172,2340,250.0,,,,3.0,,,14.0,1.0,,40.0,65.0,,12.0,51.0,,,,25,4.0,,,,23.0,7.0,,,8.0,183.0,124.0,,,3.0,386,443.0,,10.0,,6.0,,,,857,3.0,568,3.0,,,,,,,,,1847,13.0,851,24.0,,,,2.0,,,,,,,14.0,45.0,,,,,48.0,59,,,,,104,,4.0,,,,,251,,218,,,,,,,,,,8.0,,8.0,,,9.0,,935,6.0,320,,,,,2.0,2.0,,3.0,,,,19.0,,48.0,,,,,,,,4.0,,,,,,,,,2.0,9.0,,,1.0,,,5826,237,,150,,,,,,,5.0,,3.0,,,8.0,,5.0,,346,,155,,,,,,,,,,,89.0,,30.0,,,,,,1.0,,,,,,,4.0,2.0,,,,,,3910.0,,,,,,,,,,,4.0,,,,,,,,,1.0,,,248.0,,,,,,,,,,,,,,,,,,,,,,1365,61
_1_km_monthly_VI_Quality_2010305_aid0001,aid0001,2010-11-01 00:00:00+00:00,14422,15499,15117,12081,265.0,972.0,,2358399,34.0,148459,36.0,175.0,,,606347,44.0,151783,30.0,162.0,1.0,,35301,23.0,21117,73.0,64.0,2.0,,7474,1110,6019,1001,218.0,325.0,,64623,14.0,12995,52.0,142.0,,,124409,111.0,44669,152.0,301.0,5.0,,22493,322,15258,504,36.0,14.0,,2908,3143,105.0,395.0,1338.0,2.0,356.0,593.0,7.0,129,454,20.0,473,415,70.0,244.0,632.0,3.0,926.0,1378.0,18.0,1105,1369,7.0,215,5775,236,4908,3.0,11.0,,210032,14.0,61017,17.0,,,,4.0,,,,,,14354,11,9071,24,5.0,5.0,,488,350,1.0,143,481,,,,,94,188,2.0,476,2402,49,664,,,,17115,,4182,2.0,,,,13.0,3.0,,,105,,73,,,,,1651,4.0,692,1.0,,,,31.0,,,11.0,,,19.0,,28.0,,,,,196,106,,33,106,,,,3.0,,,15.0,26.0,,,,,12687,5147,13760,2802,1173.0,151.0,,,,,,133.0,,149.0,,3.0,,6839,6.0,4927,17.0,587.0,7.0,,,,,,191.0,,93.0,,1.0,,1.0,879,805,91.0,,13.0,11.0,,,185,177,22.0,,,5.0,10.0,,112.0,49.0,132.0,22.0,5.0,1.0,,,,,63.0,,38.0,2.0,1.0,,,9.0,11.0,,,,1.0,4.0,,,10.0,,,,,,,,,,7.0,,2.0,,,,,,,,,,,,,,,,,,651,79.0,292,75.0,11.0,16.0,,3689,7.0,1487,,3.0,,,2890,18.0,1306,3.0,19.0,,,930,9.0,767,6.0,12.0,,,9.0,9.0,1199,130,452,52.0,21.0,6.0,,243,,5983,14.0,1572,16.0,6.0,,,340,,26319,103.0,6489,63.0,27.0,,,30.0,,11949,499,5200,545.0,7.0,1.0,,48.0,22.0,1.0,43.0,47.0,1.0,44.0,44.0,,57.0,40.0,,,3.0,65,31.0,2.0,1.0,4.0,98.0,107.0,,1.0,5.0,698.0,322.0,,,3.0,1820,1281.0,2.0,5.0,,15.0,,,,1113,,881,2.0,,,,1.0,,,2.0,,3257,4.0,1562,17.0,,,,8.0,,3.0,,,1.0,,25.0,37.0,,,,,56.0,56,,,,,35,3.0,15.0,,,,,222,,204,1.0,,,,,,,,,24.0,,6.0,,,1.0,1.0,1051,11.0,279,1.0,,,,,,,,,,,76.0,,54.0,,,,5.0,,,3.0,10.0,,,,,1.0,,,,24.0,16.0,,,8.0,3.0,,5842,695,,462,,49.0,,,,,14.0,,16.0,,,8.0,,25.0,,1515,1.0,451,,41.0,,,,,,,,,234.0,1.0,68.0,,3.0,,,23.0,14.0,,,,,2.0,2.0,18.0,5.0,3.0,,8.0,2.0,2.0,2969.0,,4.0,,,,,,1.0,8.0,,3.0,,,,,,,,,,,,252.0,,,,,,,,,,,,,,,,,,,,,,1619,66
_1_km_monthly_VI_Quality_2010335_aid0001,aid0001,2010-12-01 00:00:00+00:00,5064,9468,6502,9501,1269.0,6207.0,,2553877,68.0,72989,314.0,2600.0,4.0,,818119,16.0,53665,384.0,1097.0,25.0,,24381,36.0,24956,79.0,583.0,65.0,,4976,1436,5485,2133,871.0,1574.0,,32460,10.0,6552,15.0,676.0,23.0,,34428,38.0,8597,38.0,1103.0,21.0,,10803,68,4097,69,186.0,37.0,,1292,1642,704.0,249.0,293.0,24.0,2031.0,639.0,58.0,209,461,98.0,544,771,182.0,100.0,64.0,29.0,212.0,204.0,73.0,217,242,34.0,150,2200,119,991,9.0,44.0,,250891,15.0,66855,174.0,23.0,1.0,,23.0,,,,,,10624,16,3584,59,20.0,16.0,,230,174,5.0,477,792,2.0,2.0,,,99,244,1.0,443,1952,23,749,3.0,33.0,,17152,,4382,25.0,46.0,4.0,,26.0,12.0,,1.0,124,,87,,2.0,,,1952,18.0,567,17.0,7.0,2.0,,23.0,,,4.0,,,15.0,,17.0,,,,,305,122,13.0,84,137,1.0,,,2.0,2.0,1.0,61.0,41.0,,,4.0,,6580,3982,9677,4585,7489.0,889.0,,,,,,90.0,,279.0,1.0,28.0,,5396,9.0,6174,12.0,2744.0,27.0,,,,,,175.0,,229.0,2.0,47.0,,,439,604,344.0,,6.0,17.0,7.0,,144,203,70.0,,,7.0,16.0,,209.0,41.0,274.0,47.0,58.0,1.0,,,,,101.0,,127.0,3.0,16.0,,,12.0,17.0,2.0,,,2.0,2.0,,,21.0,12.0,9.0,,3.0,,,,,,1.0,,11.0,,,,,,,,2.0,1.0,,,,,,,,,538,94.0,386,151.0,63.0,80.0,,3540,6.0,1220,11.0,45.0,,,1667,11.0,1058,4.0,92.0,,,898,11.0,879,21.0,75.0,5.0,,8.0,9.0,1211,165,719,178.0,71.0,77.0,,135,,5063,2.0,1122,6.0,29.0,5.0,,60,,5623,35.0,2042,27.0,119.0,3.0,,11.0,,1942,111,1013,108.0,64.0,10.0,,55.0,50.0,13.0,44.0,19.0,3.0,56.0,36.0,6.0,59.0,77.0,6.0,1.0,4.0,98,68.0,8.0,,,56.0,14.0,2.0,1.0,,188.0,124.0,11.0,,,253,227.0,13.0,3.0,,7.0,1.0,5.0,,667,,332,13.0,,,,4.0,,,,,1555,5.0,472,18.0,3.0,,,,,,,,1.0,,25.0,49.0,,,,,50.0,51,,,,,26,,5.0,2.0,,,,123,,128,1.0,1.0,,,,,,,,22.0,,4.0,,,,,814,4.0,197,10.0,1.0,1.0,,,,,,,,,54.0,,41.0,,,,1.0,,,5.0,6.0,,,,,2.0,,,,26.0,28.0,,,13.0,5.0,,5108,463,,623,,525.0,1.0,,,,23.0,,34.0,,5.0,5.0,,21.0,,1380,1.0,1170,,469.0,1.0,,,,,,,,270.0,,222.0,3.0,32.0,,,11.0,24.0,6.0,,,,,1.0,7.0,15.0,7.0,,8.0,8.0,3.0,3638.0,6.0,13.0,,1.0,,,,,11.0,,24.0,,,,,,,,,1.0,,,240.0,,,,,,,1.0,,,,,,,,,,,,,,,988,63
_1_km_monthly_VI_Quality_2011001_aid0001,aid0001,2011-01-01 00:00:00+00:00,2721,19232,4065,18932,317.0,16695.0,,2702245,80.0,40723,184.0,3981.0,25.0,,483373,129.0,45657,401.0,3042.0,40.0,,107844,647.0,60855,284.0,553.0,147.0,,1557,3148,1574,3958,152.0,2545.0,,14550,205.0,2653,33.0,1031.0,81.0,,19123,92.0,4143,51.0,923.0,115.0,,11700,238,5964,140,212.0,43.0,,1717,1710,828.0,2393.0,508.0,81.0,4627.0,1513.0,83.0,2220,640,64.0,259,235,79.0,224.0,50.0,100.0,288.0,104.0,103.0,426,244,30.0,141,2329,301,977,5.0,127.0,,263717,315.0,30443,804.0,185.0,8.0,,75.0,,,,,,10079,157,2666,240,54.0,11.0,,295,118,12.0,1524,984,7.0,,,,292,219,5.0,293,1199,101,419,4.0,19.0,,19258,36.0,2803,85.0,18.0,,,19.0,2.0,,,107,,33,,,,,1989,27.0,283,24.0,25.0,7.0,,,,,,,,8.0,,4.0,,,,,237,104,5.0,322,205,1.0,,,1.0,,,169.0,47.0,2.0,,3.0,,44266,6456,53127,5749,41737.0,1280.0,,,,,,778.0,,965.0,,174.0,,10294,7.0,9390,6.0,5217.0,52.0,,,,,,213.0,,242.0,,40.0,,4.0,986,1060,1161.0,,,7.0,,,137,100,85.0,,,3.0,5.0,2.0,377.0,104.0,670.0,104.0,430.0,9.0,,5.0,,,162.0,5.0,172.0,,59.0,,,5.0,3.0,10.0,,,2.0,3.0,1.0,23.0,103.0,20.0,31.0,1.0,58.0,,1.0,,,,52.0,1.0,21.0,,2.0,,,2.0,,,5.0,3.0,2.0,,1.0,1.0,,,,,226,485.0,210,390.0,20.0,287.0,,2028,,454,,8.0,,,979,,522,4.0,8.0,,,588,9.0,704,15.0,27.0,,,,35.0,528,544,362,502.0,13.0,227.0,,77,,2185,9.0,172,1.0,26.0,4.0,,26,,2856,5.0,815,9.0,93.0,5.0,,7.0,1.0,1867,127,1145,57.0,23.0,11.0,,63.0,39.0,20.0,,4.0,,5.0,25.0,2.0,30.0,46.0,3.0,,2.0,68,49.0,5.0,,,43.0,2.0,1.0,,1.0,100.0,33.0,16.0,,,179,135.0,4.0,,4.0,2.0,4.0,,,715,18.0,247,68.0,1.0,,,,,,,,1519,40.0,266,76.0,,1.0,,,,,,,1.0,,46.0,57.0,,,,,90.0,59,,,,,10,1.0,3.0,2.0,,,,137,1.0,65,17.0,,,,,,,,,3.0,,7.0,,,,,801,8.0,74,11.0,,,,,,,,,,,19.0,,1.0,2.0,,,3.0,3.0,,10.0,18.0,,,,,,,,,69.0,21.0,,,,,,5848,2682,1.0,2035,2.0,1097.0,4.0,,1.0,,79.0,2.0,79.0,,,2.0,,100.0,,4284,2.0,2738,,913.0,,,,,1.0,,,1.0,307.0,2.0,322.0,,6.0,,,43.0,13.0,21.0,,,,,2.0,40.0,20.0,4.0,,5.0,,,5477.0,26.0,16.0,,3.0,,,,3.0,39.0,,34.0,,8.0,1.0,2.0,,,,,,,,292.0,,,,,,,2.0,7.0,,,,,,,,,,2.0,,,,1831,66
_1_km_monthly_VI_Quality_2011032_aid0001,aid0001,2011-02-01 00:00:00+00:00,7544,33498,5386,25236,29.0,5422.0,,3075067,21.0,55439,28.0,168.0,,,271353,20.0,56834,79.0,329.0,6.0,,13598,188.0,13674,299.0,104.0,88.0,,2392,6886,2220,7037,28.0,1031.0,,12811,130.0,1562,64.0,46.0,9.0,,12758,75.0,3477,27.0,191.0,19.0,,5956,302,4825,285,75.0,20.0,,2799,2070,118.0,124.0,22.0,11.0,112.0,57.0,30.0,446,561,31.0,563,370,13.0,162.0,10.0,5.0,228.0,42.0,28.0,540,307,11.0,501,1166,104,891,,51.0,,263858,10.0,35232,103.0,5.0,4.0,,12.0,,,,,,6604,67,2023,101,4.0,7.0,,84,62,1.0,132,462,2.0,,,,78,63,1.0,408,972,148,559,,,,20665,1.0,3805,23.0,,,,11.0,,,,112,,53,,,,,1729,14.0,553,11.0,2.0,,,,,,,,,16.0,,9.0,,,,,68,46,1.0,33,221,,,,3.0,,,44.0,18.0,1.0,,2.0,,55412,7172,50501,4779,11843.0,168.0,,,,,,661.0,,730.0,,35.0,,17039,13.0,11108,11.0,1558.0,1.0,,,,,,284.0,,225.0,,8.0,,6.0,1443,874,263.0,,,,,,301,179,14.0,,,3.0,2.0,2.0,447.0,54.0,929.0,139.0,157.0,1.0,,5.0,,,169.0,7.0,138.0,,12.0,,,5.0,10.0,7.0,,,3.0,1.0,,22.0,164.0,16.0,9.0,,,,4.0,,,,83.0,,8.0,,,,,,,,7.0,1.0,,,1.0,1.0,,,,,451,859.0,271,389.0,11.0,108.0,,975,,109,,4.0,,,744,,195,1.0,7.0,,,639,22.0,516,9.0,11.0,,,4.0,88.0,594,1315,434,904.0,2.0,93.0,,38,,1331,3.0,53,6.0,6.0,,,52,,2494,6.0,389,5.0,12.0,,,6.0,1.0,1712,109,832,61.0,7.0,1.0,,140.0,65.0,2.0,3.0,,,9.0,,,32.0,38.0,1.0,2.0,8.0,103,66.0,5.0,,,30.0,,1.0,,,75.0,2.0,6.0,,3.0,209,99.0,4.0,3.0,5.0,,4.0,,,259,1.0,264,4.0,,,,,,,,,650,3.0,265,16.0,,1.0,,,,,,,,,11.0,17.0,,,,,15.0,19,,,,,15,,3.0,1.0,,,,108,,125,2.0,,,,,,,,,10.0,,22.0,2.0,,,,489,2.0,80,2.0,,,,,,,,,,,12.0,,6.0,,,,,1.0,,2.0,3.0,,,,,,,,,17.0,5.0,,,,3.0,,5144,3616,3.0,1537,4.0,270.0,,,,,63.0,2.0,67.0,,,7.0,,179.0,2.0,6440,4.0,1988,3.0,200.0,,,,,,,1.0,1.0,324.0,3.0,141.0,,1.0,,,89.0,23.0,3.0,,,,2.0,2.0,75.0,23.0,3.0,,6.0,5.0,,3258.0,21.0,7.0,,12.0,,,,,36.0,,17.0,,13.0,,1.0,2.0,,,,,,,125.0,,,,,,,6.0,10.0,,,,,,,,,,3.0,,,,883,63
_1_km_monthly_VI_Quality_2011060_aid0001,aid0001,2011-03-01 00:00:00+00:00,23045,24118,16596,17772,,,,3279651,,19094,,,,,194206,,9256,,,,,8909,26.0,9551,73.0,,,,3889,3702,2875,4049,,,,12472,7.0,1231,19.0,,,,12007,2.0,2175,3.0,,,,4977,57,2910,105,,,,2036,1809,,11.0,5.0,,30.0,35.0,,113,122,,427,256,,22.0,9.0,,36.0,29.0,,181,72,,319,1022,221,747,,,,270338,,17461,14.0,,,,,,,,,,5609,25,1862,25,,,,68,74,,20,199,,,,,14,34,,666,766,193,305,,,,22617,,3803,15.0,,,,3.0,,,,68,,38,,,,,1484,10.0,666,10.0,,,,,,,,,,12.0,,9.0,,,,,25,24,,4,90,,,,,,,4.0,9.0,,,,,70858,3415,78026,2388,,,,,2.0,,,661.0,,421.0,,,,10639,4.0,5762,18.0,,,,,,,,144.0,,62.0,,,,,754,705,,,1.0,4.0,,,175,110,,,,,3.0,,766.0,30.0,1258.0,105.0,,,,,,,81.0,,69.0,,,,,6.0,6.0,,,,2.0,2.0,,232.0,111.0,2.0,20.0,,,,,,,,127.0,9.0,14.0,,,,,,,,10.0,,,,8.0,3.0,,,,,76,325.0,53,127.0,,,,581,,99,,,,,331,,101,,,,,205,,140,,,,,1.0,39.0,362,811,181,590.0,,,,18,,543,3.0,54,7.0,,,,14,,1047,2.0,185,,,,,1.0,,928,33,447,28.0,,,,28.0,4.0,,,,,1.0,,,3.0,,,2.0,3.0,88,21.0,,,,5.0,,,,,5.0,,,,,90,19.0,,2.0,,1.0,,,,233,,297,1.0,,,,,,,,,416,4.0,204,5.0,,,,,,,,2.0,,,,15.0,,,,,5.0,21,,,,,21,,7.0,,,,,109,,143,2.0,,,,,,,,,7.0,,17.0,,,2.0,,449,2.0,102,,,,,,,,,,,,6.0,,2.0,,,,,,,,7.0,,,,,,,,,5.0,7.0,,,,2.0,,4965,1481,2.0,530,,,,,,,6.0,,9.0,,,10.0,,101.0,1.0,3146,2.0,672,,,,,,,,,,,83.0,1.0,14.0,,,,,17.0,5.0,,,,,2.0,12.0,59.0,12.0,,,1.0,,,2355.0,1.0,,,,,,,,11.0,,,,,,,,,,,,,,94.0,,,,,,,2.0,,,,,,,1.0,,,,,,,,202,57
_1_km_monthly_VI_Quality_2011091_aid0001,aid0001,2011-04-01 00:00:00+00:00,31540,10251,23852,7270,,,,2798988,,60010,,,,,553920,,30757,1.0,,,,18244,,16923,6.0,,,,5386,669,3149,594,,,,33175,,2342,,,,,39678,,5720,,,,,7619,44,3117,17,,,,817,946,,,,,8.0,3.0,,17,12,,252,99,,1.0,,,8.0,1.0,,147,47,,369,1332,327,755,,,,263394,2.0,35730,9.0,,,,,,,,,,11450,12,3697,21,,,,98,63,,14,164,,,,,13,58,,806,596,270,181,,,,19797,6.0,5806,1.0,,,,4.0,1.0,,,19,,78,,,,,1838,2.0,976,4.0,,,,,,,3.0,,,9.0,,11.0,,,,,37,10,,13,64,,,,1.0,,,15.0,8.0,,,,,74100,1459,80218,732,,,,,,,,64.0,,36.0,,,,3645,5.0,2607,15.0,,,,,,,,8.0,,,,,,,451,383,,,,,,,151,49,,,,,1.0,,1022.0,60.0,964.0,51.0,,,,,,,41.0,,41.0,,,,,,2.0,,,,1.0,,,247.0,45.0,2.0,31.0,,,,,,,,113.0,4.0,4.0,2.0,,,,,,,13.0,,,,19.0,5.0,,,,,29,6.0,22,6.0,,,,801,,41,,,,,486,,53,,,,,115,,86,,,,,1.0,1.0,393,60,136,85.0,,,,78,,1299,,31,,,,,61,,2144,,295,2.0,,,,2.0,,870,5,517,15.0,,,,6.0,2.0,,,,,,,,1.0,1.0,,,,44,12.0,,,,1.0,,,,,8.0,,,,,53,20.0,,,,,,,,257,,295,1.0,,,,,,,,,526,7.0,398,16.0,,,,1.0,,,,1.0,,,1.0,6.0,,,,,10.0,34,,,,,23,,16.0,,,,,119,,134,,,,,,,,,,2.0,,9.0,,,3.0,,551,3.0,277,,,,,,,,,,,,2.0,,5.0,,,,,,,,4.0,,,,,,,,,6.0,1.0,,,,,,4862,128,,109,,,,,,,2.0,,,,,1.0,,18.0,,274,,136,,,,,,,,,,,11.0,,,,,,,2.0,,,,,,,2.0,14.0,1.0,,,,,,942.0,,1.0,,,,,,2.0,6.0,,,,,,,2.0,,,,,1.0,,24.0,,,,,,,1.0,,,,,,,,,,,,,,,28,58
_1_km_monthly_VI_Quality_2011121_aid0001,aid0001,2011-05-01 00:00:00+00:00,44146,13712,31193,4370,,,,2857283,1.0,50312,8.0,,,,503758,1.0,39958,12.0,,,,25209,12.0,14328,12.0,,,,10456,173,6548,158,,,,40476,3.0,4974,,,,,62368,43.0,12837,6.0,,,,18059,147,5629,92,,,,617,352,,14.0,24.0,,92.0,49.0,,84,82,,343,269,,9.0,1.0,,154.0,74.0,,462,319,,548,3218,705,1035,,,,251812,8.0,35494,49.0,,,,,,,,,,12492,6,4082,29,,,,227,162,,35,364,,,,,52,162,,444,1147,352,264,,,,18593,9.0,5513,3.0,,,,4.0,2.0,,,11,,75,,,,,2782,14.0,769,4.0,,,,,,,16.0,3.0,,10.0,,26.0,,,,,97,45,,10,67,,,,,,,20.0,2.0,,,,,40414,339,26621,313,,,,,,,,1.0,,,,,,1472,2.0,869,14.0,,,,,,,,2.0,,,,,,,138,101,,,,,,,99,43,,,,,,,388.0,13.0,343.0,4.0,,,,,,,30.0,,11.0,,,,,11.0,10.0,,,,2.0,3.0,,42.0,4.0,3.0,3.0,,,,,,,,88.0,,15.0,2.0,,,,,,,6.0,7.0,,,7.0,,,,,,59,,68,1.0,,,,1005,,50,,,,,667,1.0,179,,,,,80,1.0,139,,,,,6.0,,652,36,264,20.0,,,,119,,2512,1.0,186,,,,,103,,4866,24.0,1073,3.0,,,,11.0,,2359,98,1091,92.0,,,,9.0,,,1.0,,,3.0,,,4.0,3.0,,,,64,26.0,,,,2.0,,,,1.0,76.0,4.0,,,,279,173.0,,4.0,,2.0,,,,346,,409,8.0,,,,,,,1.0,,1178,1.0,581,22.0,,,,2.0,,,,,2.0,,2.0,28.0,,,,,25.0,59,,,,,13,,21.0,,,,,124,1.0,193,4.0,,,,,,,,,1.0,,8.0,,,,,744,10.0,331,2.0,,,,,,,,,,,3.0,,11.0,,,,,,,,3.0,,,,,,,,,16.0,23.0,,,,,,4823,23,,18,,,,,,,,,,,,,,4.0,,59,,14,,,,,,,,,,,,,,,,,,1.0,,,,,,,2.0,25.0,,,,,,,245.0,1.0,,,,,,,2.0,10.0,,,,,,,,,,,,,,6.0,9.0,,1.0,,,2.0,7.0,,,,,,,,,,,3.0,,,,90,58
_1_km_monthly_VI_Quality_2011152_aid0001,aid0001,2011-06-01 00:00:00+00:00,21967,53249,18795,14475,,,,1715923,1531.0,76848,655.0,,,,749297,1425.0,153624,2090.0,,,,68285,974.0,40028,5376.0,,,,15012,160,10098,186,,,,111261,518.0,8309,186.0,,,,223698,2184.0,44402,2408.0,,,,137248,6870,32208,13469,,,,4863,1615,,6687.0,1475.0,,13701.0,13055.0,,8730,23495,,300,226,,3838.0,200.0,,18105.0,6184.0,,22441,19300,,394,16923,242,5439,,,,177057,307.0,39428,654.0,,,,,,,,,,29037,150,8284,183,,,,1521,678,,1868,3286,,,,,772,715,,511,3319,191,1175,,,,12896,9.0,3029,35.0,,,,2.0,1.0,,,14,,67,,,,,4558,61.0,922,9.0,,,,,,,21.0,3.0,,21.0,,35.0,1.0,,,,444,179,,143,231,,,,,,,110.0,59.0,,1.0,,,12269,436,9178,340,,,,,,,,6.0,,11.0,,,,1307,,990,3.0,,,,,,,,5.0,,,,,,,68,57,,,,,,,32,35,,,,,,,11.0,2.0,19.0,2.0,,,,,,,4.0,,5.0,,,,,,,,,,,4.0,,,,,2.0,,,,,,,,,,1.0,,,,,,,,,,,,,,,,,,78,2.0,51,3.0,,,,2681,10.0,203,15.0,,,,3290,46.0,1130,77.0,,,,2645,100.0,1777,517.0,,,,16.0,,816,90,416,52.0,,,,356,,7310,81.0,316,70.0,,,,481,9.0,24887,678.0,4920,717.0,,,,417.0,8.0,39017,5615,12779,11837.0,,,,7.0,5.0,,84.0,24.0,,307.0,249.0,,425.0,1351.0,,,,105,51.0,,,4.0,418.0,29.0,,2.0,63.0,3762.0,1355.0,,9.0,85.0,12748,10053.0,,6.0,,7.0,,,,753,2.0,928,33.0,,,,,,,1.0,,3413,39.0,1753,111.0,,,,4.0,,,,,,,50.0,162.0,,,,,247.0,340,,,,,31,2.0,16.0,,,,,173,,298,4.0,,,,,,,,,5.0,,6.0,,,,,1553,36.0,570,15.0,,,,,,,,,,,10.0,,24.0,,,,2.0,,,8.0,10.0,,,,,,,,,76.0,87.0,,,1.0,3.0,,5022,10,,11,,,,,,,,,,,,2.0,,,,16,,14,,,,,,,,,,,1.0,,,,,,,,2.0,,,,,,,5.0,2.0,,,,,,,,,,,,,,,,,3.0,,,,,,,,,,,,3.0,,,,,,,,,,,,,,,,,,,,,,77,62
_1_km_monthly_VI_Quality_2011182_aid0001,aid0001,2011-07-01 00:00:00+00:00,8358,230289,11352,77317,,,,494954,4138.0,75915,10388.0,,,,468745,7610.0,79492,15919.0,,,,114334,8001.0,38334,13080.0,,,,11150,706,10138,1005,,,,89367,2207.0,11193,2675.0,,,,360522,18373.0,49320,21129.0,,,,241070,64578,48413,62035,,,,38126,8613,,29733.0,19415.0,,58980.0,28106.0,,26442,20162,,479,341,,14678.0,5347.0,,111651.0,31587.0,,144389,47152,,146,70379,176,27619,,,,66056,898.0,29550,1737.0,,,,,,,,,,33244,717,11203,1057,,,,8737,2466,,3431,3370,,,,,2676,1263,,432,9730,159,3529,,,,4096,41.0,1251,30.0,,,,12.0,,,,36,,44,,,,,3853,165.0,698,69.0,,,,1.0,,,18.0,3.0,,22.0,1.0,11.0,1.0,,,,1591,523,,318,216,,,,,,,374.0,120.0,,2.0,,,5772,506,4751,373,,,,,,,,20.0,,27.0,,,,1545,,1380,,,,,,,,,17.0,,3.0,,,,,28,68,,,,,,,12,29,,,,,,,4.0,,14.0,1.0,,,,,,,,,4.0,,,,,,,,,,,,,,,,3.0,,,,,,,,,,,,,,,,,,,,,,,,,,,,43,33.0,135,136.0,,,,2226,57.0,399,321.0,,,,11575,645.0,1608,746.0,,,,6475,1385.0,2570,2165.0,,,,5.0,3.0,671,618,795,1032.0,,,,229,12.0,7094,365.0,836,523.0,,,,1578,88.0,83815,6295.0,7657,5913.0,,,,853.0,188.0,115766,62498,28414,71562.0,,,,26.0,81.0,,461.0,401.0,,3774.0,958.0,,2859.0,2316.0,,2.0,5.0,327,292.0,,,59.0,1788.0,878.0,,22.0,622.0,31726.0,8098.0,,43.0,484.0,97124,38978.0,,1.0,2.0,33.0,13.0,,,1477,62.0,983,144.0,,,,,,,1.0,,6906,333.0,3339,755.0,,,,10.0,,5.0,2.0,1.0,5.0,,198.0,235.0,,,,,967.0,782,,,,1.0,32,4.0,32.0,,,,,138,2.0,197,2.0,,,,,,,,,7.0,,2.0,,,3.0,,1540,96.0,628,31.0,,,,,,,,,,,15.0,,19.0,2.0,,,3.0,,,17.0,29.0,,,,,,,,,266.0,146.0,,,,8.0,,5083,6,,4,,,,,,,,,,,,2.0,,4.0,,27,,29,,,,,,,,,,,9.0,,1.0,,,,,1.0,3.0,,,,,,,7.0,5.0,,,,,,1.0,,,,,,,,,,,,,,,,,,,,,,,6.0,,,,,,,,,,,,,,,,,,,,,,90,63
_1_km_monthly_VI_Quality_2011213_aid0001,aid0001,2011-08-01 00:00:00+00:00,6640,211101,9932,88050,,,,636818,4299.0,104406,5403.0,,,,322842,3213.0,90034,5652.0,,,,31349,2011.0,31385,5954.0,,,,11148,272,10741,583,,,,176473,938.0,22036,1668.0,,,,535082,8752.0,96312,10784.0,,,,222364,31403,80066,31754,,,,39759,10386,,22059.0,13743.0,,27687.0,21591.0,,6754,14949,,313,498,,9278.0,3988.0,,66299.0,29445.0,,95848,50853,,219,69143,286,43672,,,,57715,653.0,37260,1063.0,,,,,,,,,,33258,450,16038,606,,,,5420,1926,,845,1303,,,,,1144,663,,789,8987,399,3354,,,,3566,21.0,1986,19.0,,,,24.0,2.0,,,40,,40,,,,,3027,55.0,990,35.0,,,,,,,21.0,3.0,,31.0,,24.0,2.0,,,,1194,352,,71,195,,,,,,,164.0,72.0,,,1.0,,4639,538,3741,646,,,,,,,,41.0,,28.0,,,,2002,,1460,1.0,,,,,,,,33.0,,11.0,,,,,30,70,,,2.0,,,,15,38,,,,,,,1.0,,8.0,,,,,,,,,,3.0,,,,,,,,,,,,,,,,,,,,,,,,,,,,,,,,,,,,,,,,,,,,88,3.0,119,19.0,,,,8245,42.0,821,129.0,,,,13946,284.0,3397,327.0,,,,3898,430.0,3361,616.0,,,,3.0,,662,281,1107,666.0,,,,948,1.0,20550,160.0,1186,250.0,,,,2390,43.0,153153,2714.0,18916,3124.0,,,,503.0,63.0,117609,31173,53633,40510.0,,,,49.0,44.0,,586.0,213.0,,2293.0,1049.0,,1164.0,1516.0,,,2.0,278,503.0,,2.0,69.0,1439.0,346.0,,10.0,412.0,22611.0,6820.0,,9.0,205.0,66256,42438.0,,21.0,,24.0,24.0,,,2183,31.0,1894,55.0,,,,,,,3.0,1.0,8990,254.0,5420,651.0,,,,33.0,,,,1.0,,,103.0,114.0,,,,,663.0,538,,,3.0,,86,1.0,45.0,1.0,,,,284,,234,3.0,,,,1.0,,,,,7.0,,2.0,,,2.0,,1838,59.0,742,43.0,,,,,1.0,,,,,,45.0,5.0,49.0,1.0,,,5.0,1.0,,15.0,29.0,,,,,,,,,147.0,117.0,,,4.0,9.0,,5079,31,,9,,,,,,,,,3.0,,,4.0,,8.0,,59,,55,,,,,,,,,,,15.0,,2.0,,,,,1.0,,,,,,,,,6.0,,,,,,16.0,,,,,,,,,,,,,,,,,,,,,,,15.0,,,,,,,,,,,,,,,,,,,,,,228,57
_1_km_monthly_VI_Quality_2011244_aid0001,aid0001,2011-09-01 00:00:00+00:00,9110,10062,8903,6743,,,,2072317,470.0,150514,168.0,,,,584961,75.0,178420,172.0,,,,37573,24.0,48537,65.0,,,,8642,57,7335,86,,,,117005,63.0,16449,28.0,,,,286370,237.0,57028,144.0,,,,92245,415,26914,626,,,,872,827,,1055.0,661.0,,529.0,662.0,,178,532,,58,79,,961.0,267.0,,3313.0,1399.0,,2378,2512,,139,5695,198,3399,,,,210963,190.0,62686,224.0,,,,,,,,,,17712,42,7450,55,,,1.0,412,275,,165,443,,,,,82,121,,1316,1922,279,621,,,,14746,4.0,4909,3.0,,,,18.0,10.0,,,52,,53,,,,,2213,3.0,775,5.0,,,,20.0,,,20.0,2.0,,16.0,,13.0,2.0,,,,206,93,,32,77,,,,,,,20.0,8.0,,1.0,,,5885,767,7986,529,,,,,,,,21.0,,37.0,,,,2457,2.0,1734,14.0,,,,,,,,36.0,,35.0,,,,,78,84,,,,,,,31,38,,,,,,,6.0,,5.0,,,,,,,,4.0,1.0,5.0,,,,,,,,,,,,,,1.0,,,,,,,,,,,,,,,,,,,,,,,,,,,,,,64,,31,1.0,,,,3301,,1050,1.0,,,,3165,12.0,1064,14.0,,,,760,13.0,596,9.0,,,,4.0,,325,10,222,14.0,,,,301,,6660,3.0,1461,7.0,,,,528,,26844,132.0,3865,85.0,,,,76.0,,11301,632,4691,862.0,,,,,2.0,,29.0,8.0,,112.0,66.0,,50.0,89.0,,,,21,35.0,,,18.0,178.0,19.0,,4.0,17.0,1650.0,496.0,,,6.0,2467,3014.0,,,,8.0,1.0,,,1207,3.0,701,2.0,,,,,,,1.0,,2638,24.0,1156,34.0,,,,6.0,,1.0,,,,,8.0,30.0,,,,,61.0,88,,,,,54,,22.0,,,,,285,,302,,,,,,,,,,5.0,,15.0,,,3.0,,1030,5.0,405,4.0,,,,,,,2.0,,,,24.0,5.0,34.0,2.0,,,5.0,,,3.0,4.0,,,,,3.0,,,1.0,26.0,12.0,,,1.0,2.0,,5057,79,,16,,,,,,,6.0,,9.0,,,6.0,,13.0,,145,,31,,,,,,,,,,,43.0,,19.0,1.0,,,,1.0,,,,,,,,,,,,1.0,,,975.0,1.0,,,,,,,,2.0,,,,,,,,,,,1.0,1.0,,152.0,,,,,,,,,,,,,,,,,,,,,,689,59
_1_km_monthly_VI_Quality_2011274_aid0001,aid0001,2011-10-01 00:00:00+00:00,10440,6069,13289,5344,,,,2266621,226.0,97797,10.0,,,,1011842,105.0,84589,21.0,,,,41032,51.0,64741,486.0,,,,6911,254,7558,354,,,,32559,14.0,7815,4.0,,,,43081,65.0,15640,41.0,,,,18794,104,10063,606,,,,396,550,,28.0,25.0,,190.0,53.0,,237,252,,63,121,,12.0,7.0,,109.0,49.0,,215,336,,111,1827,149,1488,,,,251787,246.0,65321,217.0,,,,,,,,,,8141,47,5048,146,,,,196,160,,148,245,,,,,51,124,,654,705,139,295,,,,18353,4.0,6181,2.0,,,,34.0,6.0,,,79,,69,,,,,1380,2.0,689,7.0,,,,18.0,,,15.0,2.0,,9.0,,10.0,,,,,62,26,,7,66,,,,4.0,,,5.0,19.0,,,,,9002,1438,16917,703,,,,,,,,19.0,,28.0,,,,2964,,3318,36.0,,,,,,,,51.0,,27.0,,,,,106,441,,,,,,,42,89,,,,,,,34.0,,46.0,4.0,,,,,,,8.0,,20.0,,,,,,1.0,,,,1.0,1.0,,,,,,,,,,,,,7.0,,,,,,,,,,,,,,,,,,,,99,1.0,64,9.0,,,,2476,,786,,,,,860,,422,,,,,345,2.0,196,40.0,,,,9.0,,383,45,149,19.0,,,,130,,3785,2.0,913,9.0,,,,83,,4915,21.0,1455,25.0,,,,9.0,,1842,80,538,269.0,,,,8.0,7.0,,,,,6.0,4.0,,21.0,17.0,,,,14,6.0,,,,,16.0,,,,39.0,14.0,,,6.0,96,92.0,,,,4.0,,,,542,5.0,442,2.0,,,,,,,,,1038,5.0,499,22.0,,,,3.0,,1.0,,,,,1.0,33.0,,,,,23.0,52,,,,,61,,7.0,,,,,185,,249,,,,,,,,,,16.0,,9.0,,,1.0,,609,7.0,194,,,,,,,,2.0,,,,15.0,,14.0,,,,,,,1.0,5.0,,,,,2.0,,,,2.0,15.0,,,1.0,2.0,,5665,220,,155,,,,,,,8.0,,7.0,,,3.0,,17.0,,485,,125,,,,,,,,,,,96.0,,14.0,,,,,7.0,3.0,,,,,,1.0,3.0,1.0,,,1.0,,,5062.0,,2.0,,,,,,,1.0,,,,,,,,,,,,2.0,,550.0,,,,,,,,,,,,,,,,,,,,,,1745,67
_1_km_monthly_VI_Quality_2011305_aid0001,aid0001,2011-11-01 00:00:00+00:00,6580,7646,6842,6229,280.0,478.0,,2598838,1.0,72420,3.0,121.0,,,760094,16.0,68817,5.0,126.0,1.0,,76896,8.0,9290,20.0,82.0,14.0,,5964,1681,4743,1079,128.0,62.0,,23519,2.0,2668,,47.0,,,20559,22.0,5105,4.0,107.0,,,8004,31,2613,99,21.0,7.0,,975,1028,247.0,21.0,9.0,,67.0,25.0,2.0,163,82,23.0,400,235,20.0,5.0,3.0,1.0,97.0,25.0,2.0,135,73,3.0,168,1376,92,850,6.0,15.0,,281429,2.0,43081,13.0,4.0,,,,,,,,,5617,8,2012,16,7.0,,,105,92,10.0,224,382,2.0,,,,25,56,,417,1514,42,501,,4.0,,20394,,3905,4.0,,,,49.0,9.0,,,119,,64,,,,,1462,3.0,433,2.0,,,,19.0,,,13.0,1.0,,9.0,,5.0,,,,,51,35,,53,111,,,,2.0,1.0,,21.0,12.0,,,,,25483,7966,22261,3474,1370.0,12.0,,,,,,69.0,,115.0,,3.0,,13738,9.0,7619,21.0,153.0,2.0,,,,,,145.0,1.0,130.0,,2.0,,,723,513,108.0,,3.0,,,,276,131,8.0,,,3.0,1.0,2.0,355.0,64.0,372.0,71.0,75.0,,,,,,146.0,,190.0,,3.0,,,1.0,4.0,7.0,,,,1.0,,7.0,4.0,,2.0,,,,,,,,1.0,,,,,2.0,,,,,,,,,,,,,,,527,148.0,184,37.0,3.0,4.0,,1671,5.0,193,,,,,1007,2.0,271,3.0,3.0,,,537,10.0,463,3.0,,,,7.0,9.0,1050,313,281,123.0,,9.0,,90,,2821,1.0,108,,,,,43,,4027,13.0,569,5.0,1.0,1.0,,12.0,,2008,48,492,52.0,4.0,,,44.0,9.0,,4.0,,,8.0,2.0,,11.0,16.0,,2.0,9.0,62,22.0,,,,2.0,,,,2.0,69.0,8.0,1.0,,,123,38.0,,2.0,,2.0,,,,393,,280,1.0,,,,,,,1.0,,838,2.0,259,11.0,,,,1.0,,,,3.0,,,9.0,14.0,,,,,19.0,29,,,,,24,,6.0,,,,,86,,152,1.0,,,,,,,,,15.0,,5.0,,,1.0,,437,4.0,185,,,,,,,,,,,,16.0,,8.0,,,,,,,,6.0,,,,,,,,,4.0,20.0,,,,,,5803,2152,,568,,18.0,,,,,28.0,,8.0,,,8.0,,171.0,,3786,6.0,809,,20.0,,,,,,,,,244.0,,153.0,,,,,57.0,9.0,,2.0,,,1.0,9.0,65.0,8.0,,,6.0,,,5100.0,16.0,,,6.0,,,,1.0,41.0,,10.0,,1.0,,,,,,,,,,483.0,,,,,,,,,,,,,,,,,,,,,,1921,67
_1_km_monthly_VI_Quality_2011335_aid0001,aid0001,2011-12-01 00:00:00+00:00,3390,7396,4043,8308,866.0,5100.0,,2394251,13.0,48770,3.0,1856.0,14.0,,925941,52.0,40673,58.0,1370.0,12.0,,155289,749.0,15547,378.0,585.0,67.0,,4508,1198,3821,2543,437.0,1669.0,,17890,21.0,5319,39.0,481.0,20.0,,21758,32.0,8831,47.0,860.0,27.0,,7640,61,4242,132,204.0,38.0,,709,824,609.0,99.0,27.0,18.0,1968.0,176.0,60.0,4053,293,79.0,321,368,134.0,51.0,46.0,21.0,164.0,141.0,21.0,174,321,25.0,106,1542,108,909,6.0,51.0,,279978,40.0,33985,130.0,128.0,,,9.0,,,,,,8653,9,2245,25,27.0,8.0,,111,109,9.0,284,588,9.0,1.0,,,61,117,1.0,398,1881,73,616,1.0,25.0,,19162,3.0,3459,7.0,41.0,,,40.0,14.0,,2.0,141,,78,,4.0,,,1859,20.0,484,17.0,3.0,1.0,,13.0,,,9.0,,1.0,16.0,,10.0,,,,,132,69,3.0,54,131,2.0,,,3.0,1.0,,35.0,36.0,,,,,12738,3873,20614,4432,10286.0,782.0,,,,,,106.0,,320.0,,60.0,,6349,11.0,7685,24.0,3069.0,21.0,,,,,,195.0,,285.0,,51.0,,2.0,411,632,341.0,,4.0,4.0,,,128,199,73.0,,,4.0,9.0,3.0,218.0,33.0,486.0,98.0,258.0,9.0,,,,,54.0,,125.0,,32.0,,,4.0,13.0,18.0,,,1.0,6.0,,1.0,5.0,1.0,2.0,,,,,,,,1.0,,3.0,,,2.0,,,,,,3.0,1.0,,,,,,,,330,137.0,220,274.0,36.0,144.0,,2196,6.0,593,,17.0,,,1792,6.0,766,11.0,30.0,,,796,13.0,812,19.0,79.0,,,7.0,10.0,851,212,450,451.0,44.0,130.0,,56,,2532,5.0,488,6.0,41.0,3.0,,58,,4806,22.0,1503,9.0,51.0,5.0,,8.0,,2034,59,1170,128.0,74.0,5.0,,26.0,39.0,9.0,16.0,,1.0,34.0,11.0,1.0,32.0,39.0,14.0,1.0,4.0,62,78.0,6.0,,,20.0,10.0,3.0,,,143.0,87.0,3.0,,,196,232.0,18.0,2.0,,2.0,3.0,,,475,,252,2.0,,,,,,,,,1068,10.0,264,5.0,,,,1.0,,,,1.0,,,9.0,30.0,,,,,18.0,37,,,,,10,,9.0,,1.0,,,112,,76,,,1.0,,,,,,,17.0,,9.0,,,,,614,3.0,125,2.0,1.0,,,,,,,,,,33.0,,8.0,,,,,,,2.0,7.0,3.0,,,,,,,,5.0,27.0,,,1.0,,,5082,975,1.0,1338,,348.0,,,,,26.0,,34.0,,9.0,3.0,,51.0,,2114,3.0,2179,3.0,444.0,,,,,,,,,265.0,,370.0,1.0,34.0,1.0,,39.0,35.0,6.0,2.0,4.0,,4.0,2.0,33.0,20.0,12.0,,6.0,10.0,,4654.0,8.0,9.0,,2.0,,,,2.0,16.0,,28.0,,8.0,,,,3.0,,,1.0,,,359.0,,,,,,,,,,,,,,,,,,,,,,1542,66
_1_km_monthly_VI_Quality_2012001_aid0001,aid0001,2012-01-01 00:00:00+00:00,1541,15037,2270,20111,326.0,6998.0,,2545972,67.0,115128,74.0,1887.0,24.0,,639403,67.0,30631,49.0,554.0,4.0,,138098,181.0,31174,216.0,241.0,32.0,,1590,3948,1149,6537,177.0,1843.0,,17586,29.0,5704,159.0,354.0,23.0,,19781,24.0,5872,69.0,370.0,32.0,,6354,138,6206,495,188.0,49.0,,647,864,202.0,1734.0,429.0,260.0,1590.0,353.0,26.0,985,843,7.0,379,393,74.0,112.0,197.0,27.0,144.0,293.0,45.0,235,1055,26.0,201,1659,94,984,,83.0,,267676,142.0,28487,416.0,78.0,1.0,,183.0,,,,,,9075,69,2813,182,16.0,15.0,,140,165,4.0,582,887,8.0,,,,132,231,,355,1506,88,632,,26.0,,18989,15.0,3167,119.0,18.0,,,3.0,,,,87,,24,,,,,1755,42.0,507,87.0,6.0,3.0,,,,,,,,12.0,,2.0,,15.0,,,257,166,8.0,104,248,,,,1.0,4.0,,95.0,116.0,3.0,1.0,2.0,,39444,6943,48668,7859,11260.0,566.0,,,9.0,6.0,,876.0,,1082.0,,21.0,,11071,12.0,10469,27.0,2075.0,21.0,,,,,,322.0,,488.0,,17.0,,1.0,543,1037,212.0,,1.0,2.0,,,119,174,36.0,,,1.0,5.0,,509.0,80.0,403.0,188.0,172.0,3.0,,4.0,,,210.0,,123.0,,36.0,,,9.0,7.0,,,,12.0,1.0,,7.0,235.0,17.0,17.0,,2.0,,,,,,67.0,5.0,23.0,4.0,,3.0,,,,,16.0,5.0,,,13.0,,1.0,,,,192,539.0,250,685.0,25.0,240.0,,3538,1.0,938,4.0,8.0,1.0,,1322,3.0,760,1.0,7.0,1.0,,512,5.0,872,13.0,113.0,,,,58.0,580,982,483,875.0,46.0,186.0,,165,,2838,2.0,1118,11.0,9.0,,,50,,3159,7.0,1310,18.0,14.0,1.0,,6.0,,1688,104,1565,100.0,80.0,7.0,,99.0,62.0,3.0,84.0,41.0,,37.0,30.0,1.0,30.0,68.0,3.0,1.0,13.0,178,82.0,11.0,,1.0,58.0,43.0,1.0,,1.0,113.0,67.0,,,,238,219.0,6.0,1.0,1.0,3.0,1.0,,,579,3.0,159,29.0,,,,5.0,,,,1.0,1140,21.0,248,24.0,,,,,,,,,,,24.0,32.0,,,,,38.0,31,,,,,27,,16.0,,,,,135,2.0,70,4.0,,,,,,,,,14.0,,12.0,,,,,665,5.0,130,21.0,1.0,,,,,,,,,,23.0,,3.0,,,,3.0,,,12.0,28.0,,,,,5.0,,,,45.0,22.0,,,3.0,4.0,,5868,2992,3.0,2506,5.0,457.0,,,,,104.0,,51.0,,2.0,4.0,,171.0,1.0,5339,1.0,2981,1.0,454.0,4.0,,,,6.0,,,3.0,509.0,,317.0,3.0,33.0,,,36.0,37.0,8.0,,,,3.0,6.0,52.0,23.0,9.0,,1.0,3.0,,4924.0,63.0,4.0,,5.0,,,,4.0,62.0,,20.0,,7.0,,3.0,,,,,,,,371.0,,,,,,,1.0,,,,,,,,,,,2.0,,,,1301,66
_1_km_monthly_VI_Quality_2012032_aid0001,aid0001,2012-02-01 00:00:00+00:00,15102,34651,4322,30548,28.0,3047.0,,2631476,49.0,61607,8.0,73.0,14.0,,647765,33.0,37287,27.0,21.0,4.0,,46665,153.0,15216,189.0,22.0,11.0,,2189,7883,1206,5387,20.0,774.0,,20844,158.0,2525,77.0,39.0,48.0,,24676,90.0,4709,27.0,57.0,16.0,,10035,413,3541,184,27.0,24.0,,2546,2284,97.0,174.0,69.0,5.0,75.0,107.0,,505,453,4.0,450,365,17.0,195.0,61.0,10.0,219.0,66.0,15.0,895,245,6.0,241,1079,75,909,,38.0,,280333,12.0,32473,132.0,,,,1.0,,,,,,7929,59,2184,92,2.0,3.0,,80,97,,111,402,,,,,53,89,,724,717,160,503,,,,21744,2.0,3693,67.0,,,,2.0,,,,68,,22,,,,,1668,11.0,462,33.0,,,,,,,,,,6.0,,12.0,,,,,83,70,,81,228,,,,5.0,,,22.0,31.0,,1.0,2.0,,63456,4951,63133,4178,3073.0,79.0,,,1.0,2.0,,1583.0,,886.0,,2.0,,12455,12.0,7094,20.0,433.0,7.0,,,1.0,,,421.0,,285.0,,1.0,,3.0,865,839,68.0,,2.0,1.0,,,175,87,6.0,,,5.0,2.0,,336.0,84.0,879.0,133.0,25.0,,,3.0,,,138.0,,185.0,,15.0,,1.0,2.0,8.0,,,,1.0,9.0,,86.0,117.0,6.0,25.0,,2.0,,,,,,52.0,10.0,26.0,2.0,,,,,,,22.0,3.0,,,13.0,,,,,,207,777.0,89,271.0,3.0,57.0,,760,2.0,123,,,,,1502,,526,,1.0,,,552,13.0,519,3.0,,,,2.0,81.0,488,1777,180,554.0,12.0,57.0,,17,1.0,868,11.0,38,2.0,1.0,,,62,,2656,11.0,747,1.0,2.0,1.0,,16.0,,2889,99,1136,49.0,1.0,2.0,,86.0,19.0,,4.0,1.0,,9.0,3.0,,37.0,15.0,,4.0,14.0,133,44.0,6.0,,1.0,39.0,8.0,,,,83.0,18.0,,,,378,94.0,,3.0,1.0,,4.0,,,199,1.0,226,5.0,,,,,,,,,480,20.0,171,14.0,,,,,,,,,,,7.0,18.0,,,,,12.0,22,,,,,25,,13.0,,,,,77,,67,1.0,,,,,,,,,4.0,,1.0,,,,,401,,86,4.0,,,,,,,,,,,7.0,,3.0,,,,,,,2.0,15.0,,,,,,,,,4.0,9.0,,,1.0,3.0,,4977,3239,2.0,807,2.0,102.0,,,,,121.0,,60.0,,,4.0,,152.0,1.0,5010,2.0,1172,,51.0,,,,,,,,1.0,488.0,,247.0,2.0,,,,43.0,4.0,3.0,,,,,1.0,72.0,10.0,,,2.0,5.0,,4478.0,33.0,15.0,,,,,,1.0,48.0,,17.0,,1.0,,,,,,,2.0,,,155.0,,,,,,,2.0,,2.0,,,,,,,,,,,,,696,58
_1_km_monthly_VI_Quality_2012061_aid0001,aid0001,2012-03-01 00:00:00+00:00,22114,26554,9763,14192,,,,2892161,,26250,,,,,510323,,33617,5.0,,,,19034,63.0,17305,55.0,,,,4610,5360,1888,2327,,,,18549,8.0,3158,1.0,,,,18598,35.0,2918,3.0,,,,10154,181,3129,95,,,,2453,1616,,6.0,3.0,,14.0,11.0,,246,156,,534,245,,68.0,40.0,,78.0,35.0,,382,100,,398,903,126,545,,,,274859,1.0,30985,32.0,,,,,,,,,,7029,18,2709,42,,,,74,51,,19,153,,,,,5,32,,937,689,313,356,,,,21439,1.0,4742,10.0,,,,1.0,,,,35,,6,,,,,1423,7.0,596,12.0,,,,,,,,,,6.0,,1.0,,,,,19,17,,12,81,,,,1.0,,,1.0,6.0,,,,,96212,2710,47506,2665,,,,,17.0,13.0,,719.0,,336.0,,,,9055,36.0,4362,10.0,,,,,,,,171.0,,74.0,,,,4.0,852,466,,,1.0,,,,161,82,,,,1.0,2.0,,702.0,68.0,996.0,90.0,,,,,,,57.0,,101.0,,,,,7.0,8.0,,,,1.0,2.0,,47.0,109.0,,54.0,,,,,,,,54.0,5.0,12.0,,,,,,,,26.0,4.0,,,12.0,2.0,,,,,134,285.0,97,46.0,,,,434,,57,,,,,458,,125,,,,,283,3.0,167,,,,,6.0,38.0,323,650,112,180.0,,,,21,,467,4.0,25,,,,,28,,1601,2.0,155,,,,,13.0,,1518,53,466,41.0,,,,44.0,8.0,,2.0,,,1.0,1.0,,20.0,6.0,,,2.0,40,18.0,,,,3.0,,,,,12.0,2.0,,,,104,34.0,,3.0,,7.0,4.0,,,145,,213,,,,,,,,,,354,3.0,170,1.0,,,,1.0,,,,1.0,,,2.0,5.0,,,,,1.0,10,,,,,10,,7.0,,,,,49,,49,,,,,,,,,,1.0,,2.0,,,,,247,1.0,128,1.0,,,,,,,,,,,2.0,,3.0,,,,,,,,1.0,,,,,,,,,,,,,1.0,,,4928,1293,,282,,,,,,,30.0,,10.0,,,3.0,2.0,89.0,1.0,2017,5.0,471,,,,,,,,,,,130.0,,60.0,,,,,22.0,2.0,,,,,3.0,2.0,24.0,5.0,,,2.0,1.0,,3197.0,11.0,9.0,,,,,,1.0,9.0,,10.0,,,,,,,,,1.0,,,67.0,,,,,,,1.0,1.0,,,,,,,,,,,,,,206,61
_1_km_monthly_VI_Quality_2012092_aid0001,aid0001,2012-04-01 00:00:00+00:00,27773,13178,21733,8362,,,,3049725,,76299,1.0,,,,310659,14.0,45541,,,,,14777,121.0,10684,4.0,,,,9345,1243,5987,851,,,,29791,5.0,2527,,,,,34544,11.0,7429,2.0,,,,12076,79,4400,31,,,,1255,1222,,,2.0,,38.0,16.0,,41,32,,570,295,,3.0,,,5.0,7.0,,53,30,,352,1097,348,662,,,,252551,6.0,36772,11.0,,,,,,,,,,9647,25,3921,13,,,,90,78,,3,148,,,,,12,48,,1064,390,225,329,,,,19581,2.0,6243,1.0,,,,8.0,,,,13,,8,,,,,2225,5.0,802,4.0,,,,,,,3.0,,,11.0,,12.0,,,,,42,11,,1,47,,,,,,,11.0,1.0,,,,,87725,1415,40931,1184,,,,,,,,71.0,,44.0,,,,5387,8.0,2723,3.0,,,,,,,,4.0,,6.0,,,,2.0,470,315,,,,1.0,,,147,48,,,,1.0,,,797.0,45.0,718.0,37.0,,,,,,,60.0,,45.0,,,,,5.0,4.0,,,,,1.0,,169.0,38.0,1.0,38.0,,,,,,,,81.0,,25.0,1.0,,,,,,,20.0,1.0,,,11.0,3.0,,,,,148,17.0,127,5.0,,,,300,,74,,,,,268,,121,,,,,161,2.0,118,,,,,18.0,,661,58,233,41.0,,,,27,,610,,71,,,,,35,,1634,15.0,304,,,,,1.0,,1260,22,444,6.0,,,,5.0,2.0,,,,,,,,1.0,1.0,,,,86,32.0,,,,,,,,,,,,,,18,18.0,,1.0,,,,,,186,,326,,,,,,,,,,414,3.0,294,3.0,,,,,,,,,,,,5.0,,,,,2.0,15,,,,,17,,10.0,,,,,63,,167,,,,,,,,,,,,4.0,,,5.0,,331,,204,,,,,,,,,,,,6.0,,9.0,,,,,1.0,,2.0,1.0,,,,,,,,,11.0,3.0,,,,,,4896,306,,68,,,,,,,,,4.0,,,5.0,,44.0,,656,,133,,,,,,,,,,,12.0,,6.0,,,,,8.0,,,,,,,,16.0,2.0,,,,,,1890.0,6.0,,,,,,,,1.0,,,,,,,2.0,,,,3.0,,,10.0,,,,,,,4.0,,,,,,,,,,,1.0,,,,71,67
_1_km_monthly_VI_Quality_2012122_aid0001,aid0001,2012-05-01 00:00:00+00:00,36222,15532,21052,7585,,,,2653428,96.0,64650,17.0,,,,617946,320.0,126947,61.0,,,,22334,99.0,22464,14.0,,,,12301,2109,6407,1694,,,,25478,2.0,2789,,,,,37938,67.0,9776,20.0,,,,19125,141,7470,91,,,,1563,875,,8.0,1.0,,69.0,31.0,,120,374,,876,739,,3.0,,,79.0,6.0,,287,397,,453,2736,237,836,,,,256477,64.0,50734,63.0,,,,,,,,,,10080,44,4368,63,,,,231,146,,88,137,,,,,64,147,,834,538,477,171,,,,19318,8.0,6642,5.0,,,,12.0,1.0,,,24,,13,,,,,2151,11.0,683,,,,,1.0,,,15.0,,,9.0,1.0,8.0,,,,,52,6,,35,31,,,,,,,21.0,5.0,,,,,43995,659,37060,459,,,,,,,,3.0,,,,,,3008,3.0,1972,4.0,,,,,,,,,,2.0,,,,1.0,400,214,,,,,,,118,80,,,,,,,354.0,19.0,500.0,27.0,,,,,,,27.0,,14.0,,,,,1.0,5.0,,,,2.0,6.0,,147.0,41.0,1.0,17.0,,,,,,,,54.0,,3.0,,,,,,,,4.0,,,,,,,,,,94,21.0,111,9.0,,,,276,,166,,,,,350,1.0,704,,,,,137,3.0,290,,,,,7.0,4.0,605,136,494,189.0,,,,21,,603,,267,,,,,34,,2288,14.0,1013,1.0,,,,2.0,,1933,81,1074,40.0,,,,9.0,10.0,,,,,12.0,,,3.0,2.0,,1.0,1.0,109,124.0,,,,,,,,,42.0,1.0,,,,228,117.0,,1.0,,2.0,,,,189,2.0,401,4.0,,,,,,,,,563,13.0,609,25.0,,,,,,,,,1.0,,5.0,8.0,,,,,28.0,38,,,,,11,,7.0,,,,,65,,164,,,,,,,,,,,,2.0,,,7.0,,339,2.0,219,,,,,,,,,,,,1.0,,8.0,,,,2.0,,,2.0,,,,,,,,,,10.0,,,,,,,4886,77,,117,,,,,,,,,,,,5.0,,12.0,2.0,200,,165,,,,,,,,,,,7.0,,,,,,,1.0,7.0,,,,,,1.0,19.0,23.0,,,,,,596.0,1.0,7.0,,,,,,,4.0,,4.0,,,,,2.0,,,,,3.0,,5.0,,,,,,,9.0,,,,,,,,,,,2.0,,,,5,49
_1_km_monthly_VI_Quality_2012153_aid0001,aid0001,2012-06-01 00:00:00+00:00,24297,55763,19542,16382,,,,1882489,3452.0,94636,787.0,,,,910394,2331.0,100958,4754.0,,,,50670,878.0,18295,2068.0,,,,13541,329,10443,263,,,,84439,496.0,7648,324.0,,,,202771,2315.0,35626,4077.0,,,,77555,4252,19406,5565,,,,5195,2167,,4204.0,1064.0,,7341.0,8225.0,,4102,4855,,175,251,,1320.0,313.0,,5812.0,4065.0,,10162,6281,,516,12682,288,4931,,,,195757,638.0,34196,968.0,,,,,,,,,,29203,223,6862,355,,,,1243,566,,735,2129,,,,,431,646,,1032,2857,211,778,,,,14262,43.0,2858,40.0,,,,16.0,3.0,,,4,,39,,,,,4865,42.0,844,29.0,,,,2.0,,,23.0,2.0,,6.0,,15.0,,,,,448,154,,125,120,,,,,,,114.0,57.0,,,,,21646,418,17433,289,,,,,,,,4.0,,4.0,,,,1894,,1563,5.0,,,,,,,,3.0,,,,,,1.0,105,69,,,,,,,31,33,,,,,,,64.0,,53.0,,,,,,,,9.0,,1.0,,,,,,1.0,,,,1.0,,,1.0,,,2.0,,,,,,,,10.0,,3.0,,,,,,,,,,,,,,,,,,143,,67,,,,,764,11.0,206,3.0,,,,2860,70.0,819,124.0,,,,1195,93.0,496,127.0,,,,20.0,,567,95,417,150.0,,,,82,2.0,2398,51.0,312,60.0,,,,418,7.0,17559,747.0,3212,1059.0,,,,151.0,20.0,20276,3883,6316,4776.0,,,,2.0,1.0,,120.0,31.0,,231.0,320.0,,180.0,265.0,,,1.0,71,84.0,,,13.0,284.0,65.0,,3.0,32.0,2113.0,1124.0,,,41.0,6852,4393.0,,4.0,,,1.0,,,814,5.0,651,52.0,,,,,,,,,2808,63.0,1291,133.0,,,,3.0,,2.0,,,,,59.0,120.0,,,,,201.0,225,,,1.0,,48,,15.0,,,,,170,1.0,135,1.0,,,,,,,,,,,,,,7.0,,1397,14.0,461,10.0,,,,2.0,,,,,,,3.0,,5.0,,,,5.0,,,11.0,17.0,,,,,,,,,59.0,55.0,,,1.0,,,4979,51,,29,,,,,,,,,,,,9.0,,3.0,,63,,40,,,,,,,,,,,9.0,,,,,,,3.0,,,,,,,,5.0,12.0,,,6.0,,,73.0,,,,,,,,,,,2.0,,,,,,,,,,,,8.0,,,,,,,,,,,,,,,,,,,,,,141,60
_1_km_monthly_VI_Quality_2012183_aid0001,aid0001,2012-07-01 00:00:00+00:00,9130,165148,11751,63074,,,,818269,8750.0,167016,6930.0,,,,503218,14747.0,84981,15273.0,,,,39394,6332.0,11313,7686.0,,,,13720,428,14124,1089,,,,127767,4140.0,28874,3416.0,,,,283101,21429.0,49362,22888.0,,,,175564,57657,23669,34743,,,,28318,11901,,57113.0,20320.0,,81506.0,33814.0,,16533,11239,,285,367,,26703.0,4304.0,,90402.0,30616.0,,109239,31088,,269,59175,266,24911,,,,87734,1015.0,32006,1560.0,,,,,,,,,,32206,873,10028,685,,,,8033,2976,,4080,3926,,,,,2490,1284,,993,7769,463,2673,,,,5814,51.0,2226,44.0,,,,5.0,,,,6,,22,,,,,4184,153.0,692,36.0,,,,2.0,,,9.0,5.0,,8.0,,21.0,,,,,1489,445,,416,197,,,,,,,463.0,78.0,,,,,4619,548,6121,401,,,,,,,,19.0,,32.0,,,,1757,,2149,,,,,,,,,9.0,,3.0,,,,,68,55,,,,,,,34,25,,,,,,,9.0,1.0,12.0,,,,,,,,,,1.0,,,,,,,,,,,,,,1.0,,,,,,,,,,,,,,,,,,,,,,,,,,,,,,111,6.0,116,48.0,,,,5770,118.0,1465,91.0,,,,8726,546.0,1905,1149.0,,,,2551,1015.0,880,1242.0,,,,20.0,1.0,752,306,549,769.0,,,,590,9.0,15004,758.0,2215,448.0,,,,1083,66.0,71630,8022.0,8611,8574.0,,,,327.0,114.0,71240,49116,13578,48532.0,,,,7.0,65.0,,1785.0,520.0,,2955.0,2067.0,,1568.0,1171.0,,,3.0,148,368.0,,2.0,267.0,7119.0,781.0,,11.0,448.0,38075.0,10977.0,,15.0,253.0,71017,31195.0,,7.0,,36.0,,,,1347,23.0,841,61.0,,,,,,,5.0,,6434,265.0,2554,442.0,,,,13.0,,,,1.0,2.0,,133.0,359.0,,,,,799.0,828,,,3.0,2.0,33,1.0,22.0,,,,,150,2.0,100,6.0,,,,,,,,,1.0,,,,,3.0,,1425,73.0,288,40.0,,,,2.0,,,,,,,10.0,,7.0,2.0,,,2.0,,,20.0,17.0,,,,,,,,,193.0,94.0,,,3.0,2.0,,5023,66,,29,,,,,,,,,4.0,,,8.0,,14.0,,91,,39,1.0,,,,,,,,,,1.0,,6.0,,,,,1.0,,,,,,,,3.0,2.0,,,3.0,,,4.0,,,,,,,,,,,3.0,,,,,,,,,,,,6.0,,,,,,,,,,,,,,,,,,,,,,147,57
_1_km_monthly_VI_Quality_2012214_aid0001,aid0001,2012-08-01 00:00:00+00:00,5840,232348,7151,111363,,,,711080,2909.0,106815,3851.0,,,,233547,3434.0,66147,5288.0,,,,22856,1795.0,14979,5102.0,,,,11638,299,12170,740,,,,240227,1593.0,31755,1663.0,,,,483435,10255.0,87001,9735.0,,,,167427,33200,56279,30350,,,,48436,17572,,17388.0,18955.0,,31814.0,24511.0,,8684,22154,,330,320,,9891.0,4061.0,,82252.0,31380.0,,96994,58436,,253,70293,487,47266,,,,65384,356.0,33698,609.0,,,,,,,,,,32233,486,16619,415,,,,5407,2435,,853,923,,,,,858,577,,1355,8458,228,4324,,,,4375,14.0,1546,9.0,,,,16.0,,,,22,,42,,,,,3239,73.0,718,12.0,,,,9.0,,,14.0,2.0,,26.0,1.0,20.0,,,,,1179,450,,73,89,,,,,,,216.0,46.0,,,,,4638,368,4156,496,,,,,,,,66.0,,39.0,,,,1551,,1536,4.0,,,,,,,,33.0,,30.0,,,,,66,104,,,,,,,24,28,,,,,,,,,,,,,,,,,,,,,,,,,,,,,,,,,,,1.0,,,,,,,,,,,,,,,,,,1.0,,,,,,,,,,120,8.0,192,47.0,,,,9359,77.0,1194,90.0,,,,12384,289.0,2997,429.0,,,,3315,389.0,2251,635.0,,,,9.0,,815,339,1173,614.0,,,,1260,3.0,31947,312.0,1729,248.0,,,,1878,37.0,144634,3852.0,18354,3094.0,,,,318.0,57.0,99061,34825,46255,42848.0,,,,34.0,64.0,,682.0,364.0,,2994.0,1347.0,,1784.0,1785.0,,,3.0,282,419.0,,2.0,78.0,2192.0,447.0,,11.0,509.0,34945.0,8882.0,,17.0,268.0,79049,49978.0,,16.0,,49.0,1.0,,,2155,22.0,1617,43.0,,,,,,,7.0,,9573,242.0,5432,365.0,,,,40.0,,3.0,,,5.0,,85.0,90.0,,,,,529.0,535,,,1.0,,74,,10.0,,,,,239,1.0,132,,,,,1.0,,,,,2.0,,4.0,,,5.0,,1704,72.0,478,13.0,,,,,,,,,,,29.0,,41.0,2.0,,,4.0,,,18.0,11.0,,,,,,,,,245.0,60.0,,,4.0,1.0,,5056,43,,29,,,,,,,3.0,,2.0,,,1.0,,10.0,,77,,40,,,,,,,,,,,45.0,,12.0,,,,,1.0,,,,,,,1.0,2.0,2.0,,,,,,5.0,,,,,,,,,,,1.0,,,,,,,,,,,,12.0,,,,,,,,,4.0,,,,,,,,,,,,,162,67
_1_km_monthly_VI_Quality_2012245_aid0001,aid0001,2012-09-01 00:00:00+00:00,7205,17687,9125,11190,,,,2238786,725.0,170066,80.0,,,,644249,64.0,195595,100.0,,,,17399,33.0,41256,215.0,,,,8104,250,9098,443,,,,92001,57.0,12140,12.0,,,,147344,227.0,50684,84.0,,,,35288,321,20846,571,,,,1098,1085,,316.0,249.0,,646.0,797.0,,496,1341,,182,269,,243.0,46.0,,1483.0,387.0,,1743,1425,,168,4859,140,2399,,,,206766,237.0,82426,159.0,,,,,,,,,,15065,43,7984,50,,,,408,209,,221,436,,,,,87,121,,1867,1915,404,708,,,,14317,4.0,5467,9.0,,,,42.0,5.0,,,34,,46,,,,,1863,18.0,891,5.0,,,,13.0,,,13.0,5.0,,16.0,,18.0,1.0,,,,230,124,,36,102,,,,,,,39.0,20.0,,,,,4752,984,5219,733,,,,,,,,52.0,,26.0,,,,2758,2.0,2349,4.0,,,,,,,,55.0,,46.0,,,,1.0,113,114,,,,,,,40,63,,,,,,,6.0,2.0,13.0,,,,,,,,12.0,,,,,,,,1.0,,,,,,,,4.0,,2.0,,,,,,,,,,,,,,,,,,,,,,,,,,,,112,1.0,85,9.0,,,,4281,9.0,681,1.0,,,,2803,8.0,1257,12.0,,,,592,11.0,546,51.0,,,,12.0,,518,57,342,50.0,,,,431,,8775,81.0,909,4.0,,,,374,,18002,130.0,4585,30.0,,,,35.0,,6971,378,4315,584.0,,,,1.0,3.0,,13.0,3.0,,83.0,48.0,,43.0,94.0,,,1.0,31,41.0,,,,98.0,20.0,,,11.0,883.0,123.0,,,3.0,1537,1033.0,,6.0,,18.0,,,,1218,,1136,4.0,,,,,,,2.0,,2625,27.0,1373,40.0,,,,8.0,,,,,,,13.0,73.0,,,,,66.0,72,,,,,72,1.0,46.0,,,,,247,,260,,,,,,,,,,6.0,,5.0,,,6.0,,815,14.0,444,4.0,,,,,,,1.0,,,1.0,18.0,,31.0,1.0,,,1.0,,,3.0,5.0,,,,,,,,,47.0,24.0,,,,4.0,,5046,140,,81,,,,,,,3.0,,4.0,,,6.0,,7.0,,288,,144,,,,,,,,,,,102.0,,41.0,,,,,,,,,,,,1.0,11.0,2.0,,,1.0,7.0,,332.0,,,,,,,,,1.0,,1.0,,,,,,,,,,,,221.0,,,,,,,,,,,,,,,,,,,,,,663,65
_1_km_monthly_VI_Quality_2012275_aid0001,aid0001,2012-10-01 00:00:00+00:00,10151,8210,10196,7009,,,,2792229,52.0,77632,,,,,657227,15.0,48449,8.0,,,,9352,2.0,14587,16.0,,,,9001,463,8028,672,,,,39609,2.0,5866,,,,,45176,10.0,12018,2.0,,,,13018,35,7408,46,,,,671,736,,108.0,2.0,,70.0,27.0,,42,176,,282,217,,5.0,2.0,,57.0,12.0,,65,62,,157,1873,122,1136,,,,269452,49.0,28197,25.0,,,,,,,,,,9202,13,4344,22,,,,120,106,,147,211,,,,,23,32,,868,1013,265,398,,,,20448,,4251,4.0,,,,57.0,6.0,,,86,,62,,,,,1400,5.0,490,1.0,,,,25.0,,,22.0,,,4.0,,7.0,,,,,82,67,,17,56,,,,2.0,1.0,,2.0,6.0,,,,,12103,1871,11914,1295,,,,,2.0,,,81.0,,79.0,,,,4824,3.0,3551,6.0,,,,,,,,123.0,,55.0,,,,1.0,325,391,,,1.0,5.0,,,83,86,,,,4.0,1.0,,48.0,3.0,105.0,9.0,,,,,,,22.0,,19.0,,,,,,5.0,,,,,1.0,,,8.0,,7.0,,,,,,,,3.0,,,,,,,,,,,,,,,,,,,,280,17.0,125,10.0,,,,1276,,274,,,,,561,1.0,149,,,,,360,,208,3.0,,,,13.0,,629,37,251,33.0,,,,120,,2173,3.0,199,,,,,32,,2979,4.0,529,,,,,4.0,,1407,41,473,54.0,,,,14.0,9.0,,,,,2.0,,,6.0,1.0,,,2.0,21,13.0,,,,6.0,,,,,16.0,4.0,,,,97,35.0,,5.0,,1.0,,,,457,,437,4.0,,,,,,,,,1199,4.0,674,3.0,,,,2.0,,,,,,,4.0,12.0,,,,,17.0,31,,,1.0,,66,,47.0,,,,,112,,69,,,,,1.0,,,,,6.0,,3.0,,,6.0,,579,1.0,242,2.0,,,,,,,2.0,,,1.0,17.0,,23.0,,,,,,,2.0,,,,,,,,,,11.0,4.0,,,,4.0,,5029,410,,184,,,,,,,6.0,,6.0,,,11.0,,20.0,,762,,224,,,,,,,,,,,162.0,,75.0,,,,,10.0,6.0,,,2.0,,1.0,1.0,10.0,1.0,,,3.0,3.0,,1188.0,6.0,,,,,,,,6.0,,,,,,,,,,,,,,444.0,,,,,,,,,,,,,,,,,,,,,,1326,58
_1_km_monthly_VI_Quality_2012306_aid0001,aid0001,2012-11-01 00:00:00+00:00,8759,11134,9487,10391,78.0,1229.0,,2304334,12.0,178224,2.0,22.0,,,930761,14.0,145880,15.0,57.0,,,28006,12.0,8063,12.0,39.0,,,5963,1563,6093,1534,74.0,411.0,,26237,2.0,4134,1.0,26.0,,,20832,27.0,7640,6.0,56.0,,,5137,35,2895,37,39.0,1.0,,1262,1784,32.0,29.0,1.0,,94.0,45.0,,72,149,1.0,363,487,12.0,13.0,8.0,1.0,56.0,41.0,,81,68,4.0,176,2707,138,2007,,10.0,,268279,4.0,53607,17.0,,,,5.0,,,,,,7493,9,3276,29,,,,160,141,,168,379,,,,,37,63,,220,2076,26,825,,,,18785,1.0,4379,1.0,,,,28.0,6.0,,,107,,59,,,,,1396,5.0,375,5.0,,,,20.0,,,13.0,1.0,,10.0,,24.0,,,,,96,126,,91,105,,,,3.0,,,26.0,19.0,,,2.0,,12636,4910,15777,3972,3659.0,199.0,,,,,,106.0,,158.0,,,,8599,5.0,6594,20.0,1271.0,10.0,,,,,,135.0,,106.0,,,,,481,703,200.0,,3.0,7.0,,,129,136,30.0,,,3.0,1.0,,179.0,23.0,365.0,22.0,4.0,,,,,,79.0,,58.0,1.0,3.0,,,4.0,18.0,,,,3.0,2.0,,49.0,20.0,,4.0,12.0,,,,,,,14.0,1.0,,,1.0,,,,,,6.0,4.0,,,2.0,,,,,,411,76.0,244,70.0,,50.0,,1706,1.0,357,,,,,808,1.0,242,1.0,2.0,,,465,1.0,295,1.0,,,,11.0,15.0,891,185,370,122.0,10.0,35.0,,83,,2842,5.0,224,,,,,28,,3610,9.0,599,,11.0,,,4.0,,1549,53,569,14.0,3.0,1.0,,12.0,14.0,3.0,4.0,,,3.0,2.0,,9.0,5.0,,,2.0,42,22.0,1.0,,,9.0,,,,,48.0,5.0,,,,98,34.0,,7.0,,3.0,,,,532,,398,2.0,,,,,,,,,1141,,491,7.0,,,,1.0,,,,,,,4.0,14.0,,,,,23.0,31,,,,,42,,7.0,,,,,100,,75,1.0,,,,1.0,,,,,11.0,,9.0,,,1.0,,616,7.0,166,3.0,,,,,,,2.0,,,,17.0,,28.0,,,,,1.0,,,3.0,,,,,,,,,14.0,19.0,,,2.0,2.0,,5827,903,,634,,234.0,,,,,10.0,,12.0,,,4.0,,66.0,2.0,2418,1.0,944,,189.0,,,,,,,,,180.0,,93.0,,2.0,,,21.0,10.0,6.0,,2.0,,,,15.0,12.0,1.0,,3.0,3.0,,1403.0,2.0,3.0,,,,,,2.0,16.0,,7.0,,1.0,,,,,,,,,,518.0,,,,,,,,2.0,3.0,,,,,,,,,,,,,1578,74
_1_km_monthly_VI_Quality_2012336_aid0001,aid0001,2012-12-01 00:00:00+00:00,1951,9686,3621,13546,373.0,4894.0,,2815318,6.0,95250,7.0,2461.0,2.0,,559924,15.0,48485,40.0,339.0,11.0,,19883,1161.0,14415,236.0,275.0,25.0,,3255,2142,4168,4073,245.0,1616.0,,21297,10.0,6244,13.0,1221.0,14.0,,17423,35.0,9918,29.0,646.0,26.0,,5888,234,7436,246,204.0,57.0,,1203,1381,337.0,441.0,29.0,7.0,501.0,117.0,11.0,3053,634,26.0,518,781,103.0,34.0,43.0,23.0,79.0,107.0,28.0,366,472,19.0,88,1750,85,1007,,49.0,,263722,505.0,33939,352.0,296.0,4.0,,29.0,,,,,,8366,38,2774,94,87.0,13.0,,148,130,6.0,1264,727,7.0,,,,183,184,1.0,325,1607,80,629,2.0,18.0,,19499,26.0,3147,57.0,45.0,1.0,,26.0,10.0,,6.0,137,,76,,9.0,,,1933,25.0,441,22.0,33.0,,,11.0,,,12.0,,4.0,22.0,,18.0,,3.0,,,171,144,,150,159,,2.0,,1.0,,,113.0,52.0,1.0,,2.0,,20204,4563,30738,7540,10803.0,972.0,,,,1.0,,139.0,,474.0,,29.0,,9793,2.0,12368,10.0,3885.0,21.0,,,,3.0,,144.0,,355.0,1.0,33.0,,1.0,497,906,360.0,,2.0,8.0,1.0,,141,311,76.0,,,4.0,6.0,,319.0,51.0,686.0,75.0,34.0,5.0,,,,1.0,88.0,,165.0,1.0,33.0,,,4.0,4.0,,,,,1.0,,48.0,15.0,3.0,9.0,12.0,,,,,,,19.0,1.0,5.0,,2.0,1.0,,,,,5.0,9.0,,,1.0,1.0,,,,,216,180.0,168,297.0,13.0,153.0,,2140,1.0,492,1.0,11.0,,,898,3.0,707,7.0,5.0,,,471,4.0,751,7.0,20.0,2.0,,4.0,20.0,632,339,535,573.0,42.0,176.0,,152,,3277,7.0,467,3.0,32.0,1.0,,52,,3650,11.0,1542,4.0,36.0,2.0,,8.0,,2464,111,2101,116.0,47.0,18.0,,68.0,79.0,10.0,8.0,8.0,2.0,15.0,12.0,,22.0,23.0,,3.0,7.0,100,151.0,8.0,1.0,,10.0,7.0,,,,43.0,49.0,6.0,,,207,287.0,19.0,9.0,,7.0,1.0,,,479,6.0,314,21.0,,,,3.0,,,,,1110,10.0,380,29.0,,2.0,,,,,,1.0,1.0,,15.0,32.0,,,,,44.0,62,,,,,29,,12.0,5.0,,,,96,,80,17.0,,,,,,,,,12.0,,6.0,,,,,878,11.0,131,13.0,,,,,,,,,,,21.0,,24.0,,,,4.0,1.0,,3.0,7.0,,,,,,,,1.0,41.0,18.0,,,2.0,2.0,,4905,1883,,1622,,544.0,,,,,31.0,,45.0,,11.0,4.0,,108.0,1.0,3803,,2617,4.0,684.0,3.0,,,,,,,,286.0,,340.0,3.0,35.0,,,61.0,91.0,19.0,,3.0,,1.0,8.0,34.0,66.0,7.0,,4.0,14.0,,1022.0,9.0,3.0,,,,,,2.0,31.0,,22.0,,10.0,,,,,,,,,,345.0,,,,,,,1.0,4.0,4.0,,,,,,,,,,,,,1065,63
_1_km_monthly_VI_Quality_2013001_aid0001,aid0001,2013-01-01 00:00:00+00:00,3328,20090,4687,25304,334.0,13829.0,,2615762,96.0,70662,33.0,1486.0,40.0,,475771,182.0,57609,217.0,593.0,34.0,,176973,775.0,50192,529.0,193.0,92.0,,1821,2608,2094,3965,130.0,1709.0,,12500,125.0,4268,105.0,644.0,96.0,,13836,62.0,4955,56.0,451.0,84.0,,5933,315,4565,305,61.0,33.0,,2103,2404,767.0,710.0,94.0,63.0,6734.0,2469.0,30.0,7165,2794,38.0,360,460,47.0,160.0,92.0,67.0,293.0,155.0,82.0,827,676,19.0,101,2217,58,1008,,66.0,,262223,167.0,61565,433.0,39.0,,,27.0,,,,,,8226,64,2750,167,20.0,11.0,,231,177,6.0,1436,1173,6.0,,,,310,257,,334,1700,81,481,4.0,12.0,,18698,15.0,3268,89.0,3.0,,,6.0,3.0,,,117,,50,,,,,1747,18.0,452,40.0,8.0,4.0,,,,,,,,19.0,,14.0,,,,,193,158,2.0,174,166,2.0,,,4.0,2.0,,111.0,47.0,,,,,41209,6555,49470,7019,20343.0,979.0,,,,,,386.0,,903.0,,36.0,,9830,7.0,11868,11.0,3529.0,17.0,,,,1.0,,249.0,1.0,249.0,,16.0,,3.0,917,1194,524.0,,4.0,4.0,2.0,,129,142,43.0,,,3.0,4.0,,332.0,91.0,948.0,136.0,107.0,5.0,,11.0,,20.0,112.0,,240.0,,45.0,,,5.0,14.0,1.0,,,,,,46.0,162.0,2.0,56.0,1.0,3.0,,,,,,137.0,10.0,5.0,2.0,,,,5.0,,,5.0,3.0,,,3.0,1.0,,,,,350,360.0,385,493.0,41.0,227.0,,1347,4.0,417,2.0,41.0,,,846,3.0,453,4.0,12.0,,,709,18.0,692,14.0,25.0,4.0,,4.0,16.0,691,522,485,614.0,18.0,146.0,,32,,1861,26.0,437,5.0,29.0,9.0,,37,,3016,22.0,936,6.0,49.0,11.0,,23.0,2.0,1876,136,808,105.0,23.0,3.0,,93.0,78.0,7.0,21.0,7.0,,18.0,9.0,,68.0,41.0,,,6.0,74,70.0,3.0,,,39.0,28.0,6.0,,1.0,134.0,70.0,10.0,1.0,11.0,299,189.0,10.0,5.0,4.0,1.0,,,,707,7.0,408,60.0,,,,,,,1.0,,1314,21.0,414,40.0,,1.0,,,,,,,1.0,,33.0,71.0,,,,,89.0,67,,,,,11,2.0,6.0,5.0,,,,141,2.0,135,27.0,,,,,,,,,13.0,,5.0,,,,,808,1.0,105,17.0,,2.0,,,,,,,,,7.0,,7.0,,,,1.0,1.0,,10.0,18.0,,,,,,,,,37.0,15.0,,,2.0,,,5835,2826,3.0,2478,,527.0,1.0,,,,60.0,,53.0,,9.0,2.0,,80.0,1.0,4414,4.0,3224,,530.0,2.0,,,,,,,,239.0,,256.0,,8.0,,,39.0,48.0,15.0,,2.0,,,,30.0,16.0,6.0,,7.0,3.0,,3166.0,9.0,32.0,,2.0,,,,3.0,32.0,,35.0,,4.0,,,,,,,3.0,,,461.0,,,,,,1.0,1.0,,1.0,,,,,,,,,,,,,1510,61
_1_km_monthly_VI_Quality_2013032_aid0001,aid0001,2013-02-01 00:00:00+00:00,10674,23461,10498,25134,33.0,2288.0,,2446383,2.0,126233,8.0,50.0,6.0,,784154,,50945,5.0,16.0,10.0,,18042,159.0,12403,165.0,5.0,9.0,,2163,3129,2005,3402,22.0,366.0,,13642,10.0,1723,4.0,68.0,9.0,,13010,14.0,2906,10.0,40.0,11.0,,5545,90,3116,60,18.0,13.0,,2684,2981,71.0,40.0,13.0,30.0,37.0,25.0,27.0,327,402,10.0,246,295,9.0,58.0,22.0,2.0,81.0,28.0,7.0,193,101,3.0,392,1369,256,921,,15.0,,294758,,44022,10.0,,,,4.0,,,,,,6738,45,2332,75,,5.0,,101,117,,68,383,,,,,46,58,,322,1148,185,505,,1.0,,20749,1.0,3923,12.0,,,,11.0,5.0,,,122,,70,,,,,1813,2.0,581,,,,,,,,,,,15.0,,12.0,,,,,67,63,,25,237,,,,2.0,1.0,,9.0,17.0,,,1.0,,62284,5285,91706,4778,5359.0,146.0,,,5.0,3.0,,1050.0,,1162.0,,,,13075,7.0,11900,24.0,1019.0,6.0,,,,3.0,,292.0,,201.0,,3.0,,,1336,1650,72.0,,,3.0,,,220,153,10.0,,,1.0,3.0,,410.0,46.0,1258.0,141.0,32.0,,,14.0,,,320.0,2.0,317.0,,43.0,,,6.0,19.0,,,,2.0,,,105.0,113.0,12.0,151.0,,,,,,,,88.0,9.0,2.0,2.0,,,,6.0,,,8.0,4.0,,,1.0,,,,,,214,335.0,143,263.0,,22.0,,569,1.0,168,,,,,283,,220,,,,,281,3.0,317,2.0,2.0,,,2.0,24.0,426,645,193,386.0,1.0,35.0,,22,,740,1.0,100,3.0,4.0,,,20,,1766,3.0,447,2.0,1.0,,,2.0,,1240,47,486,30.0,3.0,2.0,,49.0,49.0,1.0,,,,1.0,,,18.0,15.0,,,5.0,34,26.0,,,,5.0,1.0,,,,30.0,7.0,,,2.0,87,53.0,1.0,4.0,1.0,6.0,,,,247,,296,1.0,,,,,,,,,595,10.0,189,7.0,,1.0,,,,,,,,,,16.0,,,,,13.0,23,,,,,16,,10.0,,,,,102,,105,2.0,,,,,,,,,5.0,,8.0,,,1.0,,487,,76,,,,,,,,,,,,18.0,,10.0,,,,1.0,,,4.0,2.0,,,,,,,,,5.0,4.0,,,1.0,,,5039,2292,,1537,1.0,73.0,,,,,46.0,,46.0,,,1.0,,123.0,4.0,4653,2.0,1791,,121.0,,,,,,,,3.0,199.0,,131.0,,2.0,,,51.0,34.0,,,2.0,,,1.0,49.0,10.0,1.0,,2.0,4.0,,1697.0,13.0,15.0,,4.0,,,,1.0,52.0,,18.0,,5.0,,,,,,,,,,208.0,,,,,,,1.0,1.0,,,,,,,,,,,,,,781,53
_1_km_monthly_VI_Quality_2013060_aid0001,aid0001,2013-03-01 00:00:00+00:00,22438,12419,19225,16457,,,,2690001,,29457,,,,,669324,,32415,,,,,41142,30.0,19533,38.0,,,,4931,1316,4098,2617,,,,12586,,1293,,,,,18811,,3385,2.0,,,,9296,23,4169,34,,,,1723,2701,,9.0,4.0,,47.0,3.0,,114,123,,431,383,,1.0,1.0,,10.0,2.0,,100,31,,312,723,318,598,,,,283107,,37287,3.0,,,,,,,,,,5028,9,2194,38,,,,36,47,,16,124,,,,,5,45,,365,457,176,317,,,,23502,6.0,4581,7.0,,,,13.0,2.0,,,41,,50,,,,,1031,3.0,507,,,,,,,,,,,3.0,,2.0,,,,,10,15,,9,165,,,,,,,,,,,1.0,,71683,3294,88624,2037,,,,,1.0,,,378.0,,442.0,,,,8050,5.0,6237,24.0,,,,,,,,132.0,,44.0,,,,,925,932,,,1.0,1.0,,,250,131,,,,,1.0,,715.0,60.0,1251.0,97.0,,,,4.0,,,186.0,,180.0,,,,,13.0,11.0,,,,4.0,7.0,,158.0,64.0,45.0,71.0,,,,,,,,227.0,1.0,27.0,23.0,,,,,,,,4.0,,,7.0,15.0,,,,,108,61.0,79,93.0,,,,617,,30,,,,,508,,86,,,,,224,2.0,316,,,,,6.0,11.0,438,159,149,215.0,,,,21,,464,,10,,,,,24,,1759,,145,,,,,5.0,,1196,16,539,7.0,,,,20.0,23.0,,,,,,,,8.0,,,,3.0,81,25.0,,,,,,,,,6.0,,,,1.0,49,13.0,,2.0,,3.0,,,,149,,207,,,,,,,,,,271,4.0,170,,,,,,,,,1.0,,,,4.0,,,,,8.0,8,,,,,13,,16.0,,,,,82,,121,,,,,,,,,,5.0,,2.0,,,,,273,,95,,,,,,,,,,,,20.0,,5.0,,,,,,,,,,,,,,,,,,,,,,,,5012,779,,578,,,,,,,10.0,,12.0,,,8.0,,56.0,,1600,,727,,,,,,,,,,,57.0,,27.0,,,,,19.0,15.0,,,,,1.0,1.0,34.0,7.0,,,,,,506.0,7.0,5.0,,,,,,1.0,20.0,,8.0,,,,1.0,,,,,,,,197.0,,,,,,,1.0,2.0,,,,,,,,,,,,,,445,58
_1_km_monthly_VI_Quality_2013091_aid0001,aid0001,2013-04-01 00:00:00+00:00,28369,19174,23018,18410,,,,2808323,,55710,,,,,510333,,30374,,,,,48826,6.0,16177,15.0,,,,8949,1896,6431,1589,,,,19845,,6448,1.0,,,,27231,,9408,,,,,16197,209,7320,161,,,,1440,1902,,,9.0,,16.0,12.0,,52,54,,874,484,,1.0,1.0,,18.0,3.0,,300,151,,407,1808,295,1072,,,,270497,2.0,30673,11.0,,,,,,,,,,9068,24,3321,28,,,,87,104,,12,141,,,,,18,82,,638,974,198,631,,,,20060,3.0,5060,6.0,,,,,,,,21,,65,,,,,1687,5.0,753,11.0,,,,,,,1.0,,,3.0,,3.0,,,,,30,48,,13,35,,,,2.0,,,9.0,12.0,,,1.0,,73015,1416,60740,670,,,,,,,,21.0,,23.0,,,,4165,4.0,2442,12.0,,,,,,,,12.0,,6.0,,,,2.0,586,501,,,3.0,,,,237,96,,,,2.0,,,707.0,34.0,693.0,29.0,,,,,,,61.0,,54.0,,,,,8.0,5.0,,,,2.0,6.0,,209.0,29.0,46.0,34.0,,,,,,,,176.0,,60.0,24.0,,,,,,,11.0,3.0,,,12.0,31.0,,,,,120,31.0,61,8.0,,,,426,,325,1.0,,,,629,,442,,,,,169,3.0,199,,,,,4.0,10.0,432,262,270,103.0,,,,60,,937,,578,1.0,,,,62,,2991,1.0,1546,,,,,15.0,,2251,114,1296,103.0,,,,16.0,6.0,,,,,1.0,2.0,,10.0,2.0,,,3.0,177,48.0,,,,,,,,,11.0,3.0,,,1.0,247,108.0,,4.0,1.0,1.0,,,,179,,436,,,,,,,,,,548,6.0,474,5.0,,,,,,1.0,,,,,4.0,35.0,,,,,20.0,49,,,,,18,,17.0,,,,,57,,196,,,,,,,,,,,,8.0,,,,,599,,349,6.0,,,,,,,,,,,5.0,,9.0,,,,,,,1.0,13.0,,,,,,,,,10.0,37.0,,,,,,4924,225,,86,,,,,,,2.0,,1.0,,,6.0,,19.0,,615,,147,,,,,,,,1.0,,,12.0,,1.0,,,,,2.0,,,,,,,,23.0,4.0,,,,,,81.0,7.0,,,,,,,1.0,5.0,,,,,,,,,,,1.0,2.0,,73.0,,,,,,,,,,,,,,,,,,,,,,91,59
_1_km_monthly_VI_Quality_2013121_aid0001,aid0001,2013-05-01 00:00:00+00:00,25880,14320,29226,12586,,,,2534569,279.0,98700,176.0,,,,650710,99.0,116888,179.0,,,,22658,38.0,27555,936.0,,,,7869,766,7221,810,,,,29881,22.0,7267,48.0,,,,53872,46.0,22208,155.0,,,,21510,386,15900,631,,,,809,1617,,105.0,189.0,,644.0,1326.0,,696,3300,,262,432,,25.0,62.0,,391.0,367.0,,1349,1755,,366,4121,401,1389,,,,238267,45.0,50793,181.0,,,,,,,,,,13196,42,4785,42,,,,343,198,,103,730,,,,,131,207,,989,1555,276,347,,,,17188,1.0,5703,22.0,,,,11.0,1.0,,,8,,48,,,,,2529,38.0,773,1.0,,,,,,,22.0,,,5.0,1.0,8.0,,,,,79,27,,23,85,,,,1.0,,,48.0,8.0,,,,,35825,440,51541,528,,,,,,,,4.0,,,,,,1850,2.0,1448,1.0,,,,,,,,,,,,,,2.0,211,238,,,,,,,110,57,,,,,,,379.0,15.0,661.0,20.0,,,,,,,65.0,,15.0,,,,,2.0,2.0,,,,3.0,,,68.0,21.0,30.0,8.0,,,,,,,,31.0,5.0,27.0,2.0,,,,,,,22.0,22.0,,,5.0,19.0,,,,,57,3.0,95,,,,,320,,617,7.0,,,,661,,501,11.0,,,,178,2.0,306,38.0,,,,7.0,3.0,458,50,650,76.0,,,,41,,740,2.0,1148,1.0,,,,83,,3568,31.0,2892,50.0,,,,24.0,,3070,200,3010,563.0,,,,,7.0,,,4.0,,15.0,19.0,,22.0,29.0,,,,41,42.0,,,,10.0,8.0,,,2.0,107.0,100.0,,,7.0,757,588.0,,3.0,,,,,,413,4.0,567,3.0,,,,,,,,,1339,6.0,935,25.0,,,,,,,,,,,8.0,28.0,,,,,51.0,75,,,,,24,2.0,47.0,,,,,95,,210,,,,,1.0,,,,,,,2.0,,,,,805,15.0,511,1.0,,,,,,,,,,,1.0,,11.0,,,,,1.0,,3.0,3.0,,,,,,,,,30.0,35.0,,,,,,4898,88,,14,,,,,,,,,,,,3.0,,11.0,,193,,62,,,,,,,,,,,4.0,,,,,,,,,,,,,,,6.0,6.0,,,,,,18.0,,,,,,,,,1.0,,1.0,,,,,,,,,,,,15.0,,,,,,,1.0,,,,,,,,,,,,,,,9,65
_1_km_monthly_VI_Quality_2013152_aid0001,aid0001,2013-06-01 00:00:00+00:00,17642,68678,19751,32162,,,,1333777,4839.0,207417,4941.0,,,,600497,3721.0,154162,9422.0,,,,63041,3296.0,26329,5500.0,,,,13003,80,11890,74,,,,150749,2418.0,19413,2581.0,,,,225646,9180.0,56411,17000.0,,,,123279,24480,32847,19974,,,,12734,3782,,14427.0,9856.0,,26616.0,21570.0,,10529,12195,,51,134,,6853.0,2609.0,,35143.0,20611.0,,53123,22508,,300,29474,278,16110,,,,132111,1005.0,47677,1980.0,,,,,,,,,,32208,399,9552,626,,,,3757,1501,,2019,2841,,,,,1350,1321,,775,4625,232,1656,,,,9334,30.0,3765,55.0,,,,12.0,13.0,,,15,,53,,,,,4423,63.0,1068,30.0,,,,2.0,,,18.0,20.0,,25.0,1.0,40.0,,,,,594,259,,86,113,,,,,,,118.0,93.0,,1.0,3.0,,14810,500,15820,282,,,,,,,,1.0,,,,,,1492,,1194,1.0,,,,,,,,1.0,,3.0,,,,,45,43,,,,,,,19,19,,,,,,,13.0,1.0,46.0,1.0,,,,,,,3.0,,4.0,,,,,,,,,,,,,3.0,,,,,,,,,,,,,,,,,,,,,,,,,,,,,,,66,1.0,51,,,,,3590,61.0,1629,71.0,,,,5111,318.0,3089,497.0,,,,2058,517.0,2283,529.0,,,,12.0,,455,83,561,71.0,,,,408,9.0,8486,261.0,1955,381.0,,,,715,38.0,34431,3255.0,12139,6687.0,,,,316.0,63.0,48316,27358,19628,29095.0,,,,4.0,3.0,,424.0,161.0,,1515.0,785.0,,1035.0,924.0,,,,46,30.0,,,45.0,1162.0,317.0,,17.0,226.0,12624.0,5928.0,,7.0,190.0,43552,20377.0,,7.0,,,3.0,,,1436,19.0,1161,121.0,,,,,,,2.0,,4985,176.0,2207,290.0,,,,6.0,,,,,1.0,,106.0,185.0,,,,,548.0,599,,,2.0,,25,,53.0,,,,,210,,281,2.0,,,,,,,,,4.0,,3.0,,,6.0,,1612,33.0,555,12.0,,,,,,,3.0,,,,6.0,1.0,48.0,4.0,,,1.0,4.0,,3.0,13.0,,,,,,,,,72.0,107.0,,,2.0,5.0,,4976,19,,8,,,,,,,,,,,,1.0,,6.0,,27,,11,,,,,,,,,,,1.0,,,,,,,,,,,,,,,1.0,1.0,,,,,,7.0,,,,,,,,,,,,,,,,,,,,,,,3.0,,,,,,,,,,,,,,,,,,,,,,127,63
_1_km_monthly_VI_Quality_2013182_aid0001,aid0001,2013-07-01 00:00:00+00:00,9936,484581,10023,201231,,,,509669,7385.0,70092,13299.0,,,,200752,8358.0,40947,13426.0,,,,32436,2978.0,12781,3536.0,,,,10188,788,8755,1139,,,,128235,4286.0,9929,5855.0,,,,308711,27622.0,43809,29005.0,,,,154973,61093,34006,37758,,,,91090,28250,,46109.0,19282.0,,49542.0,18364.0,,9395,6016,,686,423,,41767.0,9043.0,,147676.0,39116.0,,137489,39412,,244,93688,327,56123,,,,47341,1003.0,14638,1607.0,,,,,,,,,,29504,684,8221,906,,,,12421,5311,,2118,1787,,,,,2074,1122,,655,11162,105,5711,,,,2790,32.0,713,24.0,,,,4.0,15.0,,,27,,26,,,,,2690,102.0,474,34.0,,,,,,,16.0,6.0,,39.0,,24.0,,,,,2036,878,,152,108,,,,,,,300.0,74.0,,,1.0,,4587,390,7239,316,,,,,,,,53.0,,26.0,,,,1116,2.0,1584,,,,,,,,,14.0,,3.0,,,,,18,32,,,,,,,12,14,,,,,,,,,3.0,,,,,,,,,,1.0,,,,,,,,,,,,,,,,,,,,,,,,,,,,,,,,,,,,,,,,,,,,106,18.0,81,116.0,,,,6156,205.0,340,475.0,,,,7850,760.0,1755,1212.0,,,,2578,754.0,1656,1029.0,,,,5.0,1.0,740,740,643,1336.0,,,,664,18.0,20520,1086.0,583,1261.0,,,,1102,103.0,80315,10998.0,10226,13769.0,,,,317.0,102.0,77090,69639,32407,68381.0,,,,43.0,91.0,,1542.0,1132.0,,4593.0,1672.0,,1644.0,1291.0,,,1.0,433,677.0,,8.0,276.0,7621.0,1928.0,,21.0,819.0,55989.0,14929.0,,13.0,310.0,107877,50078.0,,11.0,1.0,37.0,9.0,,,1421,30.0,858,111.0,,,,,,,5.0,,6863,360.0,2781,724.0,,,,8.0,,,3.0,2.0,11.0,,177.0,131.0,,,,,1090.0,811,,,,3.0,31,,41.0,,,,,122,3.0,111,3.0,,,,,,,,,6.0,,4.0,,,,,1304,84.0,381,31.0,,,,,,,,,,,14.0,2.0,42.0,8.0,,,,3.0,,29.0,16.0,,,,,,,,2.0,189.0,98.0,,,2.0,9.0,,4982,14,,18,,,,,,,,,,,,4.0,,2.0,,35,,33,1.0,,,,,,,,,,2.0,,1.0,,,,,,,,,,,,,12.0,6.0,,,,,,5.0,,,,,,,,,,,,,,,,,,,,,,,8.0,,,,,,,,,,,,,,,,,,,,,,154,54
_1_km_monthly_VI_Quality_2013213_aid0001,aid0001,2013-08-01 00:00:00+00:00,5829,69042,5646,28509,,,,1042762,4690.0,162694,2640.0,,,,623901,1128.0,137199,2798.0,,,,67760,697.0,81584,2299.0,,,,10656,109,8712,111,,,,212205,664.0,28139,501.0,,,,465816,2819.0,98187,2674.0,,,,183344,8031,70257,10838,,,,9483,4621,,6194.0,8686.0,,14633.0,12265.0,,6517,13445,,132,119,,3658.0,1281.0,,21248.0,10179.0,,34908,23194,,305,25481,289,17169,,,,115503,691.0,62152,923.0,,,,,,,,,,35326,300,17740,277,,,,1752,1166,,1116,1721,,,,,575,416,,1334,4744,435,2797,,,,7311,19.0,3135,14.0,,,,15.0,,,,60,,36,,,,,3570,58.0,1086,13.0,,,,7.0,,,31.0,,,47.0,,32.0,,,,,661,292,,113,130,,,,,,,102.0,39.0,,,2.0,,4378,418,5271,415,,,,,,,,63.0,,42.0,,,,1006,1.0,1080,1.0,,,,,,,,56.0,,14.0,,,,,46,79,,,1.0,,,,12,22,,,,,,,,,,,,,,,,,,,,,,,,,,,,,,,,,,,,,,,,,,,,,,,,,,,,,,,,,,,,,,,64,6.0,36,2.0,,,,8372,40.0,768,55.0,,,,9635,89.0,3132,96.0,,,,3347,119.0,3307,353.0,,,,3.0,,670,92,413,95.0,,,,1229,2.0,21302,109.0,979,63.0,,,,1517,5.0,78986,1084.0,15573,1023.0,,,,283.0,12.0,58976,7840,32502,14245.0,,,,3.0,20.0,,224.0,108.0,,830.0,446.0,,587.0,1139.0,,1.0,,53,93.0,,,20.0,717.0,135.0,,4.0,148.0,7786.0,3046.0,,7.0,101.0,23692,20250.0,,20.0,,42.0,2.0,,,2540,19.0,1795,21.0,,,,,,,,,7552,142.0,4329,196.0,,,,41.0,,4.0,,,,,96.0,142.0,,,,,375.0,411,,,1.0,,111,1.0,63.0,1.0,,,,358,4.0,263,2.0,,,,3.0,,,,,9.0,,3.0,,,4.0,,1825,32.0,709,18.0,,,,,,,2.0,,,,18.0,1.0,51.0,,,,7.0,3.0,,21.0,8.0,,,,,,,,2.0,106.0,45.0,,,3.0,5.0,,4858,32,,11,,,,,,,3.0,,8.0,,,6.0,,5.0,,86,,32,,,,,,,,,,1.0,25.0,,18.0,,,,,3.0,,,,,,,,1.0,4.0,,,1.0,,,65.0,,,,,,,,,,,1.0,,,,,,,,,,,,12.0,,,,,,,,,,,,,,,,,,,,,,235,65
_1_km_monthly_VI_Quality_2013244_aid0001,aid0001,2013-09-01 00:00:00+00:00,8627,10108,9160,5195,,,,1892542,1036.0,208393,266.0,,,,579059,109.0,166188,98.0,,,,68577,63.0,58264,272.0,,,,7721,6,7018,28,,,,171910,51.0,25312,6.0,,,,309759,106.0,81537,85.0,,,,80981,400,36055,624,,,,1164,664,,204.0,453.0,,1000.0,1221.0,,651,1693,,14,23,,68.0,43.0,,700.0,685.0,,1870,1995,,169,6581,252,3887,,,,164993,309.0,82164,181.0,,,,,,,,,,30220,79,14496,67,,,,458,273,,312,583,,,,,122,100,,1156,2340,608,1224,,,1.0,10727,10.0,4837,6.0,,,,36.0,9.0,,,83,,66,,,,,3125,10.0,1171,8.0,,,,25.0,,,28.0,,,45.0,,39.0,,,,,229,169,,39,98,,,,,,,21.0,10.0,,1.0,,,5214,679,5793,722,,,,,,,,63.0,,24.0,,,,1621,1.0,1560,3.0,,,,,,,,71.0,,37.0,,,,,28,86,,,,2.0,,,8,25,,,,,,,1.0,2.0,3.0,,,,,,,,3.0,,8.0,,,,,,,,,,,,,,,,,,,,,,,,,,,,,,,,,,,,,,,,,,,,63,,48,,,,,3322,9.0,433,2.0,,,,3288,11.0,1317,2.0,,,,860,4.0,947,26.0,,,,4.0,,368,2,169,19.0,,,,394,2.0,7394,4.0,433,2.0,,,,524,1.0,27565,38.0,4783,23.0,,,,40.0,,13032,336,7508,589.0,,,,,1.0,,8.0,9.0,,54.0,24.0,,38.0,87.0,,,,2,11.0,,,,12.0,6.0,,,6.0,305.0,181.0,,,4.0,1430,1223.0,,5.0,,24.0,1.0,,,1906,3.0,1024,9.0,,,,,,,1.0,,5093,17.0,2078,52.0,,,,22.0,,3.0,,,4.0,,16.0,37.0,,,,,82.0,83,,,,,99,,45.0,,,,,408,1.0,278,1.0,,,,1.0,,,,,17.0,,24.0,,,3.0,,1799,11.0,650,8.0,,,,,,,3.0,,,,72.0,3.0,86.0,1.0,,,,,,3.0,9.0,,,,,1.0,,,,35.0,14.0,,,4.0,2.0,,4904,49,,12,,,,,,,2.0,,3.0,,,6.0,,1.0,,85,,33,,,,,,,,,,,36.0,,24.0,,,,,,,,,,,,,2.0,,,,1.0,,,1097.0,,,,,,,,,,,1.0,,,,,,,,,,2.0,,155.0,,,,,,,,,,,,,,,,,,,,,,611,57
_1_km_monthly_VI_Quality_2013274_aid0001,aid0001,2013-10-01 00:00:00+00:00,10540,5909,13639,2353,,,,2072919,909.0,84917,24.0,,,,1009879,224.0,164205,59.0,,,,96701,14.0,47002,156.0,,,,7677,89,7041,85,,,,66492,175.0,7903,8.0,,,,88306,145.0,26745,34.0,,,,29502,164,9866,130,,,,894,340,,85.0,34.0,,210.0,83.0,,35,162,,48,48,,6.0,3.0,,120.0,37.0,,482,220,,173,4906,137,1915,,,,241288,374.0,65556,118.0,,,,,,,,,,15205,81,4972,16,,,,357,262,,58,206,,,,,34,59,,814,1563,110,969,,,,16493,6.0,4293,1.0,,,,22.0,4.0,,,126,,61,,,,,1875,1.0,860,6.0,,,,30.0,,,5.0,1.0,,24.0,1.0,25.0,,,,,151,132,,10,63,,,,,,,4.0,8.0,,,1.0,,7689,1400,7654,1080,,,,,,,,33.0,,39.0,,,,3135,7.0,2324,14.0,,,,,,,,67.0,,41.0,,,,,119,246,,,1.0,,,,53,75,,,,1.0,,,26.0,2.0,44.0,1.0,,,,,,,16.0,,25.0,,,,,,2.0,,,,,,,,,,,,,,,,,,5.0,,1.0,,,,,,,,2.0,,,,,,,,,,72,1.0,59,1.0,,,,1366,3.0,162,,,,,1106,7.0,291,,,,,403,4.0,397,15.0,,,,3.0,2.0,239,8,108,4.0,,,,111,,2255,9.0,169,,,,,153,,7202,22.0,731,,,,,21.0,,5715,124,1560,143.0,,,,,,,1.0,,,6.0,5.0,,3.0,7.0,,,,5,2.0,,,,,1.0,,,2.0,38.0,20.0,,,1.0,511,285.0,,4.0,,11.0,1.0,,,1115,5.0,637,4.0,,,,,,,2.0,,2605,18.0,900,13.0,,,,6.0,,,,,,,7.0,16.0,,,,,45.0,42,,,,,64,,21.0,,,,,279,,271,1.0,,,,,,,,,15.0,,7.0,,,4.0,,1219,2.0,480,5.0,,,,,,,,,,,75.0,,59.0,1.0,,,,,,2.0,4.0,,,,,1.0,,,,22.0,18.0,,,2.0,1.0,,5816,194,,93,,,,,,,,,,,,1.0,,8.0,,292,1.0,104,,,,,,,,,,,71.0,,33.0,,,,,5.0,2.0,,,,,,,4.0,,,,1.0,,,3537.0,6.0,5.0,,,,,,,,,,,,,,,,,,,,,494.0,,,,,,,,,,,,,,,,,,,,,,1251,55
_1_km_monthly_VI_Quality_2013305_aid0001,aid0001,2013-11-01 00:00:00+00:00,7848,8769,8367,9151,495.0,437.0,,1613360,10.0,35854,2.0,92.0,2.0,,1628083,22.0,134439,16.0,157.0,,,49749,14.0,13896,73.0,112.0,12.0,,5744,886,4660,1567,140.0,100.0,,30419,11.0,2483,2.0,83.0,,,49301,39.0,7608,34.0,253.0,1.0,,12378,47,4611,63,30.0,1.0,,1405,1929,173.0,30.0,126.0,2.0,47.0,175.0,5.0,100,208,9.0,330,390,24.0,29.0,10.0,2.0,100.0,73.0,8.0,176,108,7.0,220,2652,222,1305,,3.0,,285510,5.0,72492,29.0,,,,4.0,,,,,,9791,16,2793,30,,,,206,155,2.0,144,410,,,,,39,148,,178,1840,62,667,,,,18582,,4439,4.0,,,,24.0,14.0,,,189,,83,,,,,1604,6.0,497,,,,,37.0,,,10.0,,,28.0,,9.0,,,,,120,91,,34,117,,,,11.0,2.0,,21.0,24.0,,4.0,,,25478,4916,44733,3808,741.0,51.0,,,,,,67.0,,163.0,,7.0,,9657,4.0,10188,28.0,327.0,1.0,,,,,,131.0,1.0,138.0,,6.0,,,703,981,79.0,,,8.0,,1.0,195,169,12.0,,,,5.0,,384.0,31.0,825.0,82.0,9.0,,,,,,108.0,,99.0,,1.0,,,12.0,7.0,3.0,,,,,,4.0,23.0,2.0,12.0,,,,,,,,8.0,7.0,,,,1.0,,,,,7.0,3.0,,,,,,,,,540,72.0,226,64.0,30.0,1.0,,1816,1.0,332,,3.0,,,1191,2.0,422,1.0,7.0,,,499,,414,12.0,21.0,,,7.0,7.0,886,125,423,77.0,31.0,7.0,,72,,2998,,303,,10.0,,,80,,5017,14.0,976,8.0,47.0,,,10.0,,2140,52,642,38.0,20.0,,,41.0,29.0,6.0,2.0,1.0,,11.0,9.0,,23.0,11.0,,,3.0,29,23.0,1.0,,,12.0,,,,,63.0,13.0,3.0,,,132,36.0,3.0,6.0,,9.0,2.0,,,545,,454,3.0,,,,,,,1.0,,1315,2.0,515,3.0,,,,1.0,,1.0,,,,,3.0,26.0,,,,,16.0,40,,,,,19,1.0,3.0,,,,,128,,155,,,,,,,,,,13.0,,9.0,,,,,645,9.0,194,2.0,,,,,,,,,,,38.0,,24.0,1.0,,,,2.0,,1.0,15.0,,,,,,,,,13.0,19.0,,,5.0,4.0,,5760,1004,,678,,35.0,,,,,12.0,,16.0,,10.0,7.0,,69.0,,2065,5.0,962,2.0,40.0,,,,,,,,1.0,189.0,,96.0,,5.0,,,35.0,16.0,,,,,,3.0,17.0,13.0,3.0,,,,,3610.0,12.0,12.0,,,,,,1.0,24.0,,2.0,,,,,,,,,,,,454.0,,1.0,,,,,,14.0,,,,,,,,,,,,,,1849,62
_1_km_monthly_VI_Quality_2013335_aid0001,aid0001,2013-12-01 00:00:00+00:00,5056,9001,6385,12014,1136.0,6761.0,,2842397,11.0,76501,7.0,3642.0,5.0,,556178,22.0,58247,28.0,1043.0,16.0,,29382,64.0,11981,108.0,459.0,59.0,,3838,1385,4107,3002,605.0,2047.0,,21127,21.0,6418,19.0,1019.0,29.0,,19499,41.0,8578,37.0,1341.0,33.0,,5877,101,4289,159,322.0,36.0,,1070,1710,666.0,85.0,27.0,23.0,467.0,177.0,46.0,1082,343,75.0,426,519,131.0,39.0,57.0,24.0,161.0,146.0,57.0,255,316,31.0,204,1883,170,1073,5.0,36.0,,265738,91.0,34180,470.0,188.0,,,40.0,,,,,,7357,36,2134,108,23.0,14.0,,190,157,15.0,847,1103,3.0,,,,169,202,3.0,309,1778,79,561,2.0,13.0,,18744,18.0,3245,66.0,86.0,1.0,,26.0,16.0,,,160,,100,1.0,5.0,,,1643,17.0,327,51.0,7.0,1.0,,17.0,,,8.0,,,24.0,,11.0,,,,,220,128,7.0,201,235,5.0,1.0,,10.0,14.0,,76.0,42.0,,,3.0,,10594,3075,23046,5562,13004.0,971.0,,,,,,108.0,,262.0,,35.0,,5727,4.0,10562,12.0,4503.0,19.0,,,,,,192.0,1.0,239.0,,31.0,,,511,848,356.0,,1.0,9.0,,,116,185,61.0,,,2.0,7.0,4.0,204.0,28.0,484.0,61.0,148.0,19.0,,,,,70.0,,177.0,,93.0,,,3.0,10.0,11.0,,,1.0,,2.0,,14.0,1.0,13.0,,1.0,,,,,,4.0,9.0,,,,1.0,,,,,20.0,1.0,,,,,,,,,408,116.0,225,239.0,38.0,190.0,,1902,6.0,746,3.0,37.0,,,1175,5.0,884,2.0,66.0,,,682,3.0,792,14.0,48.0,,,5.0,12.0,797,203,532,521.0,57.0,208.0,,70,,3066,2.0,914,6.0,28.0,,,37,,4837,38.0,1932,14.0,128.0,,,3.0,,1913,74,1440,90.0,94.0,9.0,,51.0,53.0,14.0,7.0,3.0,,24.0,32.0,1.0,28.0,25.0,,1.0,8.0,68,54.0,10.0,,,24.0,16.0,6.0,,,134.0,84.0,7.0,,1.0,158,221.0,13.0,9.0,,11.0,4.0,,,458,7.0,436,66.0,,,,,,,1.0,,1041,10.0,406,40.0,,1.0,,,,,,1.0,,,22.0,89.0,,,,1.0,49.0,64,,,,,18,3.0,10.0,1.0,,,,98,,128,19.0,,,,,,,,,8.0,,16.0,,,2.0,1.0,611,13.0,140,18.0,2.0,,,,,,,,,,45.0,,13.0,1.0,,,4.0,2.0,,3.0,14.0,,,,,,,,,33.0,21.0,,,2.0,5.0,,5063,776,,1428,,686.0,2.0,,,,24.0,,58.0,,13.0,1.0,,35.0,2.0,1902,1.0,2915,3.0,732.0,1.0,,,,,,,1.0,254.0,1.0,312.0,,53.0,,,19.0,33.0,2.0,,,,,2.0,17.0,19.0,7.0,,2.0,5.0,,3006.0,6.0,4.0,,21.0,,,,1.0,18.0,,33.0,,16.0,,,,,,,,,,278.0,,2.0,,,,,,16.0,,,,,,,,,,2.0,,,,1487,64
_1_km_monthly_VI_Quality_2014001_aid0001,aid0001,2014-01-01 00:00:00+00:00,4883,14563,3538,18465,336.0,12217.0,,1624778,54.0,76014,39.0,1697.0,21.0,,1296121,23.0,80198,39.0,549.0,33.0,,213848,7908.0,63437,566.0,571.0,117.0,,2027,2803,2282,4233,305.0,3027.0,,13801,88.0,6607,107.0,607.0,39.0,,25970,18.0,9315,50.0,657.0,49.0,,17584,2962,14870,1248,339.0,98.0,,1619,1812,530.0,185.0,260.0,20.0,572.0,1403.0,19.0,20039,6543,51.0,459,515,128.0,136.0,200.0,52.0,159.0,260.0,75.0,3518,2773,66.0,314,2998,156,2063,,78.0,,255911,752.0,61123,920.0,359.0,4.0,,45.0,,,,,,11409,225,5348,302,35.0,9.0,,334,424,5.0,1957,2431,2.0,,,,405,586,,255,2145,112,683,1.0,21.0,,16720,68.0,3728,69.0,48.0,,,8.0,14.0,,,210,2.0,87,,,,,2062,52.0,551,64.0,10.0,3.0,,,,,,,,42.0,,7.0,,,,,308,147,,243,215,,,,6.0,2.0,,127.0,61.0,,1.0,4.0,,34111,6375,35221,6542,46422.0,1849.0,,,,,,521.0,,398.0,,79.0,,9989,11.0,11493,20.0,8899.0,55.0,,,,,,194.0,,202.0,,95.0,,,756,788,1238.0,,2.0,,,,165,189,156.0,,,2.0,3.0,,292.0,64.0,741.0,128.0,388.0,37.0,,,,,103.0,,173.0,,140.0,1.0,,5.0,27.0,3.0,,,,2.0,,20.0,99.0,1.0,28.0,,7.0,,,,,,51.0,1.0,24.0,,6.0,1.0,,,,,6.0,6.0,2.0,,4.0,1.0,,,,,315,432.0,292,442.0,22.0,366.0,,1141,6.0,712,9.0,15.0,,,1258,,979,2.0,36.0,,,1738,63.0,1097,35.0,19.0,2.0,,4.0,26.0,768,807,610,623.0,42.0,301.0,,46,,1759,5.0,1037,20.0,49.0,3.0,,102,,4835,9.0,1551,5.0,101.0,3.0,,116.0,10.0,5962,1108,2828,482.0,41.0,4.0,,105.0,59.0,27.0,4.0,4.0,1.0,11.0,24.0,,153.0,164.0,,5.0,11.0,97,75.0,5.0,,,16.0,38.0,14.0,,3.0,74.0,59.0,3.0,8.0,36.0,1130,578.0,10.0,7.0,2.0,13.0,11.0,,,900,32.0,611,83.0,,,,,,,,1.0,1653,53.0,737,76.0,1.0,2.0,,,,,,,,,87.0,158.0,,,,,161.0,130,,,,,20,,3.0,,,,,139,5.0,154,23.0,,,,,1.0,,,,21.0,,9.0,,,2.0,,921,30.0,177,34.0,,,,,,,,,,,46.0,,12.0,1.0,,,3.0,1.0,,19.0,11.0,,,,,,,,2.0,83.0,55.0,1.0,,,6.0,,5701,2999,1.0,2085,,1733.0,7.0,,,,69.0,,28.0,,3.0,2.0,,112.0,,4649,2.0,3472,5.0,1609.0,3.0,,,,3.0,,,1.0,248.0,1.0,196.0,,23.0,,,64.0,31.0,44.0,,,,,2.0,44.0,40.0,16.0,,,2.0,,6167.0,35.0,9.0,,,,,,,46.0,,25.0,,16.0,,,,,,,1.0,,,232.0,,,,,,,3.0,,2.0,,,1.0,,,,,,,,,,1246,65
_1_km_monthly_VI_Quality_2014032_aid0001,aid0001,2014-02-01 00:00:00+00:00,13856,22205,10877,31061,149.0,3506.0,,2975712,13.0,32976,4.0,175.0,8.0,,376992,12.0,52276,21.0,199.0,2.0,,15305,112.0,20104,223.0,157.0,27.0,,2242,4699,2894,6773,150.0,681.0,,15464,52.0,1412,8.0,213.0,20.0,,12973,55.0,4143,13.0,262.0,14.0,,5968,282,8516,304,114.0,28.0,,1941,2865,306.0,50.0,37.0,6.0,166.0,53.0,10.0,465,435,27.0,431,601,63.0,97.0,18.0,23.0,135.0,31.0,26.0,567,394,23.0,353,1373,611,945,,35.0,,272048,3.0,29521,89.0,3.0,,,3.0,,,,,,6208,52,2079,94,5.0,,,90,123,1.0,82,450,,,,,45,109,,400,1538,197,501,,10.0,,20052,6.0,4054,34.0,,,,2.0,5.0,,,147,,117,,,,,1933,9.0,598,11.0,,,,,,,,,,19.0,,10.0,,,,,83,60,,40,231,,,,1.0,1.0,,10.0,16.0,,,3.0,,48098,4587,74446,4229,8536.0,165.0,,,3.0,1.0,,707.0,,954.0,,17.0,,11596,13.0,12656,12.0,1294.0,10.0,,,,,,254.0,,212.0,,43.0,,1.0,1008,1056,367.0,,2.0,,,,241,145,24.0,,,,6.0,,290.0,55.0,841.0,143.0,53.0,4.0,,,,,187.0,1.0,140.0,,15.0,,,25.0,15.0,4.0,,,8.0,5.0,,19.0,163.0,,37.0,,4.0,,,,,,53.0,1.0,38.0,2.0,,2.0,,,,,10.0,10.0,2.0,,1.0,7.0,,,,,244,449.0,164,381.0,11.0,62.0,,1288,,142,,4.0,,,484,3.0,159,1.0,21.0,,,427,4.0,327,3.0,6.0,,,2.0,71.0,452,882,420,770.0,14.0,40.0,,48,,1833,4.0,122,,16.0,,,28,,2331,2.0,409,,21.0,,,10.0,,1766,82,1233,46.0,4.0,2.0,,76.0,30.0,,2.0,,1.0,6.0,1.0,,25.0,24.0,,2.0,6.0,69,50.0,1.0,,,20.0,,,,,56.0,9.0,,,,174,128.0,,5.0,2.0,1.0,,,,305,,300,8.0,,,,,,,,1.0,625,5.0,306,7.0,1.0,,,,,,,,,,11.0,27.0,,,,,16.0,23,,,,,28,,24.0,,,,,78,,109,,,,,,1.0,,,,8.0,,9.0,,,2.0,,601,2.0,131,2.0,,,,,,,,,,,23.0,,14.0,1.0,,,1.0,,,,3.0,,,,,,,,,9.0,13.0,,,,1.0,,4931,2423,,1443,1.0,160.0,,,,,52.0,,33.0,,2.0,4.0,,138.0,1.0,4131,4.0,2083,,123.0,,,,,3.0,,,2.0,270.0,,164.0,3.0,17.0,,1.0,55.0,12.0,4.0,,,,3.0,4.0,49.0,13.0,1.0,,1.0,1.0,,2908.0,25.0,12.0,,,,,,,27.0,,7.0,,,,,,,,,,,,161.0,,,,,,,3.0,,,,,,,,,,,,,,,649,63
_1_km_monthly_VI_Quality_2014060_aid0001,aid0001,2014-03-01 00:00:00+00:00,16437,17602,10682,25444,,,,2912072,2.0,90161,,,,,370434,3.0,66669,,,,,14584,48.0,12284,88.0,,,,4161,3036,3508,4617,,,,15346,1.0,1042,4.0,,,,16024,4.0,4151,7.0,,,,8222,179,6765,133,,,,1475,2456,,6.0,9.0,,46.0,11.0,,130,266,,468,716,,16.0,8.0,,17.0,10.0,,322,253,,292,789,172,666,,,,256507,,68895,12.0,,,,,,,,,,5008,22,1908,34,,,,43,66,,31,141,,,,,15,33,,485,482,295,288,,,,20103,1.0,6820,15.0,,,,12.0,,,,106,,109,,,,,1115,4.0,701,5.0,,,,,,,,,,7.0,,13.0,,,,,21,28,,12,145,,,,1.0,,,4.0,3.0,,,,,64512,3546,88963,2724,,,,,1.0,3.0,,426.0,,656.0,,,,10007,12.0,9502,10.0,,,,,,,,170.0,,96.0,,,,3.0,759,841,,,,1.0,,,149,150,,,,,1.0,,642.0,69.0,965.0,107.0,,,,,,,146.0,,103.0,,,,,13.0,1.0,,,,1.0,2.0,,162.0,27.0,9.0,63.0,,,,,,,,121.0,2.0,96.0,4.0,,,,,,,4.0,19.0,,,15.0,15.0,,,,,135,191.0,56,167.0,,,,1571,,9,,,,,515,1.0,82,,,,,270,6.0,207,6.0,,,,,34.0,377,580,210,495.0,,,,50,,1151,,6,,,,,40,,2126,,352,,,,,2.0,,1520,33,891,22.0,,,,33.0,25.0,,,,,1.0,,,16.0,6.0,,2.0,7.0,94,64.0,,,,2.0,,,,,22.0,5.0,,,,98,63.0,,3.0,,3.0,,,,221,,329,1.0,,,,,,,,1.0,364,4.0,222,11.0,,,,,,,,,,,1.0,10.0,,,,,3.0,6,,,,,28,,14.0,1.0,,,,95,,181,,,,,,,,,,14.0,,1.0,,,1.0,,249,,98,,,,,,,,,,,,7.0,,7.0,,,,,,,1.0,3.0,,,,,,,,,4.0,1.0,,,,,,4927,1378,,748,,,,,,,19.0,,16.0,,,6.0,,95.0,,2524,,1051,,,,,,,,,,3.0,126.0,,44.0,,,,1.0,21.0,13.0,,,,,1.0,4.0,33.0,8.0,,,1.0,1.0,,1990.0,3.0,2.0,,,,,,,17.0,,4.0,,,,,,,,,,,,187.0,,,,,,,,,,,,,,,,,,,,,,248,63
_1_km_monthly_VI_Quality_2014091_aid0001,aid0001,2014-04-01 00:00:00+00:00,22937,14842,17041,13777,,,,2552155,,56740,3.0,,,,763992,1.0,66787,,,,,25640,17.0,18715,17.0,,,,5582,1819,4713,1652,,,,17732,2.0,2180,1.0,,,,23512,1.0,5746,,,,,13427,57,7114,84,,,,1049,1724,,,,,8.0,,,26,30,,388,451,,,,,4.0,,,122,122,,286,984,259,493,,,,275436,2.0,37505,19.0,,,,,,,,,,7312,27,2437,30,,,,75,95,,23,106,,,,,22,34,,996,556,220,251,,,,20525,13.0,6438,13.0,,,,1.0,3.0,,,35,,98,,,,,1453,11.0,479,2.0,,,,,,,4.0,,,9.0,,8.0,,,,,10,2,,3,48,,,,1.0,,,1.0,1.0,,,,,70601,1001,84733,1130,,,,,,,,53.0,,34.0,,,,3900,5.0,3736,15.0,,,,,,,,11.0,,5.0,,,,,430,598,,,,,,,104,145,,,,,2.0,,537.0,48.0,1036.0,102.0,,,,,,,67.0,,86.0,,,,,17.0,13.0,,,,1.0,4.0,,106.0,11.0,9.0,2.0,,,,,,,,135.0,9.0,52.0,9.0,,,,,,,15.0,14.0,,,22.0,19.0,,,,,73,38.0,42,34.0,,,,495,,32,,,,,772,,222,,,,,405,2.0,392,,,,,4.0,17.0,466,185,333,185.0,,,,28,,720,,64,,,,,60,,3071,,1095,1.0,,,,9.0,,1969,36,1674,19.0,,,,12.0,8.0,,,,,,,,1.0,,,,,85,55.0,,,,,,,,,1.0,,,,,69,68.0,,2.0,,2.0,,,,168,,355,1.0,,,,,,,,,326,3.0,294,6.0,,,,,,,,,,,,4.0,,,,,1.0,18,,,,,8,1.0,22.0,,,,,59,,192,,,,,,,,,,1.0,,9.0,,,,,247,1.0,128,,,,,,,,,,,,,,3.0,,,,,,,,,,,,,,,,,,,,,,,,4927,314,,143,,,,,,,,,,,,3.0,,33.0,,701,,299,,,,,,,,,,,7.0,,4.0,,,,,8.0,1.0,,,,,,2.0,7.0,15.0,,,,,,787.0,4.0,3.0,,,,,,,8.0,,9.0,,,,,,,,,,,,46.0,,,,,,,1.0,,,,,,,,,,,1.0,,,,77,61
_1_km_monthly_VI_Quality_2014121_aid0001,aid0001,2014-05-01 00:00:00+00:00,29030,9683,24615,8844,,,,2890540,14.0,86826,5.0,,,,391175,2.0,85999,29.0,,,,17942,3.0,20183,10.0,,,,9802,673,6045,502,,,,27138,,7742,,,,,48143,11.0,18468,12.0,,,,19864,63,9079,70,,,,637,641,,52.0,30.0,,126.0,119.0,,57,174,,342,233,,8.0,17.0,,123.0,36.0,,233,298,,538,2217,246,842,,,,247251,17.0,41626,84.0,,,,,,,,,,10187,19,4033,25,,,,164,142,,59,239,,,,,59,80,,1042,976,384,229,,,,18978,5.0,6159,12.0,,,,5.0,2.0,,,6,,53,,,,,2186,10.0,780,1.0,,,,3.0,,,14.0,,,15.0,,22.0,,,,,45,15,,10,13,,,,,,,12.0,2.0,,,,,50045,675,53169,619,,,,,,,,1.0,,3.0,,,,2276,,2274,1.0,,,,,,,,,,,,,,1.0,180,150,,,,,,,40,52,,,,,,,483.0,11.0,572.0,35.0,,,,,,,21.0,,19.0,,,,,9.0,1.0,,,,9.0,6.0,,51.0,5.0,5.0,5.0,,,,,,,,58.0,,21.0,,,,,,,,,,,,,,,,,,77,5.0,71,9.0,,,,637,,274,,,,,570,1.0,336,,,,,154,,138,,,,,9.0,,459,22,319,38.0,,,,30,,1110,,1198,,,,,39,,2893,5.0,1688,3.0,,,,7.0,,1494,24,1075,14.0,,,,1.0,3.0,,2.0,,,,1.0,,2.0,10.0,,,1.0,32,36.0,,,,1.0,,,,,30.0,12.0,,,,80,87.0,,,,,,,,285,,390,3.0,,,,,,,,,806,5.0,714,14.0,,,,,,1.0,,,,,2.0,9.0,,,,,15.0,66,,,,,9,,19.0,,,,,62,,268,,,,,,,,,,,,13.0,,,,,477,5.0,323,3.0,,,,,1.0,,,,,,1.0,,12.0,,,,,,,,,,,,,,,,,4.0,7.0,,,,,,4872,40,,62,,,,,,,,,,,,3.0,,12.0,,155,,86,,,,,,,,,,,,,,,,,,2.0,,,,,,,,3.0,3.0,,,,,,298.0,,1.0,,,,,,,2.0,,,,,,,,,,,,,,19.0,2.0,,,,,,,,,,,,,,,,,,,,,36,55
_1_km_monthly_VI_Quality_2014152_aid0001,aid0001,2014-06-01 00:00:00+00:00,28072,28751,19523,12706,,,,2247026,437.0,149013,231.0,,,,626668,345.0,129344,692.0,,,,34262,297.0,17398,740.0,,,,13855,89,7568,122,,,,78294,74.0,15867,59.0,,,,174220,406.0,34593,677.0,,,,72126,1794,14169,2350,,,,2738,1041,,3218.0,441.0,,8162.0,2215.0,,3603,1659,,107,94,,901.0,204.0,,2892.0,1306.0,,6163,3117,,599,8560,352,2712,,,,204910,163.0,43016,266.0,,,,,,,,,,25399,64,6531,126,,,,1076,345,,674,551,,,,,298,229,,924,2547,271,657,,,,14254,9.0,4397,22.0,,,,17.0,3.0,,,16,,24,,,,,4209,12.0,996,11.0,,,,3.0,,,21.0,5.0,,11.0,,14.0,,,,,295,107,,64,68,,,,,,,57.0,19.0,,,,,23663,267,20452,288,,,,,,,,4.0,,13.0,,,,1619,,898,4.0,,,,,,,,2.0,,,,,,,69,95,,,,,,,15,17,,,,,,,114.0,,92.0,,,,,,,,5.0,,5.0,,,,,,1.0,,,,1.0,,,,6.0,,3.0,,,,,,,,5.0,,5.0,,,,,,,,1.0,,,,,,,,,,75,,105,2.0,,,,2104,1.0,747,23.0,,,,1827,14.0,645,31.0,,,,571,47.0,580,74.0,,,,7.0,,483,21,421,59.0,,,,141,,3895,11.0,1831,8.0,,,,194,1.0,11976,172.0,3129,269.0,,,,49.0,14.0,8443,1358,3727,2307.0,,,,,5.0,,68.0,45.0,,161.0,76.0,,221.0,152.0,,,,16,36.0,,,7.0,227.0,51.0,,,12.0,877.0,348.0,,2.0,33.0,2771,1636.0,,8.0,,3.0,,,,612,5.0,555,20.0,,,,,,,2.0,,2373,21.0,1266,70.0,,,,3.0,,2.0,,,1.0,,31.0,59.0,,,,,170.0,163,,,,,34,,17.0,,,,,168,,267,5.0,,,,,,,,,,,5.0,,,2.0,,1213,6.0,497,20.0,,,,,1.0,,,,,,1.0,,29.0,,,,,,,5.0,14.0,,,,,,,,,42.0,27.0,,,,1.0,,5004,40,,24,,,,,,,,,1.0,,,1.0,,11.0,,55,,23,,,,,,,,,,,,,,,,,,,1.0,,,,,,,,5.0,,,,,,16.0,,,,,,,,,,,1.0,,,,,,,,,,4.0,,9.0,,,,,,,4.0,,,,,,,,,,,,,,,153,52
_1_km_monthly_VI_Quality_2014182_aid0001,aid0001,2014-07-01 00:00:00+00:00,9806,156560,12542,66214,,,,798583,8808.0,157353,15273.0,,,,526183,9076.0,133339,12399.0,,,,56431,7571.0,15260,7648.0,,,,12261,441,12222,851,,,,99261,3823.0,23981,4340.0,,,,290341,22435.0,87749,22815.0,,,,124848,46838,35361,38065,,,,25496,10467,,27371.0,33832.0,,58095.0,21873.0,,27339,10231,,348,452,,23890.0,5316.0,,95933.0,27719.0,,95571,35706,,128,50074,506,25542,,,,99297,1541.0,45970,1922.0,,,,,,,,,,28122,682,13017,849,,,,5246,2501,,2440,2152,,,,,1801,936,,661,6960,342,3150,,,,6280,48.0,3183,32.0,,,,21.0,3.0,,,26,,52,,,,,3233,73.0,870,45.0,,,,2.0,,,35.0,3.0,,18.0,,22.0,,,,,1193,539,,194,214,,,,,,,199.0,75.0,,,4.0,,5056,260,6946,319,,,,,,,,34.0,,24.0,,,,1322,,1274,,,,,,,,,15.0,,3.0,,,,,21,57,,,,,,,20,11,,,,,,,6.0,1.0,7.0,,,,,,,,,,,,,,,,,,,,,,,,,,,,,,,,,,,,,,,,,,,,,,,,,,,,,,84,24.0,102,89.0,,,,3920,170.0,1433,475.0,,,,9039,835.0,2489,987.0,,,,2916,975.0,1241,1240.0,,,,15.0,2.0,762,296,584,584.0,,,,403,19.0,12588,874.0,2419,931.0,,,,1508,143.0,82880,9570.0,15285,9391.0,,,,307.0,137.0,68731,40637,19312,48854.0,,,,14.0,50.0,,1243.0,460.0,,3520.0,1771.0,,2255.0,1630.0,,,2.0,150,330.0,,1.0,180.0,5432.0,937.0,,20.0,607.0,38876.0,12822.0,,18.0,371.0,71727,35775.0,,8.0,,53.0,2.0,,,1257,53.0,1194,95.0,,,,,,,,,6214,269.0,3192,474.0,,,,7.0,,2.0,,2.0,2.0,,133.0,205.0,,,,,796.0,698,,,,2.0,43,,71.0,,,,,187,1.0,240,10.0,,,,,,,,,1.0,,12.0,,,2.0,,1332,40.0,648,33.0,,,,,,,1.0,,,,3.0,,39.0,1.0,,,3.0,1.0,,10.0,15.0,,,,,,,,,152.0,112.0,,,3.0,18.0,,4997,34,,13,,,,,,,,,,,,2.0,,7.0,,73,2.0,41,,,,,,,,,,,18.0,,19.0,,,,,,,,,,,,,2.0,20.0,,,,1.0,,5.0,,,,,,,,,,,,,,,,,,,,,,,6.0,,,,,,,,,,,,,,,,,,,,,,132,60
_1_km_monthly_VI_Quality_2014213_aid0001,aid0001,2014-08-01 00:00:00+00:00,8933,123052,9394,44389,,,,1174204,6136.0,79539,3920.0,,,,495379,2891.0,100761,3502.0,,,,50740,2382.0,29567,6238.0,,,,8267,308,7737,289,,,,168780,951.0,16742,957.0,,,,386499,4960.0,76180,5021.0,,,,181173,17936,50957,19487,,,,18123,7185,,10900.0,9236.0,,24781.0,23331.0,,14592,23986,,318,368,,6628.0,2228.0,,37806.0,15174.0,,58640,34905,,191,44569,360,22392,,,,103198,1029.0,43979,1017.0,,,,,,,,,,36291,311,13340,330,,,,2971,1384,,1042,959,,,,,874,495,,1529,7626,166,2984,,,,5772,36.0,1894,35.0,,,,25.0,2.0,,,26,,32,,,,,3075,58.0,688,13.0,,,,6.0,,,12.0,,,26.0,,12.0,,,,,996,412,,121,80,,,,,,,171.0,55.0,,,2.0,,5079,581,4723,328,,,,,,,,20.0,,38.0,,,,1770,1.0,1334,,,,,,,,,32.0,,9.0,,,,,26,35,,,,1.0,,,28,22,,,,,,,,1.0,4.0,,,,,,,,,,2.0,,,,,,,,,,,,,,,,,,,,,,,,,,,,,,,,,,,,,,,,,,,,78,5.0,65,14.0,,,,10547,37.0,1131,96.0,,,,12542,255.0,4051,254.0,,,,3596,318.0,2971,714.0,,,,9.0,1.0,644,205,567,361.0,,,,1270,4.0,28431,159.0,1692,139.0,,,,1937,32.0,120976,2004.0,18398,1852.0,,,,388.0,64.0,89430,14668,33465,21251.0,,,,20.0,15.0,,442.0,207.0,,1616.0,1165.0,,1056.0,2073.0,,2.0,1.0,205,190.0,,2.0,44.0,1487.0,410.0,,12.0,285.0,15533.0,5901.0,,12.0,215.0,37748,25084.0,,27.0,,48.0,4.0,,,2250,18.0,2082,31.0,,,,,,,3.0,,9429,174.0,4265,310.0,,,,38.0,1.0,9.0,,1.0,6.0,,83.0,124.0,,,,,513.0,447,,,1.0,,79,1.0,22.0,,,,,328,,191,1.0,,,,,,,,,11.0,,12.0,,,4.0,,1846,48.0,672,12.0,,,,,,,1.0,,,,40.0,3.0,65.0,,,,3.0,,,13.0,16.0,,,,,,,,,108.0,71.0,,,4.0,4.0,,4983,51,,13,,,,,,,,,2.0,,,2.0,,10.0,,93,,27,,,,,,,,,,2.0,18.0,,6.0,,,,,1.0,,,,,,,,8.0,4.0,,,,,,73.0,,,,,,,,,,,,,,,,,,,,,,,33.0,1.0,,,,,,,,,,,,,,,,,,,,,161,61
_1_km_monthly_VI_Quality_2014244_aid0001,aid0001,2014-09-01 00:00:00+00:00,11394,9639,13988,7462,,,,2046011,676.0,139083,511.0,,,,810723,308.0,174647,535.0,,,,51381,53.0,61348,259.0,,,,8176,90,8196,157,,,,97350,24.0,11396,14.0,,,,166456,82.0,50409,122.0,,,,49319,193,26931,364,,,,547,487,,246.0,319.0,,349.0,1330.0,,243,1845,,184,250,,120.0,50.0,,532.0,273.0,,661,848,,156,3378,129,1895,,,,207902,341.0,68329,457.0,,,,,,,,,,21138,43,8041,68,,,,318,254,,184,898,,,,,99,157,,1846,1405,73,891,,,,14852,4.0,4740,8.0,,,,41.0,4.0,,,63,,66,,,,,2418,6.0,754,3.0,,,,18.0,,,15.0,1.0,,22.0,,23.0,,,,,174,99,,13,176,,,,,,,21.0,9.0,,,,,8101,725,11752,471,,,,,,,,27.0,,6.0,,,,2153,2.0,2285,8.0,,,,,,,,52.0,,4.0,,,,,77,123,,,,2.0,,,36,38,,,,,,,49.0,,50.0,1.0,,,,,,,3.0,,3.0,,,,,,,,,,,,,,1.0,,,,,,,,,,3.0,,,,,,,,,,,,,,,,,,,,60,,62,,,,,3151,,1188,2.0,,,,2426,6.0,960,7.0,,,,680,6.0,816,35.0,,,,14.0,,348,10,259,17.0,,,,343,,6552,6.0,1395,7.0,,,,301,,13809,34.0,3462,40.0,,,,39.0,,7313,171,3510,439.0,,,,2.0,5.0,,6.0,5.0,,32.0,24.0,,29.0,88.0,,,2.0,32,23.0,,,1.0,35.0,12.0,,,10.0,379.0,157.0,,,4.0,582,709.0,,4.0,,5.0,,,,1258,1.0,870,7.0,,,,,,,,,2387,17.0,1096,32.0,,,,6.0,,2.0,,,,,12.0,49.0,,,,,57.0,86,,,,,79,,7.0,,,,,359,,348,6.0,,,,,,,,,11.0,,15.0,,,8.0,,1032,3.0,443,7.0,,,,,,,2.0,,,,49.0,1.0,47.0,,,,1.0,,,,14.0,,,,,1.0,,,,15.0,23.0,,,1.0,,,4902,95,,32,,,,,,,,,2.0,,,5.0,,10.0,,236,,71,,,,,,,,,,,44.0,,8.0,,,,,5.0,,,,,,,,5.0,2.0,,,,,,137.0,,,,,,,,,,,,,,,,,,,,,,,141.0,,,,,,,,,,,,,,,,,,,,,,598,65
_1_km_monthly_VI_Quality_2014274_aid0001,aid0001,2014-10-01 00:00:00+00:00,7722,8977,12009,6173,,,,2194494,257.0,81270,76.0,,,,944980,398.0,162839,325.0,,,,47609,223.0,57302,499.0,,,,7534,210,7169,291,,,,51023,90.0,5492,4.0,,,,75387,143.0,16926,73.0,,,,23939,260,17255,339,,,,571,472,,234.0,75.0,,625.0,753.0,,150,2646,,63,55,,240.0,2.0,,611.0,109.0,,470,685,,124,3024,100,1572,,,,237980,353.0,77491,386.0,,,,,,,,,,13424,67,5709,49,,,,269,194,,137,778,,,,,110,76,,484,1214,76,398,,,,16835,8.0,5580,5.0,,,,26.0,4.0,,,87,,67,,,,,1868,4.0,674,,,,,24.0,,,14.0,1.0,,16.0,,20.0,,,,,41,32,,4,87,,,,1.0,,,3.0,7.0,,,1.0,,11123,2041,12350,1250,,,,,,,,47.0,,3.0,,,,5578,4.0,4149,8.0,,,,,,,,80.0,2.0,13.0,,,,,222,272,,,2.0,2.0,,,92,57,,,,,2.0,,89.0,1.0,102.0,4.0,,,,,,,9.0,,20.0,,,,,,,,,,,,,,4.0,,6.0,,,,,,,,,,,,,,,,,,,,,,,,,,,,153,5.0,98,10.0,,,,2532,,765,,,,,1297,5.0,251,4.0,,,,460,43.0,701,88.0,,,,8.0,,363,22,121,11.0,,,,184,,3896,28.0,741,,,,,132,,6023,48.0,723,19.0,,,,17.0,,2290,210,1605,284.0,,,,,2.0,,8.0,,,30.0,,,10.0,129.0,,,,4,4.0,,,,70.0,,,,,256.0,22.0,,,3.0,448,411.0,,1.0,,1.0,,,,931,1.0,789,10.0,,,,,,,,,2125,13.0,667,16.0,,,,5.0,,,,,,,2.0,76.0,,,,,33.0,60,,,,,82,,4.0,,,,,230,,276,1.0,,,,,,,,,16.0,,16.0,,,4.0,,969,9.0,297,,,,,,,,,,,,38.0,,26.0,,,,,,,,13.0,,,,,1.0,,,,3.0,19.0,,,,3.0,,5700,493,1.0,181,,,,,,,6.0,,3.0,,,14.0,,42.0,,851,1.0,347,,,,,,,,,,,116.0,,27.0,,,,,14.0,2.0,,,,,,,5.0,2.0,,,,,,336.0,2.0,3.0,,,,,,,,,,,,,,,,,,,,,373.0,,,,,,,,,,,,,,,,,,,,,,1552,60
_1_km_monthly_VI_Quality_2014305_aid0001,aid0001,2014-11-01 00:00:00+00:00,9451,10479,10068,9183,36.0,312.0,,2117779,5.0,68352,12.0,15.0,,,1134049,19.0,90150,77.0,26.0,,,55018,28.0,58883,113.0,17.0,1.0,,5130,1276,5112,1241,30.0,147.0,,27682,8.0,5308,2.0,17.0,,,26821,39.0,11055,42.0,45.0,2.0,,11515,78,9036,183,24.0,1.0,,1706,2010,68.0,14.0,55.0,,248.0,525.0,2.0,259,2225,6.0,423,457,8.0,16.0,5.0,1.0,139.0,68.0,1.0,358,356,1.0,123,3153,34,1194,5.0,6.0,,254456,12.0,76601,57.0,,,,,,,,,,9891,3,4367,12,,,,173,212,12.0,147,1666,,,,,54,179,,313,2069,40,641,,1.0,,18211,2.0,4896,9.0,,,,39.0,6.0,,,110,,92,,,,,1644,7.0,485,9.0,,,,39.0,,,10.0,2.0,,10.0,,9.0,,,,,57,97,,42,160,,,,,,,22.0,13.0,,,,,23535,5769,30652,2951,806.0,22.0,,,,,,169.0,,157.0,,,,9385,13.0,7213,16.0,209.0,,,,,,,217.0,,113.0,,,,3.0,695,915,34.0,,7.0,7.0,,,224,154,2.0,,,5.0,2.0,,216.0,28.0,473.0,66.0,15.0,2.0,,,,,64.0,,59.0,,,,,2.0,12.0,3.0,,,,2.0,,1.0,10.0,,1.0,,1.0,,,,,,4.0,1.0,,1.0,1.0,,,,,,,,,,,,,,,,425,77.0,212,46.0,1.0,,,1737,2.0,582,,,,,1196,3.0,537,5.0,,,,802,,800,1.0,1.0,,,7.0,7.0,749,177,348,85.0,1.0,5.0,,100,,2886,,316,,,,,64,,4965,24.0,1003,,4.0,,,39.0,,3846,102,1676,78.0,2.0,3.0,,52.0,23.0,,2.0,5.0,,5.0,5.0,,34.0,30.0,,1.0,,57,28.0,,,,18.0,,,,3.0,94.0,8.0,,,1.0,312,170.0,,2.0,,3.0,1.0,,,772,1.0,822,,,,,,,,,,1471,2.0,633,9.0,,,,2.0,,1.0,,1.0,,,14.0,55.0,,,,,24.0,60,,,,,12,,6.0,,,,,183,,225,,,,,,,,,,17.0,,5.0,,,,,584,5.0,237,1.0,,,,,,,,,,,25.0,,36.0,,,,,,,5.0,13.0,,,,,,,,,20.0,24.0,,,1.0,,,5756,1426,,581,,13.0,,,,,24.0,,38.0,,,8.0,,63.0,,2938,2.0,881,,24.0,,,,,,,1.0,,322.0,1.0,97.0,,1.0,,,28.0,15.0,1.0,,,,,2.0,26.0,15.0,,,5.0,,,717.0,,24.0,,,,,,,15.0,,7.0,,1.0,,,,,,,,,,346.0,,,,,,,,3.0,,,,,,,,,,,,,,1478,65
_1_km_monthly_VI_Quality_2014335_aid0001,aid0001,2014-12-01 00:00:00+00:00,5004,9679,7190,13299,699.0,3804.0,,2727539,17.0,49359,7.0,8054.0,9.0,,548771,19.0,35147,29.0,1687.0,5.0,,112343,768.0,43075,966.0,390.0,52.0,,3489,1187,3841,2679,411.0,1298.0,,23323,18.0,6174,35.0,1879.0,15.0,,26660,43.0,11402,33.0,1404.0,19.0,,11237,333,8154,1030,387.0,28.0,,1928,2363,584.0,745.0,208.0,13.0,1604.0,285.0,20.0,12832,6213,55.0,388,543,103.0,115.0,60.0,30.0,214.0,159.0,44.0,1169,1563,49.0,183,2277,40,1229,2.0,49.0,,252193,14.0,35154,199.0,170.0,,,80.0,,,,,,10756,32,4994,80,33.0,15.0,,181,233,21.0,536,1766,,,,,178,432,1.0,390,1868,40,515,,18.0,,18490,2.0,3220,27.0,4.0,,2.0,35.0,12.0,,,164,,143,,,,,2141,15.0,536,17.0,8.0,2.0,,14.0,,,15.0,,,24.0,,10.0,,,,,108,222,5.0,82,214,2.0,1.0,,8.0,1.0,3.0,59.0,38.0,2.0,1.0,,,9544,3090,33421,4901,8961.0,1295.0,,,,,,205.0,,336.0,,10.0,,6120,4.0,11303,22.0,3256.0,10.0,,,,,,254.0,1.0,378.0,,75.0,,5.0,405,1125,300.0,,12.0,6.0,1.0,,131,257,56.0,,,9.0,11.0,,122.0,18.0,692.0,66.0,171.0,4.0,,,,,87.0,,149.0,,27.0,,,6.0,15.0,4.0,,,,1.0,1.0,1.0,11.0,49.0,15.0,,6.0,,,3.0,,,14.0,,82.0,,13.0,,,,,,2.0,,1.0,,,,,,,,337,99.0,306,247.0,29.0,109.0,,2676,1.0,541,1.0,25.0,,,1711,11.0,805,5.0,50.0,,,1543,24.0,1022,36.0,79.0,,,3.0,8.0,780,231,511,364.0,44.0,139.0,,151,,4173,,663,5.0,63.0,,,115,,5944,25.0,2333,11.0,91.0,6.0,,65.0,,4145,174,2241,185.0,184.0,28.0,,49.0,74.0,13.0,7.0,1.0,,21.0,15.0,1.0,257.0,189.0,3.0,,1.0,72,57.0,5.0,,,24.0,9.0,2.0,,,143.0,52.0,8.0,2.0,29.0,493,340.0,37.0,1.0,,2.0,3.0,,1.0,847,3.0,448,22.0,,,,2.0,,,,1.0,1535,5.0,590,33.0,,,,1.0,,,,3.0,2.0,1.0,34.0,91.0,,,,,57.0,113,,,,,18,,9.0,,,,,153,,149,2.0,,,,,,,,,13.0,,8.0,,,,,805,3.0,256,8.0,,,,,,,,,,,63.0,1.0,30.0,,,,,1.0,,6.0,29.0,,,,,,,,,15.0,14.0,,,9.0,1.0,,5002,881,,1884,,388.0,,,,,34.0,,82.0,,9.0,1.0,,37.0,1.0,2441,1.0,2865,,535.0,,,,,,,,,332.0,1.0,284.0,2.0,107.0,,,23.0,46.0,5.0,,,,,2.0,28.0,32.0,5.0,,6.0,3.0,2.0,537.0,5.0,6.0,,,,,,,10.0,,26.0,,9.0,,,,,,,2.0,,,330.0,,,,,,,2.0,,9.0,,,,,,,,,,,,,1094,60
_1_km_monthly_VI_Quality_2015001_aid0001,aid0001,2015-01-01 00:00:00+00:00,4787,18444,2733,17720,202.0,9696.0,,2575721,34.0,92584,40.0,265.0,4.0,,533508,38.0,63703,44.0,172.0,13.0,,162207,439.0,52274,414.0,152.0,24.0,,1895,2555,1972,3371,80.0,1607.0,,12390,56.0,5825,95.0,93.0,9.0,,10579,29.0,6449,57.0,203.0,7.0,,7730,506,5181,305,162.0,26.0,,2579,1559,397.0,364.0,102.0,12.0,415.0,263.0,17.0,5099,1561,18.0,343,488,46.0,107.0,109.0,8.0,219.0,244.0,8.0,840,524,18.0,212,2282,152,1016,,60.0,,264433,22.0,52994,235.0,62.0,,,25.0,,,,,,8301,46,2973,118,9.0,13.0,,213,168,7.0,488,1085,,,,,163,138,1.0,260,1712,41,601,,20.0,,17954,6.0,3890,118.0,43.0,,,4.0,7.0,,,123,,67,,1.0,,,2014,21.0,541,48.0,1.0,,,,,,,,,20.0,,10.0,,2.0,,,226,101,1.0,116,286,,,,,4.0,,94.0,48.0,1.0,,,,42194,4453,51128,6939,28188.0,684.0,,,,,,218.0,,261.0,,10.0,,8761,7.0,10581,32.0,3149.0,23.0,,,,,,115.0,1.0,226.0,2.0,17.0,,3.0,1388,1629,563.0,,,2.0,,,199,296,51.0,,,,13.0,,436.0,53.0,727.0,83.0,305.0,3.0,,,,,214.0,1.0,193.0,,44.0,,,11.0,33.0,,,,6.0,4.0,2.0,39.0,151.0,81.0,35.0,3.0,5.0,,,,,,128.0,1.0,20.0,,1.0,1.0,,,,,7.0,5.0,1.0,,3.0,2.0,6.0,,,,289,462.0,288,395.0,2.0,151.0,,1656,1.0,951,,,,,717,1.0,569,3.0,24.0,,,586,15.0,790,21.0,5.0,,,1.0,21.0,580,506,618,469.0,9.0,132.0,,64,,1934,3.0,1193,4.0,,,,27,,2588,13.0,1798,15.0,9.0,3.0,,15.0,2.0,1422,201,1572,99.0,29.0,5.0,,110.0,71.0,2.0,7.0,7.0,,21.0,16.0,,92.0,40.0,,1.0,4.0,79,77.0,2.0,,,19.0,26.0,1.0,,,128.0,127.0,,,6.0,253,185.0,4.0,8.0,3.0,5.0,7.0,,,692,1.0,699,68.0,,,,,,,,,1201,32.0,465,40.0,,,,1.0,,,,1.0,1.0,,18.0,66.0,,,,,60.0,51,,,,,5,,,3.0,,,,157,2.0,154,10.0,,,,,,,,,3.0,,5.0,,,1.0,,801,13.0,242,22.0,,,,,,,,,,,10.0,1.0,28.0,,,,,,,10.0,22.0,,,,,2.0,,,,34.0,21.0,,,,2.0,,5784,2659,1.0,1967,,626.0,1.0,,,,21.0,,21.0,,,,,83.0,3.0,3559,6.0,2578,2.0,533.0,,,,,,,,,133.0,,158.0,,8.0,,,56.0,76.0,1.0,,,,1.0,9.0,40.0,44.0,7.0,,1.0,4.0,,1990.0,9.0,8.0,,7.0,1.0,,,,36.0,,32.0,,1.0,,,,,,,,,1.0,242.0,,,,,,,5.0,,,,,,,,,,,,,,,1043,70
_1_km_monthly_VI_Quality_2015032_aid0001,aid0001,2015-02-01 00:00:00+00:00,5471,38710,5665,28404,15.0,2108.0,,2768186,12.0,47732,34.0,22.0,,,612379,38.0,27311,33.0,31.0,,,16978,104.0,18117,149.0,12.0,8.0,,2023,5195,1957,5339,15.0,477.0,,15171,77.0,1459,77.0,18.0,,,11383,53.0,3224,36.0,29.0,6.0,,4041,291,3736,313,87.0,18.0,,2427,2357,14.0,93.0,112.0,,134.0,109.0,1.0,325,530,8.0,406,564,9.0,197.0,118.0,3.0,271.0,131.0,8.0,508,387,10.0,167,1166,93,822,,6.0,,279304,5.0,41990,81.0,,,,2.0,,,,,,5781,44,1526,75,1.0,1.0,,86,83,,90,450,,,,,66,85,,478,1151,100,429,,1.0,,21078,,4362,88.0,,,,4.0,,,,116,,71,,,,,1641,2.0,389,16.0,,,,,,,,,,10.0,,10.0,,,,,97,46,,79,186,,,,2.0,9.0,,18.0,17.0,,,,,58400,3690,61814,3108,7159.0,92.0,,,,,,433.0,,701.0,,7.0,,8272,11.0,7091,17.0,772.0,6.0,,,,,,192.0,,154.0,,,,1.0,1481,1383,131.0,,,2.0,,,246,191,10.0,,,6.0,15.0,,511.0,74.0,713.0,118.0,117.0,1.0,,,,,253.0,,196.0,,17.0,,,10.0,23.0,,,,8.0,5.0,,19.0,157.0,9.0,47.0,,,,,,,,56.0,,10.0,,,,,,,,9.0,3.0,1.0,,2.0,2.0,,,,,174,567.0,161,321.0,,37.0,,877,,182,,,,,580,1.0,316,1.0,,,,284,10.0,361,14.0,,,,3.0,61.0,428,1475,355,707.0,,30.0,,18,,1146,3.0,197,1.0,,,,23,,2506,3.0,568,2.0,2.0,3.0,,9.0,,1651,123,1077,70.0,7.0,,,70.0,51.0,,1.0,2.0,,4.0,1.0,,14.0,22.0,,5.0,6.0,90,41.0,,,,18.0,6.0,1.0,,,129.0,19.0,,,,173,134.0,3.0,7.0,3.0,4.0,6.0,,,261,,336,10.0,,,,,,,2.0,,550,7.0,222,7.0,,,,,,,,1.0,,,2.0,32.0,,,,,18.0,30,,,,,23,,5.0,,,,,73,,125,2.0,,,,,,,,,11.0,,6.0,,,,,472,7.0,123,8.0,,,,,,,,,,,13.0,,24.0,,,,,1.0,,1.0,12.0,,,,,1.0,,,,13.0,8.0,,,,2.0,,5076,2112,2.0,842,1.0,101.0,,,,,42.0,,24.0,,,2.0,,88.0,5.0,2920,5.0,1049,,99.0,,,,,,,,,174.0,,122.0,,,,,64.0,32.0,4.0,,,,2.0,12.0,54.0,21.0,,,2.0,3.0,,805.0,5.0,10.0,,,1.0,,,,41.0,,21.0,,,,,,,,,,1.0,,161.0,,,,,,,,,,,,,,,,,,,,,,534,60
_1_km_monthly_VI_Quality_2015060_aid0001,aid0001,2015-03-01 00:00:00+00:00,14928,34996,11865,21743,,,,2915702,,39628,,,,,479428,,24787,1.0,,,,20654,94.0,10412,97.0,,,,3943,5596,3399,5474,,,,13155,,1783,1.0,,,,15612,,3448,8.0,,,,7849,202,3731,182,,,,1248,1576,,3.0,5.0,,14.0,12.0,,241,175,,427,370,,3.0,1.0,,22.0,,,250,135,,302,892,305,620,,,,281425,,25345,9.0,,,,,,,,,,4476,27,1650,65,,,,43,79,,21,158,,,,,21,45,,484,684,103,276,,,,23509,1.0,4517,22.0,,,,8.0,,,,57,,118,,,,,1112,1.0,497,13.0,,,,,,,,,,1.0,,15.0,,,,,15,23,,8,103,,,,,,,1.0,7.0,,,,,77765,2535,73743,2145,,,,,,1.0,,238.0,,240.0,,,,7381,4.0,4496,32.0,,,,,,,,88.0,,49.0,,,,,959,689,,,8.0,,,,265,125,,,,2.0,2.0,,745.0,51.0,884.0,86.0,,,,,,,239.0,,164.0,1.0,,,,16.0,20.0,,,,7.0,6.0,,9.0,134.0,10.0,42.0,,,,,,,,62.0,,6.0,,,,,,,,6.0,4.0,,,,,,,,,130,559.0,62,202.0,,,,619,,55,,,,,716,,154,,,,,240,9.0,184,5.0,,,,1.0,92.0,524,1653,102,701.0,,,,20,,636,,46,,,,,44,,2287,1.0,275,,,,,8.0,,1135,53,640,39.0,,,,7.0,22.0,,,,,,,,4.0,,,,3.0,88,40.0,,,,,,,,1.0,9.0,1.0,,,,51,55.0,,1.0,2.0,2.0,,,,192,,270,,,,,,,,1.0,2.0,371,10.0,188,7.0,,,,,,,,1.0,,,,19.0,,,,,5.0,10,,,,,16,,8.0,,,,,122,1.0,81,,,,,,,,,,9.0,,9.0,,,3.0,,319,7.0,90,4.0,,,,,,,,,,,4.0,,6.0,,,,,,,,4.0,,,,,,,,,,8.0,,,,,,5006,1424,,356,,,,,,,10.0,,2.0,,,3.0,,104.0,,1813,2.0,465,4.0,,,,,,,,,,27.0,,3.0,,,,,18.0,5.0,,2.0,,,,7.0,51.0,10.0,,,,,,754.0,12.0,7.0,,,,,,,24.0,,7.0,,,,1.0,1.0,,,,,,,96.0,,,,,,,1.0,,3.0,,,,,,,,,,,,,364,62
_1_km_monthly_VI_Quality_2015091_aid0001,aid0001,2015-04-01 00:00:00+00:00,27565,9556,24015,5403,,,,2443202,,56126,,,,,748699,,156232,1.0,,,,21092,6.0,29748,7.0,,,,4884,408,3412,336,,,,25804,,3495,,,,,35821,1.0,11700,,,,,8786,31,6621,24,,,,498,556,,4.0,,,14.0,27.0,,18,55,,288,218,,4.0,,,28.0,20.0,,70,61,,481,1501,421,600,,,,249793,5.0,70821,14.0,,,,,,,,,,11320,11,3726,26,,,,110,84,,17,171,,,,,22,100,,611,857,181,147,,,,18765,3.0,6224,6.0,,,,4.0,1.0,,,18,,87,,,,,2197,8.0,772,3.0,,,,,,,6.0,1.0,,14.0,,15.0,1.0,,,,56,9,,6,65,,,,3.0,,,8.0,10.0,,,,,86260,1446,73769,689,,,,,,,,25.0,,27.0,,,,5294,5.0,1821,24.0,,,,,,,,11.0,,,,,,,316,380,,,,2.0,,,119,134,,,,,,,772.0,41.0,803.0,47.0,,,,,,,109.0,,58.0,,,,,5.0,15.0,,,,1.0,5.0,,195.0,13.0,24.0,18.0,,,,,,,,103.0,4.0,34.0,,,,,,,,41.0,2.0,,,12.0,2.0,,,,,81,12.0,22,6.0,,,,691,,103,,,,,759,,699,,,,,148,,157,4.0,,,,6.0,,557,72,114,88.0,,,,52,,861,,153,,,,,92,,2729,,1511,,,,,7.0,,1059,14,844,10.0,,,,3.0,1.0,,,,,3.0,,,,1.0,,1.0,,88,65.0,,,,,,,,,11.0,2.0,,,,62,42.0,,2.0,,,,,,254,,400,,,,,,,,3.0,,702,7.0,413,13.0,,,,,,,,,,,,13.0,,,,,8.0,31,,,,,20,,14.0,,,,,95,,228,,,,,,,,,,3.0,,22.0,,,2.0,,613,5.0,257,,,,,,,,,,,,1.0,,4.0,,,,,1.0,,,16.0,,,,,,,,,6.0,17.0,,,,,,4830,359,,59,,,,,,,,,,,,7.0,,33.0,,681,,114,,,,,,,,,1.0,,4.0,,1.0,,,,,2.0,,,,,,,,19.0,18.0,,,,,,79.0,,,,,,,,,2.0,,1.0,,,,2.0,3.0,,,,2.0,,,35.0,,,,,,,,,5.0,,,,,,,,,,,,,45,64
_1_km_monthly_VI_Quality_2015121_aid0001,aid0001,2015-05-01 00:00:00+00:00,30755,25132,25305,16449,,,,2336741,15.0,48507,2.0,,,,801496,20.0,143541,49.0,,,,24098,13.0,30084,380.0,,,,11547,650,6932,530,,,,30172,1.0,2942,,,,,67478,19.0,17073,44.0,,,,30607,324,13016,315,,,,2039,1421,,43.0,23.0,,308.0,277.0,,218,728,,269,394,,19.0,1.0,,214.0,107.0,,885,689,,425,2341,267,1183,,,,237904,12.0,84839,42.0,,,,,,,,,,12203,38,5859,40,,,,199,143,,62,386,,,,,71,158,,622,948,191,302,,,,16205,3.0,8336,11.0,,,,6.0,,,,23,,76,,,,,1874,6.0,1079,1.0,,,,3.0,,,11.0,2.0,,8.0,,17.0,,,,,80,13,,10,84,,,,,,,9.0,40.0,,,,,54448,476,48085,263,,,,,,,,,,,,,,2449,1.0,1371,4.0,,,,,,,,,,,,,,,216,226,,,,2.0,,,45,35,,,,,,,427.0,,495.0,,,,,,,,41.0,,11.0,,,,,4.0,3.0,,,,2.0,3.0,,105.0,14.0,15.0,14.0,,,,,,,,100.0,1.0,14.0,,,,,,,,13.0,,,,4.0,,,,,,55,1.0,79,6.0,,,,421,,13,,,,,877,4.0,389,,,,,259,,282,8.0,,,,3.0,,447,64,270,101.0,,,,39,,723,,38,,,,,131,,5889,4.0,1888,6.0,,,,26.0,,4610,201,2770,229.0,,,,2.0,2.0,,,,,10.0,2.0,,10.0,21.0,,,1.0,36,49.0,,,,4.0,,,1.0,2.0,45.0,23.0,,,1.0,535,354.0,,3.0,,1.0,,,,265,,635,11.0,,,,,,,,,1028,2.0,706,11.0,,,,,,,,,,,,27.0,,,,,30.0,51,,,,,9,,4.0,,,,,71,,390,,,,,,,,,,3.0,,11.0,,,,,518,16.0,536,,,,,,,,2.0,,,,6.0,,9.0,,,,,,,,10.0,,,,,,,,2.0,6.0,15.0,,,,,,4905,33,,31,,,,,,,,,,,,2.0,,10.0,,36,,31,,,,,,,,,,,2.0,,,,,,,,1.0,,,,,,,6.0,12.0,,,,,,38.0,2.0,,,,,,,,3.0,,,,,,,,,,,,1.0,,9.0,,,,,,,2.0,,1.0,,,,,,,,,,,,,28,55
_1_km_monthly_VI_Quality_2015152_aid0001,aid0001,2015-06-01 00:00:00+00:00,24684,42187,20943,23636,,,,1374239,691.0,193643,2140.0,,,,901108,1021.0,142786,4187.0,,,,105424,1326.0,80960,3394.0,,,,13682,324,7500,404,,,,141956,388.0,19182,420.0,,,,240033,1540.0,34088,3483.0,,,,132329,5825,27793,7621,,,,4371,2779,,6278.0,3817.0,,14605.0,6611.0,,10707,9631,,114,199,,2680.0,428.0,,8749.0,3245.0,,14458,7951,,547,11261,340,3844,,,,167458,183.0,76473,514.0,,,,,,,,,,32451,139,11037,165,,,,927,502,,1130,1625,,,,,706,349,,706,2847,377,926,,,,12385,19.0,4590,25.0,,,,4.0,4.0,,,49,,53,,,,,4222,52.0,844,30.0,,,,,,,8.0,10.0,,28.0,,31.0,1.0,,,,360,220,,89,137,,,,,,,76.0,64.0,,1.0,,,33243,612,26267,396,,,,,,,,2.0,,,,,,2404,,1240,4.0,,,,,,,,,,,,,,,114,145,,,,,,,19,9,,,,,,,131.0,,150.0,,,,,,,,8.0,,1.0,,,,,,2.0,,,,1.0,,,,,,2.0,,,,,,,,,,,,,,,,,,,,,,,,,,,,75,1.0,49,21.0,,,,1464,11.0,538,54.0,,,,3105,49.0,1115,389.0,,,,2589,123.0,1316,330.0,,,,6.0,2.0,314,38,267,152.0,,,,143,,3642,43.0,972,72.0,,,,422,5.0,16665,507.0,4751,1128.0,,,,360.0,15.0,32708,3876,8934,6071.0,,,,,6.0,,117.0,66.0,,602.0,346.0,,622.0,563.0,,,,30,89.0,,1.0,45.0,695.0,119.0,,1.0,86.0,3477.0,1346.0,,2.0,81.0,7737,5491.0,,2.0,,12.0,,,,783,3.0,1184,30.0,,,,,,,,,3094,43.0,1706,142.0,,,,2.0,,,,,,,68.0,91.0,,,,1.0,296.0,180,,,,,35,1.0,49.0,1.0,,,,145,,282,11.0,,,,,,,,,3.0,,4.0,,,1.0,,1125,16.0,541,24.0,,,,,,,,2.0,3.0,,29.0,,17.0,6.0,,,5.0,,,4.0,33.0,,,,,,,,,73.0,83.0,,,,1.0,,5096,24,,21,,,,,,,,,,,,1.0,,9.0,,18,,18,,,,,,,,,,,2.0,,1.0,,,,,,1.0,,,,,,,,1.0,,,,,,5.0,,1.0,,,,,,,,,,,,,,,,,,,,,22.0,,,,,,,,,,,,,,,,,,,,,,34,58
_1_km_monthly_VI_Quality_2015182_aid0001,aid0001,2015-07-01 00:00:00+00:00,15026,76674,11109,21540,,,,777044,1995.0,180909,3221.0,,,,720174,2997.0,121659,3997.0,,,,81179,4481.0,31268,8904.0,,,,19611,109,11390,177,,,,147400,928.0,33894,1078.0,,,,459516,6448.0,65984,7295.0,,,,315793,24977,41682,22125,,,,14124,3824,,17012.0,16660.0,,49880.0,15577.0,,25883,14507,,86,77,,7349.0,3833.0,,37868.0,14451.0,,68459,21846,,293,32922,213,11858,,,,113543,377.0,52930,614.0,,,,,,,,,,40186,303,12274,328,,,,3105,1314,,2378,2076,,,,,1510,486,,706,5438,166,1860,,,,7738,28.0,3554,16.0,,,,3.0,1.0,,,47,,46,,,,,5049,96.0,939,18.0,,,,10.0,,,15.0,4.0,,37.0,,19.0,,,,,857,279,,208,93,,,,,,,232.0,114.0,,,,,8927,776,4074,534,,,,,,,,21.0,,12.0,,,,2340,5.0,923,2.0,,,,,,,,14.0,,4.0,,,,,72,46,,,1.0,,,,39,16,,,,,,,3.0,1.0,6.0,,,,,,,,6.0,,2.0,,,,,,,,,,,,,,,,,,,,,,,,,,,,,,,,,,,,,,,,,,,,138,19.0,76,27.0,,,,3158,22.0,491,34.0,,,,8915,148.0,1389,231.0,,,,4692,444.0,1701,802.0,,,,36.0,1.0,692,123,562,129.0,,,,388,1.0,9418,139.0,1193,136.0,,,,1261,24.0,52925,1835.0,8298,2503.0,,,,681.0,59.0,81860,15724,16245,24101.0,,,,2.0,31.0,,447.0,194.0,,2001.0,502.0,,1969.0,1135.0,,,1.0,58,76.0,,,63.0,1581.0,417.0,,5.0,284.0,10054.0,3546.0,,7.0,302.0,33672,16294.0,,3.0,,10.0,,,,1368,38.0,904,52.0,,,,,,,1.0,,5505,148.0,2105,272.0,,,,4.0,,3.0,,,,,217.0,110.0,,,,,635.0,300,,,,1.0,17,1.0,13.0,,,,,179,7.0,191,,,,,,,,,,3.0,,5.0,,,1.0,1.0,1551,77.0,444,31.0,,,,,,,,,,,29.0,,3.0,10.0,,,,,,31.0,12.0,,,,,,,,,140.0,103.0,,,1.0,1.0,,5062,53,,18,,,,,,,,,,,,3.0,,12.0,,83,,24,,,,,,,,,,,7.0,,4.0,,,,,,,,,,,,,1.0,,,,,,,3.0,,,,,,,,,,,,,,,,,,,,,,,21.0,,,,,,,,,,,,,,,,,,,,,,139,58
_1_km_monthly_VI_Quality_2015213_aid0001,aid0001,2015-08-01 00:00:00+00:00,9463,33875,9491,11167,,,,1163869,2020.0,157124,1200.0,,,,822355,1103.0,199609,1494.0,,,,94210,1028.0,62581,2422.0,,,,9434,43,6104,89,,,,115456,323.0,16978,212.0,,,,445406,1412.0,75066,1412.0,,,,252580,3756,62511,6475,,,,2806,1563,,2517.0,3343.0,,5138.0,9854.0,,7619,12010,,42,59,,1259.0,256.0,,5472.0,4421.0,,14688,13360,,245,13113,186,6899,,,,144226,345.0,83913,592.0,,,,,,,,,,34449,112,15051,168,,,,1044,538,,1014,1540,,,,,401,329,,531,3405,336,1444,,,,9576,19.0,6361,12.0,,,,28.0,5.0,,,33,,28,,,,,3541,22.0,1105,14.0,,,,5.0,,,15.0,4.0,,10.0,,5.0,,,,,324,221,,130,167,,,,,,,91.0,28.0,,,,,6205,369,6657,262,,,,,,,,41.0,,8.0,,,,1276,,1404,3.0,,,,,,,,20.0,,6.0,,,,,33,39,,,,,,,16,24,,,,,,,,1.0,11.0,,,,,,,,1.0,,,,,,,,,,,,,,,,,,1.0,,,,,,,,,,,,,,,,,,,,,,,,,,,,41,3.0,21,3.0,,,,3887,18.0,440,7.0,,,,6938,101.0,1885,45.0,,,,3300,159.0,1997,282.0,,,,3.0,,334,22,165,47.0,,,,487,1.0,7868,54.0,435,24.0,,,,1089,16.0,40998,381.0,5975,432.0,,,,339.0,7.0,39041,3263,16395,6677.0,,,,,1.0,,76.0,37.0,,275.0,223.0,,489.0,830.0,,,,25,40.0,,,14.0,259.0,28.0,,,52.0,2033.0,960.0,,2.0,84.0,8347,8505.0,,3.0,,11.0,,,,1696,19.0,1544,26.0,,,,,,,1.0,,4431,53.0,2396,174.0,,,,7.0,,,,,1.0,,94.0,109.0,,,,,187.0,210,,,,1.0,30,,14.0,,,,,257,2.0,338,3.0,,,,,,,,,6.0,,1.0,,,,,1100,24.0,506,17.0,,,,,,,,,,,19.0,,31.0,,,,,,,30.0,27.0,,,,,,,,,46.0,54.0,,,1.0,2.0,,4926,34,,2,,,,,,,1.0,,,,,1.0,,3.0,,38,,9,,,,,,,,,,,30.0,,6.0,,,,,,,,,,,,,,,,,,,,367.0,,,,,,,,,,,,,,,,,,,,,,,23.0,,,,,,,,,,,,,,,,,,,,,,299,58
_1_km_monthly_VI_Quality_2015244_aid0001,aid0001,2015-09-01 00:00:00+00:00,10060,6422,11557,3680,,,,2180733,293.0,156543,135.0,,,,875637,23.0,181296,21.0,,,,48165,2.0,43959,42.0,,,,7820,42,7857,106,,,,61036,11.0,8599,4.0,,,,97062,11.0,25844,14.0,,,,25065,30,8687,58,,,,356,248,,537.0,297.0,,80.0,98.0,,54,273,,78,112,,11.0,4.0,,59.0,35.0,,131,151,,155,2442,242,1243,,,,227163,57.0,82770,173.0,,,,,,,,,,13178,10,5616,24,,,,221,153,,67,378,,,,,36,106,,822,805,202,297,,,,15582,2.0,7251,6.0,,,,48.0,1.0,,,62,,76,,,,,2078,1.0,700,1.0,,,,17.0,,,19.0,,,23.0,,1.0,,,,,112,43,,6,129,,,,,,,7.0,14.0,,,,,7299,525,7783,463,,,,,,,,20.0,,36.0,,,,1994,,1978,5.0,,,,,,,,27.0,,11.0,,,,,30,68,,,,,,,20,38,,,,,,,7.0,,1.0,,,,,,,,1.0,,,,,,,,,,,,,,,,2.0,,2.0,,,,,,,,,,2.0,,,,,,,,,,,,,,,,,,118,2.0,51,,,,,3628,1.0,232,,,,,1274,,599,1.0,,,,303,1.0,193,,,,,8.0,,308,1,115,8.0,,,,318,,5822,,199,,,,,151,,6793,8.0,1821,1.0,,,,12.0,,2095,41,994,49.0,,,,2.0,,,,,,4.0,3.0,,6.0,16.0,,,,11,8.0,,,,6.0,,,,,40.0,22.0,,,,75,82.0,,3.0,,4.0,1.0,,,766,3.0,584,3.0,,,,,,,2.0,,1709,7.0,867,36.0,,,,,,,,,,,7.0,38.0,,,,,27.0,73,,,,,78,,3.0,,,,,237,,273,2.0,,,,,,,,,9.0,,2.0,,,4.0,,893,1.0,353,2.0,,,,,,,,,,,13.0,,13.0,,,,,,,6.0,16.0,,,,,,,,,5.0,22.0,,,,1.0,,4990,74,,35,,,,,,,1.0,,,,,3.0,,11.0,,127,,54,,,,,,,,,,,24.0,,27.0,,,,,,3.0,,,,,,,5.0,,,,,1.0,,3432.0,,,,,,,,,2.0,,,,,,,,,,,,,,271.0,,,,,,,,,,,,,,,,,,,,,,817,58
_1_km_monthly_VI_Quality_2015274_aid0001,aid0001,2015-10-01 00:00:00+00:00,22207,5516,17786,2972,,,,2114030,116.0,49127,33.0,,,,1265253,36.0,51810,20.0,,,,20673,4.0,13370,5.0,,,,8403,116,5230,93,,,,44210,25.0,3960,4.0,,,,44327,92.0,8178,8.0,,,,6256,92,3642,66,,,,390,309,,474.0,199.0,,96.0,80.0,,7,74,,97,32,,63.0,8.0,,234.0,36.0,,127,129,,236,1808,92,882,,,,284755,54.0,74026,47.0,,,,,,,,,,11297,17,2626,14,,,,142,142,,67,281,,,,,31,53,,361,1087,27,254,,,,20388,1.0,4832,2.0,,,,13.0,8.0,,,86,,82,,,,,1688,,546,4.0,,,,38.0,,,10.0,,,22.0,,8.0,,,,,35,55,,9,57,,,,,,,2.0,13.0,,,1.0,,26842,1166,27027,854,,,,,,,,41.0,,46.0,,,,2952,1.0,3151,12.0,,,,,2.0,,,28.0,,16.0,,,,1.0,211,363,,,,2.0,,,56,45,,,,1.0,,,150.0,2.0,125.0,,,,,,,,5.0,,8.0,,,,,,,,,,,,,,2.0,,1.0,,,,,,,,2.0,,,,,,,,,,,,,,,,,,,,126,1.0,61,1.0,,,,1485,,184,,,,,344,9.0,162,,,,,142,,101,,,,,1.0,1.0,286,10,79,5.0,,,,99,,2405,1.0,232,,,,,41,,2928,39.0,371,7.0,,,,2.0,,774,59,314,56.0,,,,2.0,,,7.0,,,11.0,6.0,,1.0,5.0,,,,1,2.0,,,1.0,27.0,,,,2.0,135.0,3.0,,,,71,56.0,,1.0,,3.0,,,,549,,504,3.0,,,,,,,1.0,,1239,6.0,510,14.0,,,,2.0,,,,,,,,12.0,,,,,17.0,45,,,,,13,,9.0,1.0,,,,110,,189,1.0,,,,,,,,,5.0,,10.0,,,2.0,,691,,355,,,,,,,,3.0,,,,17.0,,18.0,,,,,,,,4.0,,,,,,,,,2.0,11.0,,,1.0,1.0,,5795,269,,259,,,,,,,1.0,,,,,6.0,,21.0,,382,,197,,,,,,,,,,,73.0,,12.0,,,,,1.0,1.0,,,,,,,4.0,,,,,1.0,,4281.0,,,,,,,,,,,,,,,,,,,,,,,394.0,,,,,,,,,,,,,,,,,,,,,,1284,59
_1_km_monthly_VI_Quality_2015305_aid0001,aid0001,2015-11-01 00:00:00+00:00,11285,13063,5589,8840,301.0,614.0,,1441742,17.0,90642,23.0,31.0,,,1647228,34.0,154446,134.0,67.0,,,78302,21.0,13231,65.0,124.0,19.0,,7456,1749,3393,1750,99.0,118.0,,37072,12.0,3962,5.0,51.0,2.0,,55107,70.0,8595,160.0,87.0,2.0,,17716,236,6170,470,26.0,2.0,,1538,1059,108.0,96.0,85.0,,193.0,229.0,2.0,251,373,26.0,369,199,23.0,33.0,5.0,,235.0,103.0,5.0,576,426,4.0,80,4900,162,2855,,3.0,,264041,16.0,69938,119.0,4.0,,,,,,,,,12428,18,4852,90,,,,397,265,,104,515,,,,,51,182,,94,2270,23,513,,1.0,,19466,2.0,4375,8.0,,,,27.0,2.0,,,120,1.0,125,,,,,1773,7.0,568,13.0,,,,26.0,,,17.0,2.0,,12.0,,30.0,,,,,126,44,,10,69,,,,1.0,4.0,,5.0,34.0,,1.0,1.0,,39044,7282,45537,3468,4737.0,256.0,,,,,,93.0,,84.0,,8.0,,11662,7.0,8815,20.0,1232.0,5.0,,,,,,155.0,3.0,52.0,,8.0,,1.0,913,663,178.0,,1.0,,,,247,102,20.0,,,,1.0,,259.0,81.0,621.0,56.0,52.0,,,,,,106.0,,213.0,,15.0,,,2.0,4.0,,,,1.0,1.0,,3.0,11.0,,6.0,,,,,,,,,,,,,,,,,,8.0,1.0,,,,,,,,,740,175.0,152,125.0,33.0,10.0,,2107,,502,1.0,,,,1491,4.0,407,3.0,,,,499,3.0,289,6.0,4.0,,,27.0,14.0,1091,383,196,163.0,6.0,4.0,,145,,3344,6.0,297,,,,,132,,7913,55.0,816,38.0,5.0,,,17.0,,3718,187,775,305.0,2.0,,,45.0,13.0,1.0,20.0,6.0,,30.0,16.0,,18.0,16.0,,,5.0,51,13.0,,,1.0,14.0,,,,3.0,176.0,42.0,,,4.0,442,162.0,,9.0,,15.0,,,,860,3.0,665,4.0,,,,,,,,,2293,5.0,636,27.0,,,,7.0,,,,,,,5.0,20.0,,,,,52.0,53,,,,,16,,3.0,5.0,,,,104,,152,3.0,,,,1.0,,,,,22.0,,13.0,,,1.0,,825,4.0,279,2.0,,,,,,,3.0,,,,55.0,1.0,31.0,,,,2.0,,,1.0,7.0,,,,,,,,,6.0,18.0,,,3.0,,,5673,2361,,1091,,133.0,,,,,11.0,,2.0,,,17.0,,122.0,,3567,,1066,,159.0,,,,,,,,,167.0,1.0,48.0,,3.0,,,52.0,14.0,5.0,,,,2.0,3.0,59.0,14.0,2.0,,3.0,2.0,,4791.0,6.0,6.0,,,,,,2.0,27.0,,18.0,,2.0,,,,,,,,,,349.0,,,,,,,1.0,,,,,,,,,,,,,,,1196,61
_1_km_monthly_VI_Quality_2015335_aid0001,aid0001,2015-12-01 00:00:00+00:00,7803,10166,3743,11371,859.0,4693.0,,2384388,2.0,46801,1.0,325.0,,,748054,9.0,59644,5.0,354.0,,,236185,114.0,17095,183.0,338.0,69.0,,5690,724,2814,2063,319.0,1028.0,,27481,5.0,4024,7.0,242.0,7.0,,36832,23.0,12573,18.0,337.0,11.0,,15019,77,8045,177,189.0,36.0,,1143,813,333.0,80.0,29.0,4.0,627.0,149.0,12.0,1987,565,41.0,277,290,69.0,15.0,18.0,8.0,136.0,99.0,15.0,279,292,26.0,114,1993,104,1048,,35.0,,260202,44.0,41201,235.0,136.0,3.0,,2.0,,,,,,11122,18,4166,60,14.0,1.0,,141,192,3.0,663,1344,2.0,1.0,,,110,193,8.0,225,1735,43,513,2.0,10.0,,19550,9.0,3147,48.0,41.0,,,20.0,11.0,,,177,,103,3.0,4.0,,,2132,13.0,509,14.0,6.0,4.0,,23.0,,,22.0,2.0,1.0,19.0,,21.0,6.0,,,,112,70,4.0,111,234,,,,,1.0,,47.0,62.0,1.0,,1.0,,23420,4032,46258,5745,21954.0,1245.0,,,,,,193.0,,308.0,,35.0,,7569,6.0,9386,11.0,4756.0,12.0,,,,,,185.0,3.0,163.0,,50.0,,3.0,632,834,653.0,,1.0,11.0,,,150,119,81.0,,,,1.0,2.0,169.0,68.0,466.0,59.0,168.0,19.0,,2.0,4.0,,104.0,,148.0,,95.0,1.0,,2.0,5.0,,,,,2.0,,22.0,11.0,6.0,10.0,,2.0,,,,,,8.0,,19.0,,,,,1.0,,,5.0,5.0,,,,,,,,,571,62.0,268,292.0,59.0,130.0,,2175,,255,,3.0,,,972,1.0,425,5.0,4.0,,,583,2.0,602,15.0,38.0,,,18.0,9.0,912,135,408,372.0,63.0,165.0,,91,,3583,,325,2.0,8.0,,,29,,4288,12.0,975,2.0,28.0,2.0,,7.0,,1923,45,1277,83.0,54.0,5.0,,33.0,31.0,9.0,7.0,,,14.0,6.0,,23.0,53.0,,,1.0,53,46.0,6.0,,,8.0,4.0,,,,91.0,43.0,,,1.0,128,143.0,9.0,7.0,,1.0,1.0,,2.0,599,3.0,396,26.0,,,,,,,,,1449,16.0,318,21.0,,,,1.0,,1.0,,,1.0,,15.0,61.0,,,,,41.0,83,,,,,7,,10.0,1.0,,,,157,,66,10.0,,,,2.0,,,,,20.0,,18.0,,,,,1017,4.0,131,6.0,,,,,,,3.0,,,,51.0,12.0,22.0,5.0,,,2.0,3.0,,6.0,12.0,,,,,,,,,16.0,34.0,,,4.0,3.0,,4935,1024,2.0,2047,,883.0,,,,,33.0,,24.0,,10.0,5.0,1.0,50.0,,2110,,3149,1.0,1013.0,,,,,,,,,160.0,1.0,208.0,,51.0,,,13.0,39.0,21.0,,,,,3.0,40.0,26.0,5.0,,3.0,5.0,,4762.0,3.0,6.0,,2.0,,,,,19.0,,30.0,,14.0,,,2.0,,,,,,2.0,328.0,,,,,,,1.0,,,,,,,,,,,,,,,983,56
_1_km_monthly_VI_Quality_2016001_aid0001,aid0001,2016-01-01 00:00:00+00:00,5553,15555,5597,18078,1650.0,9623.0,,1978795,18.0,60805,26.0,4019.0,20.0,,1086126,62.0,54434,62.0,2971.0,8.0,,223030,8470.0,24647,2285.0,413.0,83.0,,2275,2302,2847,3647,448.0,1608.0,,13079,27.0,3147,18.0,616.0,41.0,,14657,32.0,5687,30.0,643.0,34.0,,7396,628,4182,300,142.0,45.0,,1738,2364,1205.0,475.0,71.0,7.0,3367.0,1974.0,15.0,22162,5100,51.0,289,449,121.0,117.0,26.0,31.0,191.0,101.0,49.0,630,307,16.0,175,1924,55,1063,7.0,59.0,,281507,1136.0,39055,1660.0,323.0,2.0,,99.0,,,,,,6709,96,1653,148,13.0,4.0,,167,136,6.0,3629,2377,,,,,204,234,1.0,291,1522,83,484,,21.0,,20416,45.0,2631,120.0,79.0,,,6.0,2.0,,,166,,38,,,,,1737,86.0,420,67.0,7.0,5.0,,,,,,,,11.0,,6.0,,,,,105,103,3.0,335,318,,,,10.0,1.0,,99.0,40.0,2.0,,,,41315,5429,42106,7884,25571.0,1182.0,,,,,,294.0,3.0,314.0,,23.0,,9471,8.0,11029,9.0,4711.0,13.0,,,,,,183.0,,155.0,,28.0,,1.0,1026,1102,869.0,,1.0,7.0,1.0,,160,205,72.0,,,,2.0,,461.0,85.0,821.0,96.0,297.0,11.0,,,1.0,,92.0,,124.0,,107.0,2.0,,5.0,4.0,8.0,,,1.0,1.0,1.0,1.0,24.0,5.0,2.0,,2.0,,,,,,17.0,,12.0,,,1.0,,,,,3.0,3.0,,,,1.0,,,,,344,380.0,401,431.0,41.0,216.0,,1379,,316,,8.0,,,1137,2.0,432,3.0,6.0,,,1122,42.0,892,17.0,14.0,1.0,,,24.0,609,528,620,615.0,46.0,183.0,,26,,1320,5.0,298,1.0,27.0,1.0,,34,,2900,8.0,1007,3.0,30.0,,,22.0,10.0,2292,77,1280,71.0,17.0,1.0,,75.0,84.0,20.0,4.0,1.0,,5.0,9.0,,77.0,81.0,1.0,,7.0,83,88.0,11.0,,,33.0,5.0,,,,61.0,27.0,1.0,1.0,1.0,207,161.0,4.0,3.0,3.0,,,,,936,23.0,414,155.0,,,,,,,,,1417,17.0,382,55.0,1.0,,,,,,,,,,75.0,201.0,1.0,,,,59.0,81,,,,,11,,23.0,1.0,,,,170,10.0,104,24.0,,,,,,,,,15.0,,4.0,,,1.0,,814,10.0,149,16.0,,,,,,,,,,,28.0,,3.0,,,,,16.0,,24.0,22.0,,,,,,,,1.0,49.0,36.0,,,,,,5797,2400,1.0,2407,,952.0,1.0,,,,24.0,,25.0,,2.0,3.0,,95.0,2.0,3719,3.0,3383,2.0,1021.0,,,,,,,1.0,1.0,163.0,,126.0,,11.0,,,54.0,69.0,19.0,2.0,,,,3.0,30.0,36.0,14.0,,5.0,2.0,,5651.0,12.0,16.0,,6.0,,,,1.0,34.0,,12.0,,16.0,,,2.0,,,,,2.0,,380.0,,,,,,,1.0,,1.0,,,,1.0,,,,,1.0,,,,1109,69
_1_km_monthly_VI_Quality_2016032_aid0001,aid0001,2016-02-01 00:00:00+00:00,11112,16458,11085,19731,161.0,2259.0,,1995857,6.0,24981,,19.0,12.0,,1205908,5.0,67966,3.0,39.0,5.0,,144344,167.0,28636,167.0,71.0,16.0,,3376,2527,3895,2910,49.0,459.0,,15793,11.0,2317,7.0,24.0,9.0,,21083,9.0,6256,5.0,41.0,5.0,,11573,103,7593,69,12.0,9.0,,2275,2852,146.0,38.0,8.0,10.0,100.0,58.0,7.0,722,464,12.0,597,516,17.0,60.0,8.0,4.0,123.0,39.0,16.0,317,193,5.0,163,1560,93,1068,,14.0,,294201,16.0,47144,265.0,3.0,,,6.0,,,,,,6798,18,2047,99,,,,120,139,1.0,103,509,,,,,52,164,,267,1025,54,747,,18.0,,21486,4.0,3108,196.0,3.0,,,,,,,223,,90,,,,,1759,15.0,471,56.0,,4.0,,,,,,,,22.0,,16.0,,,,,49,91,3.0,48,284,,,,7.0,2.0,,33.0,43.0,,1.0,,,54652,4809,54453,4512,5772.0,228.0,,,,,,378.0,3.0,504.0,,12.0,,10565,8.0,9839,18.0,1054.0,5.0,,,,,,186.0,,121.0,,1.0,,4.0,1283,1417,245.0,,1.0,10.0,,,309,178,27.0,,,1.0,2.0,,565.0,41.0,753.0,149.0,32.0,,,,,,150.0,,207.0,,8.0,1.0,,26.0,13.0,,,,13.0,3.0,,96.0,29.0,4.0,33.0,1.0,,,,,,,84.0,1.0,20.0,,1.0,,,,,,10.0,6.0,2.0,,2.0,,,,,,346,289.0,187,177.0,8.0,60.0,,1178,,88,,,,,579,3.0,439,3.0,,,,523,7.0,707,12.0,3.0,1.0,,6.0,24.0,651,608,397,312.0,10.0,46.0,,70,,1474,1.0,118,,6.0,,,30,,2753,,774,,10.0,,,10.0,,1813,49,1287,47.0,,1.0,,71.0,37.0,6.0,1.0,,,3.0,5.0,,29.0,47.0,,,4.0,189,72.0,,,,22.0,,,,,44.0,12.0,1.0,,1.0,162,80.0,4.0,5.0,1.0,3.0,2.0,,,367,,313,30.0,,,,,,,,,732,11.0,334,12.0,,,,1.0,,,,,,,7.0,20.0,,,,,16.0,27,,,,,10,,7.0,,,,,114,,76,14.0,,,,,,,,,33.0,,9.0,,,,,580,3.0,125,15.0,,,,,,,,,,,40.0,,23.0,,,,,3.0,,2.0,19.0,,,,,,,,,10.0,15.0,,,,1.0,,3842,2120,1.0,1048,,181.0,6.0,,,,20.0,,31.0,,2.0,5.0,,78.0,5.0,3105,2.0,1519,1.0,186.0,,,,,,,,1.0,153.0,2.0,107.0,,,,,48.0,28.0,3.0,,1.0,,,1.0,86.0,24.0,1.0,,,,,459.0,12.0,2.0,,6.0,,,,1.0,32.0,,2.0,,,,,,,,,1.0,,,138.0,,,,,,,,1.0,,3.0,,,,,,,,1.0,,,,544,65
_1_km_monthly_VI_Quality_2016061_aid0001,aid0001,2016-03-01 00:00:00+00:00,23492,15081,17680,18389,,,,2540576,,69774,,,,,752988,,59840,,,,,44492,58.0,14369,45.0,,,,6226,1573,5679,1384,,,,17811,,3012,,,,,23316,6.0,5801,,,,,12551,70,4533,33,,,,3030,4002,,,3.0,,8.0,10.0,,271,155,,640,539,,7.0,1.0,,16.0,4.0,,164,70,,281,1202,169,752,,,,281255,2.0,44531,45.0,,,,,,,,,,6009,12,2292,35,,,,80,131,,23,326,,,,,7,91,,396,834,188,396,,,,22066,1.0,4216,58.0,,,,,,,,156,,62,,,,,1381,9.0,521,19.0,,,,,,,3.0,,,20.0,,17.0,,,,,23,39,,14,265,,,,,2.0,,30.0,14.0,,3.0,,,63927,2994,60175,3010,,,,,,,,182.0,,173.0,,,,8598,4.0,5822,7.0,,,,,,,,100.0,,39.0,,,,3.0,1584,1724,,,3.0,9.0,,,258,154,,,,1.0,,,845.0,34.0,908.0,114.0,,,,,,,95.0,,74.0,,,,,6.0,11.0,,,,,4.0,,133.0,30.0,9.0,43.0,,,,,,,,155.0,5.0,3.0,,,,,,,,18.0,1.0,,,16.0,,,,,,296,57.0,129,54.0,,,,339,,79,,,,,353,,304,,,,,286,6.0,236,8.0,,,,8.0,6.0,549,192,285,80.0,,,,17,,406,,42,,,,,30,,1651,,492,,,,,3.0,,1537,16,890,7.0,,,,54.0,25.0,,,,,,1.0,,14.0,1.0,,1.0,3.0,86,31.0,,,,3.0,,,,,6.0,1.0,,,,80,23.0,,1.0,,1.0,,,,311,,274,3.0,,,,,,,,,556,2.0,316,5.0,,,,,,,,,,,3.0,11.0,,,,,9.0,16,,,,,25,,7.0,,,,,114,,120,8.0,,,,,,,,,28.0,,21.0,,,3.0,,485,2.0,194,4.0,,,,,,,,,,,19.0,2.0,24.0,,,,,3.0,,1.0,14.0,,,,,,,,,7.0,4.0,,,2.0,,,4968,992,2.0,238,,,,,,,6.0,,13.0,,,12.0,,101.0,,1559,2.0,430,,,,,,,,,,,75.0,1.0,43.0,1.0,,,,32.0,16.0,,,1.0,,,2.0,40.0,12.0,,,1.0,,,154.0,9.0,1.0,,,,,,,20.0,,2.0,,,,,,,,,,,,119.0,2.0,,,,,,,4.0,,,,,,,,,,2.0,,,,260,60
_1_km_monthly_VI_Quality_2016092_aid0001,aid0001,2016-04-01 00:00:00+00:00,22065,10549,20622,8990,,,,2810954,5.0,63150,2.0,,,,510041,,50707,2.0,,,,37243,7.0,32641,2.0,,,,6261,595,5233,610,,,,16404,2.0,3941,,,,,27370,1.0,9781,,,,,21080,10,8868,66,,,,583,759,,1.0,,,3.0,2.0,,565,149,,270,276,,,,,1.0,1.0,,134,119,,263,1411,260,587,,,,261423,6.0,35400,9.0,,,,,,,,,,9051,20,3232,11,,,,54,74,,37,261,,,,,11,24,,768,666,228,203,,,1.0,21174,2.0,5044,2.0,,,,12.0,16.0,,,17,,99,,,,,1766,9.0,721,2.0,,,,5.0,,,16.0,3.0,,13.0,,5.0,,,,,31,51,,5,217,,,,,,,12.0,5.0,,,,,71634,2031,66273,1663,,,,,,,,14.0,,7.0,,,,6262,5.0,3790,6.0,,,,,,,,2.0,,10.0,,,,1.0,323,329,,,,,,,198,78,,,,,,,545.0,28.0,996.0,90.0,,,,,,,55.0,,116.0,,,,,8.0,,,,,8.0,,,96.0,46.0,14.0,10.0,,,,,,,,125.0,3.0,5.0,,,,,,,,19.0,3.0,,,15.0,1.0,,,,,72,29.0,52,14.0,,,,206,,363,,,,,247,,486,,,,,147,,231,,,,,6.0,5.0,433,127,232,76.0,,,,12,,260,,477,,,,,13,,962,,1510,,,,,9.0,,1234,16,1155,43.0,,,,5.0,5.0,,,,,,,,4.0,3.0,,1.0,,41,55.0,,,,,,,,,,,,,1.0,99,62.0,,1.0,1.0,,,,,219,,402,,,,,,,,,,480,6.0,397,3.0,,,,,,,,,,,,15.0,,,,,6.0,9,,,,,23,,18.0,,,,,79,,216,,,,,,,,,,4.0,,27.0,,,,,460,6.0,195,2.0,,,,,,,,,,,,,12.0,,,,,3.0,,,4.0,,,,,,,,,8.0,,,,2.0,,,4860,471,,81,,,,,,,,,,,,7.0,,62.0,,949,1.0,344,,,,,,,,,,,1.0,,,,,,,7.0,1.0,,,,,,1.0,20.0,9.0,,,,,,953.0,10.0,,,,,,,,18.0,,7.0,,,,,,,,,1.0,,,43.0,1.0,,,,,,3.0,,,,,,,,,,,,,,,108,57
_1_km_monthly_VI_Quality_2016122_aid0001,aid0001,2016-05-01 00:00:00+00:00,26724,12294,23852,6570,,,,2652483,6.0,56013,5.0,,,,632032,3.0,109464,4.0,,,,20657,4.0,30948,65.0,,,,11454,152,6716,57,,,,39010,3.0,3066,3.0,,,,60650,12.0,12981,5.0,,,,15818,67,7878,152,,,,492,639,,51.0,7.0,,152.0,101.0,,221,481,,101,54,,43.0,,,88.0,25.0,,267,302,,374,2229,206,820,,,,246204,16.0,52603,36.0,,,,,,,,,,13087,43,4379,29,,,,175,101,,49,480,,,,,46,82,,965,744,204,171,,,,19564,2.0,5354,10.0,,,,4.0,2.0,,,9,,68,,,,,2895,10.0,1000,,,,,3.0,,,22.0,3.0,,10.0,,6.0,,,,,34,8,,8,42,,,,,,,10.0,8.0,,,,,33458,437,43052,452,,,,,,,,2.0,,,,,,1416,2.0,1357,1.0,,,,,,,,,,4.0,,,,,124,104,,,,,,,28,34,,,,,,,302.0,9.0,458.0,14.0,,,,,,,27.0,,15.0,,,,,10.0,,,,,1.0,,,48.0,10.0,6.0,,,,,,,,,64.0,,9.0,,,,,,,,9.0,2.0,,,2.0,,,,,,55,2.0,63,,,,,325,,124,,,,,434,,515,,,,,124,,329,8.0,,,,9.0,2.0,332,8,197,7.0,,,,28,,694,,181,,,,,53,,2622,8.0,2254,1.0,,,,7.0,,1646,74,2111,106.0,,,,,,,1.0,,,3.0,2.0,,,12.0,,,,7,18.0,,,,,,,,,29.0,5.0,,,,161,189.0,,5.0,,,,,,282,1.0,557,6.0,,,,,,,1.0,,778,3.0,626,14.0,,,,1.0,,,,,,,3.0,17.0,,,,,19.0,43,,,,,17,,43.0,,,,,65,,314,,,,,,,,,,4.0,,14.0,,,6.0,,368,4.0,321,1.0,,,,,,,,,,,4.0,,19.0,,,,,1.0,,,8.0,,,,,,,,,7.0,19.0,,,,,,4919,13,,13,,,,,,,,,,,,1.0,,,,32,,32,,,,,,,,,,,1.0,,,,,,,1.0,4.0,,,,,,,3.0,3.0,,,,,,213.0,,,,,,,,,3.0,,,,,,,,,,,,,,29.0,,,,,,,1.0,,,,,,,,,,,,,,,16,63
_1_km_monthly_VI_Quality_2016153_aid0001,aid0001,2016-06-01 00:00:00+00:00,16715,50788,16853,23315,,,,1497344,3775.0,113361,4963.0,,,,1046142,3133.0,177155,6356.0,,,,35675,873.0,26444,1560.0,,,,14653,179,11597,171,,,,91148,1209.0,9339,1510.0,,,,228673,4334.0,44330,6840.0,,,,77372,7991,22175,9335,,,,4933,2731,,6010.0,9950.0,,10848.0,13022.0,,3600,5110,,106,101,,4688.0,3169.0,,14519.0,9658.0,,15152,8933,,467,15067,251,7468,,,,177938,630.0,44027,553.0,,,,,,,,,,29551,250,9124,277,,,,1306,974,,900,2017,,,,,465,698,,468,3332,182,1171,,,,13286,20.0,2856,12.0,,,,16.0,7.0,,,27,,63,,,,,5058,41.0,1205,34.0,,,,,1.0,,17.0,5.0,,16.0,,11.0,2.0,,,,371,182,,65,123,,,,,,,79.0,111.0,,,,,11297,326,12832,513,,,,,,,,21.0,,3.0,,,,1055,1.0,1708,,,,,,,,,5.0,,2.0,,,,,32,32,,,,,,,10,21,,,,,,,24.0,2.0,36.0,,,,,,,,,,1.0,,,,,,,,,,,,,,,,,,,,,,,,6.0,,,,,,,,,,,1.0,,,,,,,,,83,,63,,,,,1657,45.0,526,111.0,,,,4313,172.0,1872,283.0,,,,1427,159.0,1406,249.0,,,,4.0,,385,21,424,185.0,,,,140,6.0,4501,238.0,504,257.0,,,,572,13.0,29001,2030.0,7382,3244.0,,,,154.0,14.0,25663,7953,11211,13598.0,,,,1.0,6.0,,282.0,253.0,,551.0,638.0,,390.0,464.0,,,,24,103.0,,2.0,52.0,1112.0,472.0,,2.0,71.0,5523.0,3543.0,,8.0,61.0,11500,8999.0,,9.0,,3.0,3.0,,,972,7.0,1048,42.0,,,,,,,2.0,,3641,62.0,2118,139.0,,,,6.0,,1.0,,,3.0,,39.0,148.0,,,,,260.0,359,,,,,24,,49.0,,,,,170,,297,5.0,,,,,,,,,2.0,,24.0,,,,,1182,34.0,683,26.0,,,,,,,,,,,13.0,,48.0,,,,,4.0,,9.0,36.0,,,,,,,,,83.0,134.0,,,,5.0,,4988,12,,24,,,,,,,,,,,,,,9.0,,47,,37,,,,,,,,,,,4.0,,1.0,,,,,,,,,,,,,,5.0,,,,,,11.0,,,,,,,,,,,1.0,,,,,,,,,,,,18.0,,,,,,,,,,,,,,,,,,,,,,88,58
_1_km_monthly_VI_Quality_2016183_aid0001,aid0001,2016-07-01 00:00:00+00:00,7795,324531,8993,137431,,,,691880,4154.0,98880,20346.0,,,,270164,8287.0,83657,19368.0,,,,30766,3611.0,9897,3541.0,,,,11676,507,10863,1487,,,,136589,4297.0,17419,12319.0,,,,277065,27709.0,55459,32306.0,,,,131371,58868,37349,39866,,,,58872,17693,,41110.0,37936.0,,46572.0,42325.0,,11281,6833,,324,801,,31477.0,15152.0,,116153.0,38552.0,,124743,34811,,167,74185,505,47682,,,,61170,684.0,28553,1446.0,,,,,,,,,,25418,662,14879,966,,,,9459,4831,,2443,3395,,,,,1912,1897,,881,9351,445,4225,,,,3921,25.0,1606,29.0,,,,17.0,3.0,,,45,,43,,,,,2443,114.0,970,66.0,,,,,1.0,,18.0,5.0,,22.0,6.0,20.0,3.0,,,,1671,765,,155,203,,,,,,,234.0,193.0,,,,,3624,373,5166,544,,,,,,,,28.0,,6.0,,,,1438,,1768,,,,,,,,,13.0,,,,,,,33,30,,,2.0,,,,15,14,,,,,,,,1.0,,,,,,,,,,,,,,,,,,,,,,2.0,,,,,,,,,,,,,,,,,,,,,,,,,,,,,,,,,62,5.0,30,40.0,,,,7457,181.0,1614,550.0,,,,7904,828.0,2449,986.0,,,,2418,790.0,1241,845.0,,,,7.0,2.0,612,380,702,896.0,,,,873,26.0,22620,1152.0,2284,1868.0,,,,1192,138.0,85726,12712.0,13852,11943.0,,,,336.0,143.0,74049,63215,27818,70600.0,,,,11.0,38.0,,1215.0,984.0,,3338.0,1843.0,,1616.0,1202.0,,,1.0,189,422.0,,4.0,231.0,7183.0,2214.0,,23.0,620.0,45694.0,12649.0,,19.0,364.0,92641,45385.0,,8.0,,16.0,,,,1037,19.0,1149,80.0,,,,,,,4.0,,6418,355.0,4697,704.0,,,,16.0,,7.0,1.0,1.0,6.0,,141.0,269.0,,,,,962.0,1042,,,,4.0,22,,58.0,,,,,132,6.0,139,6.0,,,,1.0,,,,,3.0,,2.0,,,1.0,,1144,67.0,561,42.0,,,,,,,2.0,,,,31.0,1.0,47.0,,,,,,,22.0,66.0,,,,1.0,,,,,249.0,139.0,,,10.0,8.0,,5072,19,,11,,,,,,,2.0,,,,,1.0,,8.0,,48,1.0,33,,,,,,,,,,,11.0,,6.0,,,,,,,,,,,,,,1.0,,,1.0,,,10.0,,,,,,,,,,,,,,,,,,,,,,,10.0,,,,,,,,,,,,,,,,,,,,,,112,58
_1_km_monthly_VI_Quality_2016214_aid0001,aid0001,2016-08-01 00:00:00+00:00,4276,103150,5196,35225,,,,1069144,2083.0,98844,3348.0,,,,449764,1117.0,103265,2039.0,,,,31351,940.0,25101,1408.0,,,,13718,128,11568,583,,,,234278,503.0,24614,926.0,,,,602898,3089.0,101456,3462.0,,,,197792,10329,78330,14402,,,,15280,4350,,7792.0,9868.0,,16951.0,21905.0,,5469,6543,,131,514,,3865.0,1482.0,,27122.0,13907.0,,38497,28650,,233,38191,451,22287,,,,100069,587.0,39653,782.0,,,,,,,,,,39770,199,14992,318,,,,2127,1367,,689,1006,,,,,457,608,,1123,6477,214,2839,,,,6037,52.0,1657,25.0,,,,29.0,4.0,,,24,,42,,,,,4414,87.0,1053,26.0,,,,9.0,,,13.0,1.0,,42.0,7.0,30.0,,,,,726,310,,110,121,,,,,,,162.0,64.0,,,,,1827,338,2251,716,,,,,,,,16.0,,3.0,,,,1279,,1843,6.0,,,,,,,,27.0,,2.0,,,,,28,86,,,1.0,,,,51,159,,,,1.0,,,,,,,,,,,,,,,,,,,,,,,,,,2.0,,,,,,,,,,,,,,,,,,,,,,,,,,,,,,,,,43,2.0,81,8.0,,,,10311,22.0,1324,55.0,,,,13514,96.0,3394,107.0,,,,2753,187.0,1907,266.0,,,,10.0,,648,70,539,156.0,,,,1090,2.0,23941,84.0,1666,193.0,,,,2886,13.0,127637,1104.0,19380,1224.0,,,,305.0,27.0,72612,10702,43101,17439.0,,,,8.0,20.0,,299.0,177.0,,1026.0,653.0,,773.0,705.0,,,,83,142.0,,1.0,41.0,1101.0,312.0,,4.0,178.0,10187.0,3694.0,,7.0,115.0,24794,21754.0,,7.0,,3.0,1.0,,,2604,10.0,1133,21.0,,,,,,,4.0,,9658,129.0,3674,238.0,,,,29.0,,6.0,4.0,1.0,2.0,,79.0,80.0,,,,,303.0,326,,,,,83,,14.0,,,,,357,4.0,131,,,,,,,,,,2.0,,10.0,,,6.0,,2404,46.0,639,16.0,,,,1.0,,,5.0,,,,26.0,,44.0,4.0,,,1.0,,,23.0,4.0,,,,,,,,,158.0,45.0,,,3.0,3.0,,4974,24,,5,,,,,,,2.0,,,,,2.0,,10.0,,67,,35,,,,,,,,,,,22.0,,17.0,,,,,1.0,,,,,,,,2.0,1.0,,,3.0,,,4.0,,,,,,,,,,,,,,,,,,,,,,,11.0,,,,,,,,,,,,,,,,,,,,,,85,54
_1_km_monthly_VI_Quality_2016245_aid0001,aid0001,2016-09-01 00:00:00+00:00,7842,23421,8219,13378,,,,1467086,1497.0,127735,1191.0,,,,715782,170.0,185914,434.0,,,,56271,94.0,96035,392.0,,,,7244,45,7089,88,,,,174802,58.0,16568,63.0,,,,487041,406.0,85708,413.0,,,,128341,1193,54086,1490,,,,2903,1549,,418.0,413.0,,1587.0,2606.0,,792,2325,,53,96,,405.0,54.0,,2847.0,1614.0,,4078,3716,,147,8560,245,4815,,,,157103,215.0,74631,473.0,,,,,,,,,,34054,44,15501,99,,,,635,419,,165,543,,,,,139,228,,1343,2795,218,903,,,,10976,28.0,4129,10.0,,,,43.0,7.0,,,74,,58,,,,,3365,8.0,1082,3.0,,,,26.0,,,36.0,,,26.0,,18.0,,,,,340,109,,33,81,,,,,,,42.0,22.0,,,,,8263,795,4885,547,,,,,,,,26.0,,27.0,,,,3154,5.0,1717,4.0,,,,,,,,52.0,2.0,16.0,,,,,45,41,,,,,,,33,20,,,,,,,4.0,,5.0,2.0,,,,,,,3.0,,,,,,,,,,,,,,,,1.0,,2.0,,,,,,,,,,,,,,,,,,1.0,,,,,,,,,,69,,47,3.0,,,,6979,4.0,1412,4.0,,,,5218,16.0,2338,24.0,,,,913,20.0,1345,36.0,,,,2.0,,361,20,207,51.0,,,,699,1.0,13841,18.0,1321,12.0,,,,762,6.0,42793,221.0,10108,128.0,,,,67.0,4.0,15100,1564,9773,1571.0,,,,2.0,,,31.0,2.0,,157.0,114.0,,126.0,188.0,,,,22,23.0,,,5.0,97.0,28.0,,,18.0,1741.0,502.0,,1.0,16.0,3728,2743.0,,12.0,,15.0,,,,2132,5.0,1285,44.0,,,,,,,5.0,,4981,33.0,2143,71.0,,,,16.0,,2.0,,,4.0,,41.0,116.0,,,,,164.0,175,,,,2.0,221,,33.0,,,,,448,,232,3.0,,,,,,,,,6.0,,7.0,,,4.0,,1854,13.0,587,4.0,,,,,,,,,,,26.0,,58.0,,,,1.0,,,16.0,19.0,,,,,,,,,81.0,28.0,,1.0,2.0,1.0,,4859,112,,21,,,,,,,,,1.0,,,4.0,,22.0,,180,,32,,,,,,,,,,,61.0,,27.0,,,,,3.0,2.0,,,,,,,1.0,2.0,,,,1.0,,837.0,,,,,,,,,3.0,,,,,,,,,,,,,,141.0,,,,,,,,,,,,,,,,,,,,,,549,62
_1_km_monthly_VI_Quality_2016275_aid0001,aid0001,2016-10-01 00:00:00+00:00,6108,3649,6953,3383,,,,2911243,9.0,41700,,,,,640031,11.0,33226,21.0,,,,29674,44.0,16577,199.0,,,,6266,169,5082,270,,,,28791,1.0,4327,,,,,29639,8.0,8540,3.0,,,,10518,35,4660,68,,,,200,394,,5.0,11.0,,20.0,72.0,,60,306,,105,107,,9.0,,,19.0,6.0,,49,97,,70,1439,86,992,,,,275821,69.0,28611,252.0,,,,,,,,,,6211,14,2839,36,,,,161,122,,44,251,,,,,15,75,,1400,730,182,280,,,,21453,1.0,4309,2.0,,,,35.0,7.0,,,54,,98,,,,,885,2.0,446,,,,,38.0,,,12.0,1.0,,2.0,,6.0,,,,,80,39,,9,52,,,,,2.0,,4.0,2.0,,,,,7388,1596,6878,900,,,,,,,,55.0,,45.0,,,,3227,1.0,2439,19.0,,,,,,,,156.0,2.0,53.0,,,,1.0,117,158,,,1.0,,,,41,48,,,,1.0,,,18.0,4.0,32.0,1.0,,,,,,,8.0,,5.0,,,,,,,,,,1.0,,,,19.0,,3.0,,,,,,,,8.0,,,,,,,,,,3.0,,,,,,,,,,117,5.0,76,5.0,,,,1496,,444,,,,,568,,216,,,,,278,,211,4.0,,,,6.0,1.0,302,20,113,7.0,,,,91,,2143,,360,,,,,42,,2766,1.0,699,,,,,3.0,,1195,51,376,14.0,,,,5.0,5.0,,1.0,,,1.0,2.0,,8.0,5.0,,,,6,2.0,,,,2.0,,,,,19.0,5.0,,,,67,17.0,,2.0,,3.0,,,,449,1.0,430,17.0,,,,,,,1.0,,934,8.0,481,9.0,,,,2.0,,,,,,,2.0,20.0,,,,,16.0,39,,,,,83,,7.0,,,,,166,,154,,,,,,,,,,6.0,,9.0,,,2.0,,439,2.0,189,,,,,,,,,,,,5.0,,31.0,,,,1.0,,,,1.0,,,,,,,,,8.0,3.0,,,1.0,,,4967,247,,140,,,,,,,15.0,,2.0,,,1.0,,15.0,,347,4.0,83,,,,,,,,,,,190.0,1.0,55.0,,,,,4.0,4.0,,,,,,,6.0,,,,9.0,1.0,,1192.0,1.0,1.0,,,,,,1.0,,,,,,,,,,,,,,,465.0,,,,,,,1.0,,,,,,,,,,,,,,,1195,52
_1_km_monthly_VI_Quality_2016306_aid0001,aid0001,2016-11-01 00:00:00+00:00,2985,7781,4203,6099,,48.0,,2647146,22.0,49253,1.0,3.0,,,890469,8.0,38559,3.0,,,,23647,8.0,12949,26.0,1.0,,,5453,843,4885,1151,,1.0,,26285,5.0,2357,,,,,22559,11.0,5833,6.0,,,,7262,36,2849,49,,,,667,1023,,73.0,1.0,,74.0,46.0,,52,278,,481,368,,17.0,2.0,,76.0,20.0,,111,116,,73,2503,68,1153,,,,276618,,43486,35.0,,,,,,,,,,7395,6,2361,17,,,,145,103,,61,319,,,,,33,67,,395,1720,46,569,,,,19419,,4025,,,,,26.0,7.0,,,91,,94,,,,,1396,2.0,413,1.0,,,,30.0,,,19.0,2.0,,23.0,,10.0,,,,,70,74,,14,85,,,,3.0,2.0,,30.0,17.0,1.0,,,,6874,3266,6045,1575,,6.0,,,,,,44.0,,50.0,,,,4247,5.0,3320,19.0,10.0,,,,,,,135.0,,87.0,,2.0,,,254,283,,,,,,,85,81,,,,7.0,1.0,,11.0,12.0,69.0,5.0,,,,,,,28.0,,35.0,,2.0,,,2.0,5.0,,,,,,,,24.0,,5.0,,,,,,,,6.0,2.0,,1.0,,,,,,,3.0,,,,,,,,,,242,36.0,124,37.0,,,,1917,1.0,199,,,,,1150,,228,1.0,,,,421,3.0,241,,,,,2.0,14.0,764,122,235,80.0,,,,104,,2501,,66,,,,,45,,3479,4.0,386,1.0,,,,8.0,,1583,53,341,33.0,,,,32.0,14.0,,12.0,,,20.0,,,11.0,6.0,,1.0,1.0,41,11.0,,,,17.0,,,,,83.0,3.0,,,,155,62.0,,2.0,,3.0,,,,525,,456,8.0,,,,,,,,,1117,4.0,350,8.0,,,,,,,,,,,7.0,18.0,,,,,22.0,36,,,,,60,,3.0,,,,,188,,146,,,,,1.0,,,,,16.0,,8.0,,,,,530,2.0,192,,,1.0,,,,,,,,,41.0,,21.0,,,,1.0,2.0,,1.0,5.0,,,,,,,,,11.0,13.0,,,3.0,,,5807,561,,259,,,,,,,24.0,,15.0,,,3.0,,24.0,1.0,983,3.0,344,,3.0,,,,,,,,,252.0,3.0,65.0,,1.0,,,16.0,4.0,,,,,,5.0,20.0,8.0,,,9.0,,,1754.0,6.0,,,,,,,,5.0,,,,,,,,,,,,,,725.0,,,,,,,2.0,,,,,,,,,,,,,,,1872,58
_1_km_monthly_VI_Quality_2016336_aid0001,aid0001,2016-12-01 00:00:00+00:00,1871,7084,2322,6714,694.0,2612.0,,2803440,33.0,51348,13.0,4075.0,,,531927,29.0,39930,26.0,3717.0,3.0,,186108,155.0,24862,106.0,594.0,37.0,,3738,844,3545,1774,577.0,960.0,,21401,1.0,5597,11.0,978.0,17.0,,19356,24.0,8706,26.0,1613.0,14.0,,8246,75,5410,137,419.0,47.0,,552,587,287.0,208.0,18.0,5.0,808.0,128.0,30.0,3273,339,50.0,422,355,148.0,27.0,28.0,9.0,136.0,104.0,33.0,356,233,61.0,131,2491,21,1104,4.0,20.0,,267657,31.0,34508,175.0,194.0,1.0,,11.0,,,,,,8588,16,2955,70,9.0,4.0,,174,119,6.0,1114,1368,,,,,194,216,2.0,233,1686,25,646,2.0,10.0,,18856,7.0,3226,38.0,29.0,,,25.0,32.0,,2.0,118,,95,,4.0,,,1740,9.0,476,12.0,4.0,,,44.0,,,21.0,3.0,,34.0,,12.0,,,,,114,146,4.0,198,222,2.0,,,9.0,7.0,,90.0,53.0,3.0,,25.0,,3522,2518,7487,3014,8354.0,982.0,,,,,,69.0,,192.0,,35.0,,2851,1.0,4153,4.0,2792.0,20.0,,,,,,145.0,,237.0,,78.0,,,179,254,307.0,,1.0,1.0,,,55,84,52.0,,,8.0,1.0,1.0,21.0,5.0,78.0,17.0,46.0,1.0,,,,,27.0,,56.0,,17.0,,,2.0,3.0,2.0,,,,,,,17.0,,5.0,,,,,,,,1.0,2.0,1.0,,,,,,,,,,,,,,,,,,239,58.0,108,87.0,27.0,51.0,,2562,1.0,477,,33.0,,,1341,4.0,525,7.0,65.0,,,615,10.0,580,11.0,87.0,5.0,,8.0,9.0,625,160,342,179.0,59.0,96.0,,138,,3200,6.0,570,2.0,29.0,,,59,,4153,9.0,1404,4.0,194.0,1.0,,5.0,,1675,45,1143,81.0,203.0,9.0,,35.0,9.0,5.0,27.0,8.0,,32.0,8.0,1.0,34.0,33.0,4.0,2.0,3.0,68,50.0,21.0,,,40.0,11.0,1.0,,,134.0,76.0,9.0,,2.0,158,166.0,30.0,7.0,,,,,,573,,404,37.0,1.0,,,,,,,,1205,7.0,492,18.0,2.0,,,,,,,,,,47.0,102.0,,,,,86.0,82,,,,,9,6.0,11.0,,,,,146,,97,15.0,1.0,,,1.0,,,,,11.0,,26.0,,,,,878,6.0,195,8.0,3.0,2.0,,,2.0,,,,,,46.0,,23.0,,,,,1.0,,10.0,16.0,,,,,3.0,,,,25.0,25.0,2.0,,3.0,3.0,,5064,478,,473,2.0,451.0,,,,,26.0,,55.0,,12.0,3.0,,34.0,5.0,1031,,1171,1.0,491.0,1.0,,,,,,,,251.0,2.0,290.0,1.0,98.0,,,9.0,14.0,16.0,,,,1.0,3.0,12.0,24.0,10.0,,4.0,7.0,1.0,1564.0,1.0,,,6.0,,,,,2.0,,2.0,,6.0,,,,,,,,,,591.0,,,,,,,1.0,,,,,,,,,,,,,,,1664,55
_1_km_monthly_VI_Quality_2017001_aid0001,aid0001,2017-01-01 00:00:00+00:00,1601,20546,1784,22676,197.0,16058.0,,2141338,17.0,67875,63.0,4738.0,21.0,,1165801,40.0,35602,25.0,3319.0,18.0,,56686,178.0,22360,135.0,2805.0,53.0,,1211,4909,1837,4620,217.0,3942.0,,10237,39.0,7102,157.0,1754.0,79.0,,10220,14.0,6957,70.0,1294.0,80.0,,4615,204,5083,229,915.0,175.0,,677,1434,472.0,209.0,274.0,58.0,253.0,143.0,103.0,940,259,106.0,286,373,196.0,121.0,299.0,126.0,135.0,214.0,145.0,454,366,148.0,178,2239,65,1449,,116.0,,280155,40.0,37546,150.0,92.0,6.0,,31.0,,,,,,6717,63,2433,75,48.0,18.0,,107,159,9.0,270,646,9.0,,,,43,147,3.0,312,1624,103,768,,11.0,,19231,8.0,3593,75.0,13.0,,,6.0,,,,115,,54,,,,,1842,22.0,503,33.0,29.0,2.0,,,,,,,,27.0,,9.0,3.0,,,,147,115,3.0,90,238,2.0,,,6.0,10.0,,22.0,35.0,1.0,,5.0,,41350,7394,33278,4244,25046.0,926.0,,,,,,383.0,,220.0,,48.0,,8879,3.0,6990,21.0,3619.0,30.0,,,,,,161.0,,95.0,,12.0,,,643,666,716.0,,3.0,,,,155,160,84.0,,,,5.0,,626.0,129.0,229.0,83.0,355.0,8.0,,,,,237.0,1.0,91.0,,37.0,,,8.0,12.0,4.0,,,,3.0,1.0,6.0,168.0,1.0,76.0,,4.0,,,,,,37.0,,3.0,3.0,1.0,,,,,,5.0,2.0,,,,,,,,,101,991.0,138,493.0,29.0,342.0,,857,,517,1.0,68.0,,,929,9.0,927,,40.0,,,713,4.0,625,4.0,45.0,1.0,,4.0,94.0,319,1616,570,896.0,43.0,452.0,,54,,1373,7.0,961,16.0,121.0,5.0,,32,,2452,1.0,1820,5.0,285.0,,,25.0,2.0,1873,104,2141,47.0,145.0,42.0,,29.0,35.0,9.0,12.0,12.0,5.0,18.0,18.0,1.0,42.0,17.0,8.0,3.0,3.0,94,81.0,18.0,,,23.0,50.0,,,2.0,88.0,81.0,12.0,,2.0,240,166.0,19.0,2.0,5.0,1.0,5.0,,2.0,536,,412,30.0,4.0,,,,,,,,913,14.0,285,31.0,,,,,,,,,,,10.0,33.0,,,,,20.0,38,,,,,11,,9.0,,,,,105,3.0,87,11.0,,,,,,,,,10.0,,25.0,,,1.0,,798,4.0,123,13.0,3.0,,,,,,,,,,17.0,,11.0,,,,,2.0,,,15.0,,,,,2.0,,,,12.0,17.0,,,,4.0,,5705,3446,,1579,3.0,771.0,6.0,,,,43.0,,12.0,,,5.0,,157.0,3.0,4634,3.0,2417,1.0,643.0,,,,,,,,,228.0,,168.0,,7.0,,,44.0,28.0,14.0,,,,,1.0,36.0,35.0,10.0,,,4.0,,1561.0,29.0,13.0,,10.0,,,,2.0,55.0,,37.0,,,,,,,,,,,,388.0,,,,,,,,,,1.0,,,,,,,,,,,,1306,64
_1_km_monthly_VI_Quality_2017032_aid0001,aid0001,2017-02-01 00:00:00+00:00,7915,30262,4145,22970,,3725.0,,2608164,4.0,42196,4.0,66.0,,,734133,6.0,69532,5.0,36.0,,,19467,68.0,8227,61.0,17.0,9.0,,2244,7004,1469,3729,12.0,1848.0,,11045,22.0,1201,15.0,60.0,8.0,,11509,27.0,2599,9.0,64.0,20.0,,6394,276,2228,101,44.0,193.0,,1919,1574,43.0,51.0,21.0,8.0,66.0,9.0,,236,189,6.0,361,174,34.0,77.0,49.0,20.0,104.0,46.0,39.0,622,85,53.0,155,1106,126,695,,31.0,,281502,2.0,38937,54.0,,,,3.0,,,,,,5305,68,1750,46,2.0,9.0,,54,76,4.0,106,393,,,,,24,69,,423,776,127,570,,13.0,,21451,,4041,94.0,,,,5.0,,,,100,,62,,,,,1511,12.0,609,11.0,,,,,,,,,,15.0,,5.0,,,,,132,43,,62,323,2.0,,,4.0,1.0,,6.0,18.0,,2.0,3.0,,71832,5030,71720,2926,2441.0,130.0,,,,2.0,,624.0,,605.0,,4.0,,12062,9.0,8449,13.0,789.0,18.0,,,,,,210.0,,105.0,,1.0,,,813,937,55.0,,1.0,6.0,,,196,143,18.0,,,1.0,,,512.0,64.0,798.0,104.0,71.0,,,,,,201.0,,168.0,,9.0,,,7.0,6.0,,,,2.0,1.0,,23.0,169.0,15.0,85.0,,,,,,,,60.0,,18.0,2.0,,,,,,,11.0,8.0,,,,,,,,,198,1252.0,86,377.0,,145.0,,772,2.0,115,,,1.0,,528,,151,,,,,277,5.0,176,,3.0,1.0,,,133.0,423,1855,99,629.0,8.0,357.0,,29,,973,6.0,146,,14.0,,,30,,1837,3.0,377,,17.0,,,13.0,,1683,100,375,19.0,35.0,46.0,,50.0,15.0,,5.0,,,9.0,,,22.0,4.0,,8.0,,88,28.0,5.0,,,19.0,2.0,5.0,,1.0,78.0,9.0,1.0,,2.0,251,50.0,9.0,,9.0,1.0,1.0,,2.0,240,,257,,,,,,,,,1.0,488,10.0,220,10.0,,,,,,,,,,,5.0,13.0,,,,,6.0,25,,,,,14,,17.0,,,,,83,,78,,,,,,,,,,7.0,,9.0,,,3.0,,397,4.0,91,3.0,,,,,,,,,,,22.0,,3.0,,,,1.0,,,,4.0,,,,,,,,,5.0,4.0,,,6.0,3.0,,4967,4026,,1065,2.0,153.0,3.0,,,,45.0,,26.0,,,1.0,,199.0,,4986,1.0,1278,,162.0,,,,,,,,,139.0,2.0,50.0,,,,,51.0,14.0,6.0,,,,1.0,5.0,53.0,30.0,2.0,,1.0,4.0,,1576.0,24.0,9.0,,4.0,,,,1.0,47.0,,16.0,,,,,,,,,,,,256.0,,,,,,,,,,,,,,,,,,1.0,,,,811,59
_1_km_monthly_VI_Quality_2017060_aid0001,aid0001,2017-03-01 00:00:00+00:00,18761,21385,13812,23249,,,,2613263,,89585,,,,,603216,,89774,,,,,27784,32.0,24014,37.0,,,,4236,2941,3318,3164,,,,16953,,2869,,,,,24326,1.0,6325,,,,,13181,74,6865,58,,,,1977,1927,,,,,43.0,17.0,,192,197,,327,400,,3.0,,,11.0,32.0,,151,154,,218,1098,189,678,,,,264325,1.0,51832,15.0,,,,,,,,,,7528,15,2870,47,,,,63,115,,42,289,,,,,10,66,,705,932,214,372,,,,20561,,5043,31.0,,,,2.0,,,,59,,51,,,,,1650,8.0,784,17.0,,,,,,,,1.0,,5.0,,5.0,,,,,41,22,,12,179,,,,,,,5.0,8.0,,,1.0,,68879,2245,96857,2495,,,,,,,,204.0,,319.0,,,,6598,5.0,6762,14.0,,,,,,,,61.0,,62.0,,,,1.0,778,617,,,1.0,7.0,,,115,105,,,,1.0,,,344.0,41.0,1773.0,114.0,,,,,,,39.0,,48.0,,,,,2.0,5.0,,,,,2.0,,50.0,49.0,,55.0,,,,,,,,96.0,1.0,28.0,9.0,,,,,,,6.0,3.0,,,8.0,23.0,,,,,145,118.0,93,64.0,,,,977,,43,,,,,1005,,183,,,,,286,,216,,,,,11.0,16.0,392,332,153,217.0,,,,68,,1199,,46,,,,,94,,3648,,426,,,,,15.0,,1559,35,552,11.0,,,,14.0,7.0,,,,,,,,5.0,10.0,,,2.0,91,56.0,,,,6.0,,,,,27.0,1.0,,,,79,55.0,,1.0,1.0,,,,,206,,269,,,,,,,,,,483,4.0,302,9.0,,,,,,,,,,,3.0,7.0,,,,,3.0,35,,,,,62,,31.0,,,,,91,,78,,,,,,,,,,1.0,,15.0,,,2.0,,379,12.0,137,3.0,,,,,,,,,,,6.0,,6.0,,,,1.0,,,,1.0,,,,,,,,,9.0,6.0,,,,,,4930,884,,334,,,,,,,16.0,,6.0,,,1.0,,42.0,1.0,1393,1.0,475,,,,,,,,,,,50.0,,11.0,,,,,12.0,4.0,,,,,,3.0,15.0,9.0,,,,3.0,,575.0,2.0,3.0,,,,,,,7.0,,1.0,,,,,1.0,,,,3.0,,,152.0,,,,,,,4.0,2.0,,,,,,,,,,,,,,405,57
_1_km_monthly_VI_Quality_2017091_aid0001,aid0001,2017-04-01 00:00:00+00:00,33612,11925,22245,8570,,,,2675596,,33552,2.0,,,,713064,,33568,1.0,,,,31189,20.0,21453,1.0,,,,6062,1237,5290,1209,,,,14655,,1865,,,,,20669,1.0,4506,,,,,18413,44,3604,13,,,,1072,1224,,,,,10.0,3.0,,66,28,,506,419,,,,,1.0,3.0,,84,38,,406,1457,247,728,,,,272677,1.0,30351,12.0,,,,,,,,,,9217,10,3138,19,,,,102,133,,6,131,,,,,7,52,,1089,750,208,162,,,,21305,2.0,4909,9.0,,,,9.0,,,,13,,68,,,,,1647,16.0,671,1.0,,,,5.0,,,4.0,1.0,,9.0,,10.0,,,,,51,14,,2,94,,,,5.0,,,19.0,3.0,,,,,62063,1830,75504,1850,,,9.0,,10.0,12.0,,28.0,,26.0,,,,4610,5.0,4535,21.0,,,,,,,,7.0,,,,,,,334,395,,,,,,,97,135,,,,,,,599.0,21.0,1304.0,74.0,,,,,,,37.0,,94.0,,,,,2.0,5.0,,,,,3.0,,93.0,31.0,20.0,14.0,,,,,,,,74.0,3.0,15.0,11.0,,,,,,,20.0,8.0,,,15.0,9.0,,,,,52,34.0,58,7.0,,,,856,,190,,,,,370,,303,,,,,97,,156,,,,,11.0,11.0,430,144,402,55.0,,,,98,,1221,,110,,,,,37,,1788,,728,,,,,5.0,,881,4,656,15.0,,,,13.0,10.0,,,,,,,,6.0,,,,,54,51.0,,,,,,,,,2.0,1.0,,,,22,25.0,,1.0,1.0,,,,,187,,319,1.0,,,,,,,,,513,2.0,411,2.0,,,,,,,,,,,1.0,5.0,,,,,1.0,35,,,,,15,1.0,20.0,,,,,86,,171,,,,,,,,,,2.0,,7.0,,,1.0,,374,4.0,261,4.0,,,,,,,,,,,1.0,,6.0,,,,,,,,,,,,,,,,,4.0,4.0,,,,,,4853,398,,94,,,,,,,,,2.0,,,3.0,,25.0,,608,1.0,322,,,,,,,,,,,5.0,,,,,,,2.0,1.0,,,,,,,16.0,5.0,,,,,,37.0,2.0,3.0,,,,,,,5.0,,5.0,,,,,,,,,,,,29.0,,,,,,,8.0,,2.0,,,,,,,,,3.0,,,,61,59
_1_km_monthly_VI_Quality_2017121_aid0001,aid0001,2017-05-01 00:00:00+00:00,35900,11659,26675,5141,,,,2519798,88.0,29539,11.0,,,,807542,49.0,61930,21.0,,,,36844,15.0,24341,27.0,,,,11727,285,6643,379,,,,39898,6.0,3399,1.0,,,,67057,43.0,10004,18.0,,,,21993,97,7928,117,,,,440,598,,6.0,48.0,,114.0,91.0,,71,159,,103,96,,21.0,10.0,,181.0,43.0,,468,266,,434,2660,278,923,,,,257895,72.0,42088,123.0,,,,,,,,,,11309,13,4403,36,,,,227,180,,41,319,,,,,28,106,,1081,690,156,159,,,,18767,5.0,6020,12.0,,,,15.0,,,,13,,63,,,,,2532,16.0,859,5.0,,,,4.0,,,28.0,5.0,,20.0,,22.0,,,,,38,15,,21,56,,,,,,,22.0,9.0,,1.0,,,36417,490,42284,314,,,,,,,,3.0,,,,,,1932,3.0,1253,18.0,,,,,,,,,,,,,,,249,149,,,,,,,28,35,,,,,,,388.0,24.0,407.0,9.0,,,,,,,26.0,,24.0,,,,,5.0,1.0,,,,,2.0,,14.0,25.0,8.0,16.0,,,,,,,,7.0,3.0,2.0,,,,,,,,,1.0,,,1.0,,,,,,42,6.0,72,1.0,,,,327,,65,,,,,449,,236,1.0,,,,133,,153,1.0,,,,10.0,1.0,303,18,290,15.0,,,,47,,1212,,156,,,,,39,,2627,13.0,899,4.0,,,,20.0,,1617,98,1366,61.0,,,,6.0,1.0,,,,,3.0,5.0,,3.0,6.0,,,,3,17.0,,,,,3.0,,,,50.0,6.0,,,1.0,233,100.0,,1.0,,2.0,,,,244,,435,6.0,,,,,,,2.0,,743,1.0,770,7.0,,,,,,1.0,,,,,,23.0,,,,,8.0,54,,,,,22,,14.0,,,,,73,,246,1.0,,,,,,,,,,,22.0,,,1.0,,499,10.0,371,3.0,,,,,,,,,,,6.0,,28.0,,,,,1.0,,,3.0,,,,,,,,,4.0,16.0,,,,,,4776,82,,49,,,,,,,,,,,,3.0,,10.0,,139,,76,,,,,,,,,,,1.0,,1.0,,,,,2.0,,,,,,,,3.0,1.0,,,,,,6.0,3.0,,,,,,,,3.0,,2.0,,,,,,,,,,,,22.0,,,,,,,2.0,,,,,,,,,,,,,,,28,65
_1_km_monthly_VI_Quality_2017152_aid0001,aid0001,2017-06-01 00:00:00+00:00,23671,44856,18329,17839,,,,1528140,7418.0,79288,1781.0,,,,795885,5009.0,164612,7109.0,,,,53635,4856.0,32469,10551.0,,,,17843,84,9500,70,,,,84784,1291.0,8013,297.0,,,,226626,5384.0,55000,6704.0,,,,103545,12716,44934,21249,,,,4771,2241,,14442.0,2567.0,,29551.0,35622.0,,16682,21751,,129,31,,2022.0,282.0,,17379.0,9687.0,,25841,24696,,269,18535,121,9967,,,,163205,1156.0,51820,1661.0,,,,,,,,,,27167,322,10590,418,,,,1522,1198,,2183,4192,,,,,718,979,,733,3179,220,1390,,,,12249,39.0,4390,53.0,,,,6.0,,,,21,,58,,,,,4517,42.0,1042,21.0,,,,7.0,,,30.0,,,46.0,,34.0,2.0,,,,367,201,,152,158,,,,,,,87.0,48.0,,1.0,,,19112,422,17365,382,,,,,,,,12.0,,7.0,,,,1843,1.0,1013,2.0,,,,,,,,6.0,,6.0,,,,,67,37,,,,,,,30,12,,,,,,,49.0,2.0,22.0,,,,,,,,1.0,,,,,,,,,,,,1.0,1.0,,,7.0,,,,,,,,,,2.0,,2.0,,,,,,,,,,,,,,,,,,83,1.0,82,2.0,,,,2200,49.0,205,53.0,,,,5081,257.0,2399,489.0,,,,1660,445.0,1624,833.0,,,,12.0,,737,42,425,30.0,,,,231,1.0,5287,185.0,320,121.0,,,,762,27.0,32156,1869.0,8651,2401.0,,,,215.0,74.0,37373,9648,24416,17858.0,,,,,1.0,,350.0,138.0,,804.0,1161.0,,759.0,1425.0,,,,62,17.0,,1.0,24.0,404.0,92.0,,6.0,116.0,5192.0,2771.0,,8.0,92.0,15410,16646.0,,4.0,,2.0,,,,968,18.0,1268,103.0,,,,,,,1.0,,3417,77.0,2026,154.0,,,,3.0,,1.0,,,,,115.0,282.0,,,,,295.0,320,,,2.0,,18,,32.0,,,,,174,4.0,326,1.0,,,,,,,,,,,27.0,,,1.0,,1132,29.0,549,14.0,,,,,2.0,,2.0,,,1.0,21.0,,78.0,,,,,,,11.0,23.0,,,,,,,,,69.0,69.0,,,2.0,8.0,,4923,32,,16,,,,,,,,,,,,5.0,,11.0,,55,,23,,,,,,,,,,,3.0,,,,,,,,,,,,,,,1.0,,,,,,,13.0,,,,,,,,,3.0,,,,,,,,,,,,,,28.0,,,,,,,,,,,,,,,,,,,,,,99,63
_1_km_monthly_VI_Quality_2017182_aid0001,aid0001,2017-07-01 00:00:00+00:00,5841,290768,10270,136222,,,,550575,11580.0,99486,7455.0,,,,313518,9991.0,76379,10021.0,,,,45498,8579.0,16676,9377.0,,,,15481,530,17006,775,,,,153472,2720.0,20680,1028.0,,,,325133,22703.0,61864,15163.0,,,,199104,67732,56174,52460,,,,60035,21204,,32517.0,33148.0,,42515.0,27668.0,,13275,17085,,426,253,,15830.0,7161.0,,95249.0,25794.0,,139310,49930,,284,76389,284,46245,,,,56707,1932.0,30149,1615.0,,,,,,,,,,25568,838,9940,717,,,,9782,4173,,2567,3771,,,,,1684,1017,,982,9937,407,4809,,,,4041,60.0,1813,27.0,,,,4.0,,,,19,2.0,16,,,,,2478,112.0,622,20.0,,,,7.0,,,9.0,4.0,,35.0,,25.0,,,,,1772,786,,168,118,,,,,,,251.0,95.0,,2.0,,,3320,305,3884,513,,,,,,,,50.0,,22.0,,,,1378,,1664,1.0,,,,,,,,24.0,,11.0,,,,,19,32,,,1.0,,,,13,25,,,,,,,1.0,,2.0,,,,,,,,,,1.0,,,,,,3.0,,,,,,,,,,,,,,,,,,,,,,,,,,,,,,,,,,,,,,71,17.0,80,72.0,,,,5454,145.0,1964,133.0,,,,7258,720.0,2549,845.0,,,,3381,883.0,2157,1360.0,,,,6.0,,1100,424,797,844.0,,,,590,7.0,19303,668.0,1819,278.0,,,,1079,122.0,77956,10786.0,13870,7263.0,,,,489.0,144.0,95756,70710,36807,75131.0,,,,7.0,48.0,,1105.0,333.0,,2896.0,1222.0,,2177.0,2142.0,,,1.0,183,252.0,,3.0,106.0,3657.0,838.0,,20.0,578.0,37873.0,9523.0,,27.0,458.0,101179,49589.0,,1.0,,46.0,9.0,,,1056,66.0,1000,74.0,,,,,,,1.0,,5642,386.0,2693,552.0,,,,16.0,,,,,,,144.0,276.0,,,,,834.0,521,,,2.0,2.0,16,,25.0,,,,,122,7.0,84,,,,,2.0,,,,,,,3.0,,,2.0,,1093,67.0,422,16.0,,,,,1.0,,1.0,,,,14.0,1.0,49.0,,,,1.0,,,26.0,8.0,,,,,,,,1.0,164.0,85.0,,,,14.0,,5046,40,,10,,,,,,,9.0,,1.0,,,6.0,,13.0,,86,,20,,,,,,,,,,,12.0,,4.0,,,,,2.0,,,,,,,,9.0,8.0,,,,,,4.0,,,,,,,,,,,,,,,,,,,,,,,6.0,,,,,,,,,,,,,,,,,,,,,,50,65
_1_km_monthly_VI_Quality_2017213_aid0001,aid0001,2017-08-01 00:00:00+00:00,6307,79418,5625,28516,,,,1056422,3477.0,99644,2289.0,,,,600802,2297.0,126318,3201.0,,,,103625,1218.0,77999,6699.0,,,,10282,121,8018,193,,,,168017,829.0,17563,401.0,,,,515356,4245.0,83354,3035.0,,,,200659,8607,59294,12647,,,,8690,4815,,10421.0,13409.0,,23503.0,15250.0,,13380,20757,,152,229,,3942.0,1105.0,,24382.0,8639.0,,31364,18423,,155,27524,261,13920,,,,111096,938.0,55146,859.0,,,,,,,,,,41692,323,15772,308,,,,1892,1075,,1031,1455,,,,,756,416,,1078,4694,246,2510,,,,7120,35.0,2795,34.0,,,,22.0,2.0,,,46,,32,,,,,4360,65.0,810,30.0,,,,3.0,,,14.0,,,50.0,,44.0,,,,,676,407,,180,186,,,,,,,169.0,42.0,,1.0,1.0,,3775,765,4292,499,,,,,,,,54.0,,2.0,,,,1963,,1786,1.0,,,,,3.0,,,40.0,,18.0,,,,,18,43,,,1.0,,,,24,45,,,,,,,,,,2.0,,,,,,,,,1.0,,,,,,,,,,,,,,,,,,,,,,,,,,,,,,,,,,,,,,,,,,,,58,11.0,60,7.0,,,,9216,35.0,1215,34.0,,,,12127,214.0,3851,110.0,,,,4579,202.0,2827,470.0,,,,13.0,,572,101,435,148.0,,,,1078,3.0,21756,149.0,1651,55.0,,,,1940,32.0,93353,1925.0,16598,1031.0,,,,477.0,19.0,64079,8899,29560,14893.0,,,,19.0,13.0,,302.0,156.0,,1061.0,498.0,,877.0,916.0,,,,116,109.0,,1.0,35.0,1074.0,196.0,,6.0,178.0,8972.0,2687.0,,7.0,133.0,21214,16604.0,,3.0,,27.0,1.0,,,3355,22.0,2081,40.0,,,,,,,4.0,,8959,156.0,3779,355.0,,,,22.0,,5.0,,,1.0,,103.0,98.0,,,,,419.0,358,,,,,129,,16.0,1.0,,,,489,6.0,356,3.0,,,,,,,,,6.0,,4.0,,,14.0,,2293,50.0,668,24.0,,,,,,,,,,,50.0,1.0,50.0,,,,,2.0,,28.0,11.0,,,,,,,,,134.0,46.0,,,2.0,7.0,,4980,52,,10,,,,,,,6.0,,1.0,,,10.0,,12.0,,104,,34,5.0,,,,,,,,,,23.0,,9.0,,,,,,,,,,,,,5.0,9.0,,,3.0,2.0,,257.0,,,,,,,,,,,,,,,,,,,,,,,29.0,,,,,,,,,,,,,,,,,,,,,,115,66
_1_km_monthly_VI_Quality_2017244_aid0001,aid0001,2017-09-01 00:00:00+00:00,6696,20225,7665,9681,,,,1618018,844.0,129541,303.0,,,,847566,180.0,146119,396.0,,,,139611,140.0,117346,784.0,,,,9457,53,8460,153,,,,139142,64.0,14683,29.0,,,,290126,271.0,47158,354.0,,,,106663,650,39121,1149,,,,1962,1357,,671.0,1105.0,,1627.0,2580.0,,1410,5296,,99,157,,210.0,64.0,,1515.0,1071.0,,2694,2035,,102,5572,190,3454,,,,179658,398.0,76764,346.0,,,,,,,,,,30942,96,12715,92,,,,483,320,,323,728,,,,,156,190,,984,1639,213,766,,,,12214,14.0,4508,14.0,,,,27.0,2.0,,,85,,47,,,,,3720,8.0,908,25.0,,,,17.0,,,15.0,1.0,,30.0,,18.0,,,,,280,131,,54,150,,,,,,,42.0,46.0,,,,,4313,1130,7359,632,,,,,,,,15.0,,,,,,2549,2.0,2939,6.0,,,,,,,,52.0,,20.0,1.0,,,,38,102,,,,,,,33,77,,,,,3.0,,,3.0,,,,,,,,,2.0,,1.0,,,,,,,,,,,,,,1.0,,,,,,,,,,,,,,,,,,,,,,,,,,,,,,76,3.0,44,1.0,,,,6329,1.0,1044,17.0,,,,3322,28.0,861,19.0,,,,1016,26.0,482,88.0,,,,8.0,,385,10,185,16.0,,,,594,,12491,7.0,1684,4.0,,,,482,4.0,25018,113.0,4401,134.0,,,,62.0,1.0,11364,705,4436,906.0,,,,2.0,1.0,,28.0,13.0,,95.0,119.0,,141.0,180.0,,,,13,22.0,,,3.0,102.0,9.0,,,7.0,712.0,285.0,,,16.0,1953,1139.0,,6.0,,11.0,,,,1681,10.0,975,42.0,,,,,,,,,4213,39.0,1869,59.0,,,,13.0,,,,,,,49.0,81.0,,,,,127.0,131,,,,,61,,40.0,,,,,468,1.0,301,,,,,,,,,,10.0,,7.0,,,8.0,,1837,17.0,549,25.0,,,,1.0,,,3.0,,,,68.0,,38.0,9.0,,,,,,12.0,26.0,,,,,,,,,64.0,41.0,,,,9.0,,4938,85,,66,,,,,,,1.0,,,,,8.0,,9.0,,149,,84,,,,,,,,,,,81.0,,12.0,,,,,2.0,4.0,,,,,,,2.0,2.0,,,,,,2635.0,,,,,,,,,,,,,,,,,,,,,,,120.0,,,,,,,,,,,,,,,,,,,,,,771,63
_1_km_monthly_VI_Quality_2017274_aid0001,aid0001,2017-10-01 00:00:00+00:00,7820,6393,8860,2702,,,,2356651,871.0,37719,139.0,,,,1091758,203.0,101691,173.0,,,,28569,19.0,13515,100.0,,,,7500,77,6674,156,,,,29944,47.0,2492,16.0,,,,30914,74.0,6989,68.0,,,,9639,60,3121,85,,,,407,385,,101.0,424.0,,211.0,557.0,,76,418,,111,129,,29.0,12.0,,90.0,23.0,,98,60,,136,2561,32,1161,,,,268198,482.0,53509,107.0,,,,,,,,,,8679,107,2613,51,,,,314,188,,113,157,,,,,58,73,,1157,733,163,283,,,,20299,14.0,4467,,,,,13.0,7.0,,,66,,58,,,,,1489,2.0,442,,,,,18.0,,,16.0,2.0,,18.0,,20.0,,,,,73,44,,12,35,,,,,1.0,,7.0,4.0,,,,,7892,1711,9522,869,,,,,,,,21.0,,31.0,,,,3103,,3097,13.0,,,,,,,,77.0,,32.0,,,,,119,206,,,,1.0,,,48,92,,,,,,,13.0,3.0,12.0,1.0,,,,,,,7.0,,4.0,,,,,1.0,,,,,,3.0,,,,,,,,,,,,,2.0,,,,,,,,,,,,,,,,,,,,149,2.0,90,2.0,,,,3718,,157,,,,,853,4.0,219,2.0,,,,289,1.0,141,6.0,,,,8.0,,345,11,122,6.0,,,,249,,3824,,183,2.0,,,,72,,3548,9.0,575,19.0,,,,7.0,,1739,49,328,30.0,,,,1.0,1.0,,1.0,1.0,,5.0,8.0,,3.0,7.0,,,,12,13.0,,,,6.0,1.0,,,,40.0,7.0,,,,97,18.0,,4.0,,5.0,,,,883,8.0,378,1.0,,,,,,,1.0,,1531,21.0,441,21.0,,,,,,,,,,,15.0,15.0,,,,,46.0,35,,,,,98,,24.0,,,,,337,,206,,,,,,,,,,19.0,,2.0,,,6.0,,860,,252,1.0,,,,,,,,,,,72.0,,27.0,5.0,,,,,,3.0,2.0,,,,,,,,,21.0,9.0,,,1.0,3.0,,5769,182,,168,,,,,,,5.0,,1.0,,,10.0,,15.0,,295,,126,,,,,,,,,,,111.0,,23.0,,,,,3.0,4.0,,,,,,1.0,5.0,4.0,,,,,,3667.0,,,,,,,,,2.0,,,,,,,,,,,,,,324.0,,,,,,,,,,,,,,,,,,,,,,1263,64
_1_km_monthly_VI_Quality_2017305_aid0001,aid0001,2017-11-01 00:00:00+00:00,5367,7779,6714,4953,13.0,237.0,,2115099,29.0,69234,1.0,60.0,,,1095273,30.0,106155,43.0,6.0,,,158840,12.0,51026,360.0,9.0,,,5461,587,4745,863,15.0,215.0,,26898,4.0,3016,,20.0,3.0,,32623,24.0,8847,2.0,36.0,,,14424,86,10392,380,15.0,5.0,,807,677,7.0,142.0,52.0,,428.0,626.0,,115,3070,3.0,228,191,9.0,24.0,2.0,1.0,211.0,75.0,3.0,467,942,1.0,120,3567,114,1849,,2.0,,249627,26.0,70710,287.0,1.0,,,,,,,,,8547,9,4426,49,,,,298,232,,94,1205,2.0,,,,68,202,1.0,229,1836,41,656,,,,19478,,4512,12.0,1.0,,1.0,40.0,6.0,,,103,,111,,,,,1598,1.0,566,4.0,,,,9.0,,,24.0,1.0,,26.0,,23.0,,,,,141,63,1.0,12,124,,,,1.0,3.0,1.0,2.0,20.0,,3.0,,,6605,3191,7833,1934,516.0,84.0,,,,,,81.0,,157.0,,,,4569,7.0,3292,19.0,396.0,3.0,,,,,,178.0,,110.0,,3.0,,4.0,314,285,18.0,,4.0,4.0,,2.0,126,91,12.0,,1.0,4.0,5.0,,23.0,24.0,52.0,14.0,,,,,,,71.0,2.0,66.0,1.0,,,,,9.0,,,,,2.0,,1.0,43.0,,5.0,,,,,,,,3.0,,,3.0,,,,,,,18.0,1.0,,,,,,,,,282,44.0,224,14.0,,14.0,,3035,1.0,412,1.0,1.0,,,1871,7.0,491,2.0,1.0,,,920,8.0,605,14.0,,,,9.0,7.0,664,71,259,39.0,5.0,15.0,,143,,3300,,193,,,,,108,,6703,11.0,1297,1.0,7.0,,,47.0,,5096,104,2058,138.0,4.0,1.0,,16.0,5.0,,5.0,1.0,,27.0,15.0,,36.0,80.0,,,1.0,28,11.0,,,,14.0,,,,3.0,117.0,12.0,,,4.0,339,266.0,,6.0,,5.0,1.0,,,611,,677,9.0,,,,,,,,,1626,8.0,851,6.0,,,,1.0,,1.0,,,,,27.0,51.0,,,,,36.0,86,,,,,34,,12.0,,,,,158,,225,1.0,,,,,,,,,14.0,,9.0,,,1.0,,736,1.0,208,,,,,,,,,,,,40.0,2.0,38.0,5.0,,,,,,1.0,6.0,,,,,,,,,3.0,13.0,,,4.0,14.0,,5702,534,,232,,67.0,,,,,10.0,,4.0,,1.0,1.0,,18.0,2.0,1142,2.0,425,,78.0,,,,,,,,,259.0,,91.0,,2.0,,,17.0,5.0,,,,,,,12.0,5.0,,,1.0,,,3248.0,,2.0,,,,,,,13.0,,16.0,,,,,,,,,,,,222.0,,,,,,,2.0,,,,,,,,,,,,,,,1234,73
_1_km_monthly_VI_Quality_2017335_aid0001,aid0001,2017-12-01 00:00:00+00:00,5097,13772,3221,11694,494.0,3478.0,,2038937,21.0,74361,45.0,1877.0,1.0,,1173878,52.0,89814,80.0,645.0,10.0,,84996,66.0,36808,399.0,321.0,52.0,,4038,2041,2626,2642,372.0,1035.0,,25344,10.0,5084,12.0,553.0,17.0,,20112,69.0,6325,28.0,605.0,21.0,,8194,93,4653,462,164.0,46.0,,1961,1520,397.0,514.0,90.0,20.0,710.0,203.0,33.0,1128,817,43.0,571,556,91.0,90.0,30.0,24.0,331.0,150.0,49.0,539,316,31.0,138,2173,45,1212,,49.0,,272496,4.0,81129,215.0,97.0,,,8.0,,,,,,10559,20,3145,130,22.0,23.0,,220,202,10.0,546,1037,,,,,162,261,6.0,294,1818,19,884,14.0,6.0,,17637,1.0,4039,39.0,20.0,,,13.0,22.0,,,200,,88,,3.0,,,2033,9.0,497,17.0,9.0,,,13.0,,,15.0,1.0,,46.0,,28.0,,,,,231,130,2.0,120,186,,2.0,,5.0,3.0,1.0,71.0,45.0,,5.0,,,27793,3517,37195,3702,6663.0,510.0,,,,,,182.0,1.0,523.0,,22.0,2.0,8236,11.0,7702,18.0,1576.0,4.0,,,,,,240.0,,315.0,,18.0,,4.0,1023,907,236.0,,3.0,4.0,1.0,1.0,209,197,23.0,,1.0,2.0,8.0,,181.0,44.0,598.0,75.0,72.0,9.0,,,,,46.0,1.0,59.0,,12.0,,,7.0,11.0,,,,2.0,2.0,,,33.0,1.0,6.0,,,,,,,,3.0,,3.0,3.0,1.0,,,,,,5.0,1.0,,,2.0,,,,,,344,181.0,205,173.0,12.0,47.0,,2624,1.0,877,9.0,40.0,,,1136,6.0,632,10.0,17.0,,,585,9.0,560,14.0,24.0,,,8.0,18.0,850,289,433,293.0,16.0,54.0,,152,,4615,11.0,771,2.0,10.0,,,59,,4442,19.0,1495,20.0,43.0,,,17.0,,2250,89,1190,84.0,58.0,4.0,,71.0,51.0,6.0,20.0,16.0,1.0,20.0,22.0,,37.0,33.0,,,3.0,84,106.0,9.0,,,47.0,17.0,,,,146.0,99.0,4.0,,7.0,228,189.0,7.0,1.0,1.0,1.0,,,,670,2.0,328,29.0,1.0,,,,,,,,1406,14.0,394,43.0,,,,,,,,2.0,3.0,,22.0,47.0,,,,,65.0,70,,,,,7,2.0,8.0,,,,,121,,140,2.0,,,,,,,,,22.0,,28.0,,,,,887,8.0,227,17.0,,,,,,,,,,1.0,55.0,2.0,64.0,6.0,,,,,,6.0,20.0,,,,,,,,,65.0,19.0,,,4.0,8.0,,4968,1556,1.0,1201,,171.0,,,,,43.0,,26.0,,3.0,4.0,,44.0,,2436,2.0,1604,2.0,219.0,,,,,,,,,263.0,,292.0,,41.0,,,32.0,27.0,,,,,,1.0,33.0,35.0,6.0,,5.0,4.0,,2929.0,1.0,7.0,,,,,,,19.0,,17.0,,3.0,,,,,,,1.0,,,213.0,,,,,,,2.0,,,,,,,,,,,,,,,905,65
_1_km_monthly_VI_Quality_2018001_aid0001,aid0001,2018-01-01 00:00:00+00:00,6871,24690,9003,16249,935.0,6999.0,,1988436,23.0,65970,2.0,1477.0,19.0,,1138924,20.0,40192,13.0,666.0,7.0,,164066,12235.0,32259,1505.0,411.0,44.0,,2989,1745,3265,1592,423.0,1345.0,,15720,235.0,4497,28.0,607.0,184.0,,15700,77.0,6794,14.0,727.0,47.0,,8824,4138,5324,1569,119.0,11.0,,2095,2221,1050.0,128.0,17.0,32.0,930.0,90.0,20.0,18945,1902,79.0,409,404,200.0,284.0,45.0,85.0,230.0,77.0,66.0,3286,963,9.0,104,4906,34,1598,,56.0,,284612,1014.0,42129,1269.0,28.0,,,39.0,,,,,,8239,224,2391,213,19.0,6.0,,496,175,4.0,2587,2323,4.0,,,,358,377,5.0,231,1636,52,646,,12.0,,18508,79.0,3411,131.0,40.0,,,2.0,2.0,,,153,,70,,,,,1595,95.0,451,53.0,21.0,1.0,,,,,,,,25.0,,9.0,,,,,198,190,2.0,406,330,2.0,,,7.0,3.0,,132.0,97.0,5.0,2.0,,,37551,3239,53284,3199,21086.0,1056.0,,,,,,428.0,1.0,1022.0,,36.0,,4608,3.0,5249,2.0,2421.0,27.0,,,,,,236.0,,322.0,,32.0,,2.0,1086,1263,718.0,,4.0,5.0,,3.0,93,143,96.0,,,,7.0,,245.0,26.0,664.0,86.0,171.0,5.0,,,,,56.0,,107.0,,9.0,,,4.0,18.0,7.0,,,,5.0,,6.0,3.0,8.0,3.0,,,,,,,,25.0,,16.0,,,,,2.0,,,,,,,3.0,,,,,,301,189.0,300,181.0,42.0,119.0,,1332,,402,,6.0,,,932,4.0,496,3.0,9.0,,,1183,263.0,496,42.0,6.0,,,2.0,21.0,831,345,516,241.0,49.0,94.0,,36,,2055,18.0,422,5.0,7.0,11.0,,28,1.0,3141,17.0,953,3.0,51.0,3.0,,60.0,59.0,3365,1430,953,703.0,31.0,,,58.0,43.0,13.0,6.0,3.0,,9.0,6.0,3.0,220.0,73.0,3.0,,3.0,115,59.0,12.0,,,43.0,6.0,2.0,,,101.0,29.0,6.0,12.0,45.0,1090,325.0,2.0,,1.0,5.0,4.0,,1.0,645,120.0,235,92.0,,,,,,,,,1213,103.0,210,91.0,,1.0,,,,,,,,,150.0,266.0,,,,,183.0,140,,,,,12,3.0,13.0,5.0,,1.0,,140,8.0,99,27.0,,,,,,,,,9.0,,10.0,,,,,606,23.0,110,31.0,,,,,,,,,,,24.0,,14.0,,,,6.0,9.0,,31.0,58.0,,,,1.0,1.0,,2.0,,96.0,22.0,,,2.0,1.0,,5677,1090,,970,2.0,334.0,,,,,45.0,2.0,60.0,,6.0,2.0,,54.0,2.0,1945,1.0,1088,2.0,292.0,2.0,,,,,,,,234.0,,228.0,,24.0,,,21.0,20.0,15.0,,,,,4.0,7.0,9.0,4.0,,,,3.0,3491.0,2.0,20.0,,14.0,,,,,12.0,,20.0,,1.0,,,,,,,,,,341.0,,,,,,,,,,,,,,,,,,,,,,1376,63
_1_km_monthly_VI_Quality_2018032_aid0001,aid0001,2018-02-01 00:00:00+00:00,7998,18034,10175,22438,197.0,1895.0,,2843910,6.0,79455,6.0,75.0,8.0,,508690,13.0,47259,14.0,107.0,7.0,,25630,95.0,19966,130.0,116.0,16.0,,2972,1978,3054,2741,119.0,446.0,,19517,122.0,4235,116.0,71.0,48.0,,16505,55.0,5414,50.0,132.0,18.0,,5122,144,5183,175,28.0,3.0,,1741,2933,408.0,35.0,79.0,14.0,102.0,74.0,5.0,606,368,30.0,335,473,55.0,134.0,164.0,39.0,200.0,92.0,38.0,395,264,3.0,123,1044,53,747,,30.0,,277288,6.0,40467,125.0,,,,,,,,,,6294,21,1862,63,4.0,3.0,,74,54,1.0,144,345,,,,,60,101,,444,1013,191,418,,5.0,,20540,5.0,4549,55.0,,,,4.0,,,,131,,70,,,,,1715,38.0,675,24.0,,,,,,,,,,9.0,,15.0,,,,,87,52,1.0,78,166,,,,6.0,1.0,,43.0,41.0,,2.0,,,44044,2769,61998,2211,4014.0,182.0,,,,,,440.0,1.0,715.0,,24.0,,5595,7.0,5092,23.0,569.0,1.0,,,,,,258.0,,153.0,2.0,8.0,,1.0,930,1308,245.0,,6.0,8.0,,,102,140,26.0,,,,6.0,,225.0,54.0,918.0,88.0,36.0,1.0,,,,,77.0,1.0,81.0,,6.0,,,6.0,18.0,3.0,,,,2.0,,2.0,23.0,,8.0,,,,,,,,19.0,,8.0,1.0,,,,2.0,,,12.0,,,,3.0,,,,,,185,149.0,242,154.0,6.0,34.0,,1789,1.0,275,,,,,688,4.0,458,,3.0,,,350,4.0,448,4.0,,,,5.0,13.0,495,307,304,118.0,9.0,19.0,,96,,3163,14.0,158,6.0,,4.0,,38,1.0,3202,21.0,659,1.0,12.0,3.0,,5.0,,1917,94,1010,40.0,7.0,,,25.0,18.0,4.0,6.0,3.0,,6.0,5.0,3.0,10.0,25.0,,1.0,7.0,61,26.0,2.0,,,31.0,5.0,1.0,,,87.0,25.0,,,,148,67.0,1.0,2.0,1.0,4.0,1.0,,,286,3.0,227,23.0,,,,,,,1.0,,693,9.0,211,32.0,,,,,,,,,,,11.0,27.0,,,,,14.0,26,,,,,47,2.0,10.0,,,,,71,,109,15.0,,,,,,,,,5.0,,10.0,,,3.0,,533,22.0,128,11.0,,,,,,,,,,,20.0,,7.0,,,,1.0,3.0,,,22.0,,,,,,,,,28.0,10.0,,,2.0,,,5032,1049,,500,1.0,46.0,,,,,33.0,,26.0,,1.0,1.0,,51.0,1.0,1591,1.0,558,,39.0,,,,,,,,,268.0,,136.0,1.0,3.0,,,14.0,20.0,3.0,,,,1.0,2.0,14.0,7.0,,,,4.0,,2696.0,6.0,4.0,,9.0,,,,,29.0,,11.0,,,,1.0,,,,,,,,110.0,,,,,,,1.0,,,,,,,,,,,,2.0,,,526,62
_1_km_monthly_VI_Quality_2018060_aid0001,aid0001,2018-03-01 00:00:00+00:00,20184,11516,16654,13060,,,,2562947,,52317,,,,,794104,,68109,2.0,,,,25370,32.0,12849,40.0,,,,4287,879,2928,1128,,,,15402,1.0,1473,,,,,16953,2.0,2838,,,,,4135,36,1822,29,,,,1118,1503,,,,,6.0,8.0,,91,116,,257,177,,10.0,5.0,,33.0,7.0,,76,38,,225,868,147,576,,,,294418,3.0,50432,12.0,,,,,,,,,,5380,7,1611,16,,,,62,61,,27,220,,,,,15,44,,613,577,202,327,,,,22386,,4561,28.0,,,,2.0,,,,83,,99,,,,,1384,10.0,804,1.0,,,,1.0,,,,,,5.0,,8.0,,,,,16,16,,5,116,,,,1.0,,,11.0,1.0,,,,,67097,3132,65445,1683,,,,,2.0,,,146.0,,151.0,,,,5967,10.0,4672,20.0,,,,,,,,76.0,,39.0,,,,,793,813,,,2.0,6.0,,,88,80,,,,,,,460.0,87.0,1367.0,65.0,,,,,,,81.0,,96.0,,,,,,9.0,,,,1.0,,,37.0,57.0,13.0,15.0,,,,,,,,89.0,18.0,9.0,6.0,,,,,,,25.0,9.0,,,18.0,5.0,,,,,112,51.0,52,39.0,,,,546,,54,,,,,346,,102,,,,,119,3.0,227,,,,,2.0,5.0,343,159,101,63.0,,,,31,,539,1.0,16,,,,,26,,1217,2.0,120,,,,,,,721,8,360,8.0,,,,2.0,11.0,,,,,,,,6.0,14.0,,1.0,4.0,24,19.0,,,,4.0,,,,,5.0,1.0,,,,8,8.0,,2.0,,,,,,216,,207,1.0,,,,,,,1.0,,434,1.0,218,6.0,,,,1.0,,,,1.0,2.0,,,9.0,,,,,4.0,17,,,,,28,1.0,3.0,,,,,132,,180,2.0,,,,,,,,,8.0,,25.0,,,3.0,,424,9.0,151,2.0,,,,,,,,,,,9.0,,22.0,,,,,,,,1.0,,,,,,,,,,1.0,,,,2.0,,4965,535,2.0,238,1.0,,,,,,6.0,,6.0,,,10.0,,32.0,,941,,334,,,,,,,,,,,83.0,,4.0,,,,,8.0,9.0,,,,,,4.0,11.0,7.0,,,,,,1691.0,,2.0,,,,,,,15.0,,11.0,,,,1.0,,,,,,,,35.0,,2.0,,,,,8.0,2.0,,,,,,,,,1.0,1.0,2.0,,,161,63
_1_km_monthly_VI_Quality_2018091_aid0001,aid0001,2018-04-01 00:00:00+00:00,27803,9040,23361,6787,,,,2617217,9.0,74954,,,,,608767,2.0,101078,8.0,,,,32968,,38278,10.0,,,,6591,301,5398,957,,,,28663,2.0,4468,1.0,,,,56821,6.0,17216,,,,,16078,31,8838,96,,,,335,525,,9.0,,,3.0,8.0,,12,39,,154,367,,3.0,,,9.0,8.0,,65,114,,350,1844,250,854,,,,254138,12.0,49435,35.0,,,,,,,,,,11833,13,3883,136,,,,125,117,,22,359,,,,,18,94,,815,697,137,293,,,,19541,2.0,6213,20.0,,,,20.0,2.0,,,19,,104,,,,,2037,11.0,696,,,,,4.0,,,9.0,2.0,,9.0,,9.0,,,,,53,15,,14,189,,,,1.0,,,34.0,18.0,,,,,67464,944,48918,699,,,,,,,,14.0,,21.0,,,,3454,,2816,18.0,,,,,,,,4.0,,7.0,,,,,178,371,,,,3.0,,,67,147,,,,,,,689.0,20.0,555.0,38.0,,,,,,,47.0,,75.0,,,,,6.0,11.0,,,,1.0,4.0,,64.0,17.0,7.0,10.0,,,,,,,,25.0,15.0,,,,,,,,,11.0,4.0,,,10.0,,,,,,35,11.0,33,19.0,,,,522,,189,,,,,541,,289,,,,,92,,127,6.0,,,,1.0,,278,111,247,183.0,,,,30,,619,,267,1.0,,,,51,,2265,1.0,1218,1.0,,,,2.0,,843,48,801,60.0,,,,2.0,4.0,,,,,,,,1.0,1.0,,,,31,78.0,,,,,,,,,3.0,,,,,61,114.0,,1.0,4.0,4.0,1.0,,,188,,284,3.0,,,,,,,,,716,14.0,419,37.0,,,,,,,,,2.0,,,34.0,,,,,7.0,44,,,,,19,,5.0,,,,,156,,212,1.0,,,,,,,,,1.0,,15.0,,,6.0,,505,1.0,235,1.0,,,,,,,,,,,6.0,,10.0,,,,,2.0,,,13.0,,,,,,,,,18.0,23.0,,,,,,4837,153,,74,,,,,,,,,,,,1.0,,17.0,,281,,216,,,,,,,,,,,8.0,,,,,,,,2.0,,,,,,1.0,14.0,37.0,,,,,,810.0,,5.0,,,,,,,8.0,,19.0,,,,,1.0,,,,,,,16.0,,2.0,,,,,,,4.0,,,,,1.0,,,1.0,,,,,50,59
_1_km_monthly_VI_Quality_2018121_aid0001,aid0001,2018-05-01 00:00:00+00:00,26124,16854,22711,8861,,,,1818915,218.0,57068,77.0,,,,1359739,110.0,131173,154.0,,,,32622,12.0,37442,303.0,,,,7237,123,5849,262,,,,40864,89.0,5401,28.0,,,,77956,215.0,16037,141.0,,,,28720,286,14155,680,,,,714,479,,536.0,658.0,,400.0,560.0,,220,1452,,128,142,,130.0,19.0,,460.0,258.0,,748,1050,,515,3847,398,1654,,,,238580,141.0,58132,305.0,,,,,,,,,,16883,52,6176,139,,,,379,205,,132,806,,,,,156,220,,680,1120,113,247,,,,17270,21.0,5777,34.0,,,,31.0,1.0,,,28,,24,,,,,3444,12.0,804,8.0,,,,11.0,,,35.0,,,11.0,,12.0,,,,,113,41,,81,186,,,,,,,37.0,31.0,,,,,33627,271,36102,265,,,,,,,,,,6.0,,,,1693,,1391,18.0,,,,,,,,,,,,,,,59,84,,,,,,,31,60,,,,,,,258.0,3.0,256.0,1.0,,,,,,,8.0,,4.0,,,,,5.0,5.0,,,,1.0,,,56.0,1.0,,4.0,,,,,,,,23.0,1.0,,,,,,,,,2.0,5.0,,,3.0,,,,,,55,3.0,53,3.0,,,,1617,1.0,423,2.0,,,,1089,2.0,579,12.0,,,,304,1.0,460,7.0,,,,3.0,,536,43,281,43.0,,,,121,,3522,21.0,337,4.0,,,,117,2.0,5950,46.0,1464,64.0,,,,26.0,,3737,271,2364,404.0,,,,1.0,6.0,,7.0,6.0,,25.0,22.0,,11.0,44.0,,,,41,55.0,,,,12.0,1.0,,,2.0,116.0,79.0,,,3.0,601,532.0,,1.0,,1.0,,,,292,4.0,529,27.0,,,,,,,1.0,,1293,7.0,878,44.0,,,,,,,,,,,6.0,49.0,,,,,75.0,89,,,,,21,1.0,1.0,,,,,73,,311,4.0,,,,,,,,,,,17.0,,,3.0,,768,12.0,400,10.0,,,,,1.0,,1.0,,,,6.0,,12.0,,,,,,,,10.0,,,,,,,,,30.0,47.0,,,,,,4916,32,,13,,,,,,,,,,,,,,1.0,,49,,32,,,,,,,,,,,,,1.0,,,,,,,,,,,,1.0,9.0,5.0,,,,,,148.0,1.0,,,,,,,,8.0,,1.0,,,,,,,,,2.0,,,5.0,2.0,,,,,,,,,,,,,,,,,,,,,51,59
_1_km_monthly_VI_Quality_2018152_aid0001,aid0001,2018-06-01 00:00:00+00:00,13722,56817,11431,25882,,,,1364485,3041.0,129307,1899.0,,,,1112053,5561.0,156979,3515.0,,,,65756,2838.0,30707,3898.0,,,,15404,134,10377,122,,,,75821,533.0,10969,413.0,,,,176377,3481.0,55979,3338.0,,,,107419,9245,26765,14396,,,,6853,3000,,6481.0,6306.0,,16779.0,15186.0,,11252,8067,,104,78,,1651.0,589.0,,16283.0,9253.0,,30796,16528,,230,15538,154,9576,,,,181804,1276.0,53395,1412.0,,,,,,,,,,24669,269,10351,348,,,,1584,1314,,1368,1926,,,,,611,522,,364,2981,94,1520,,,,13418,58.0,3569,43.0,,,,35.0,1.0,,,22,,15,,,,,4358,32.0,917,26.0,,,,6.0,3.0,,50.0,2.0,,11.0,,27.0,,,,,389,291,,157,144,,,,,,,108.0,53.0,,2.0,,,14720,254,11186,237,,,,,,,,5.0,,4.0,,,,1444,2.0,930,2.0,,,,,,,,7.0,,,,,,,86,53,,,,,,,9,17,,,,,,,7.0,1.0,18.0,1.0,,,,,,,1.0,,,,,,,,,,,,,,,,,,,,,,,,,,,,,,,,,,,,,,,,,,,,,,71,,86,1.0,,,,2559,11.0,812,34.0,,,,3555,88.0,2062,340.0,,,,2058,185.0,1536,564.0,,,,11.0,,657,38,393,58.0,,,,238,,6705,53.0,842,65.0,,,,487,11.0,24288,964.0,7994,1483.0,,,,244.0,27.0,25168,7201,12648,16802.0,,,,2.0,3.0,,88.0,252.0,,554.0,532.0,,791.0,585.0,,,,50,69.0,,,7.0,240.0,170.0,,3.0,116.0,3940.0,3247.0,,4.0,124.0,14636,13320.0,,5.0,,17.0,,,,875,8.0,1025,39.0,,,,,,,,,3427,53.0,2162,141.0,,,,3.0,,1.0,,,,,93.0,160.0,,,,,254.0,290,,,,,18,,9.0,,,,,162,,365,5.0,,,,,,,,,2.0,,12.0,,,2.0,,1229,13.0,529,13.0,,,,,,,,,,,15.0,2.0,39.0,,,,,,,8.0,16.0,,,,,,,,1.0,59.0,68.0,,,1.0,4.0,,4954,11,,34,,,,,,,,,,,,2.0,,7.0,,31,,24,,,,,,,,,,,3.0,,1.0,,,,,,1.0,,,,,,,2.0,4.0,,,,4.0,,13.0,,,,,,,,,2.0,,,,,,,,,,,,,,18.0,,,,,,,,,,,,,,,,,,,,,,145,58
_1_km_monthly_VI_Quality_2018182_aid0001,aid0001,2018-07-01 00:00:00+00:00,7060,289275,7339,147970,,,,391558,6926.0,99993,10123.0,,,,463991,12923.0,108402,20503.0,,,,75201,6773.0,21856,14631.0,,,,13248,397,10900,676,,,,93601,4719.0,16567,3311.0,,,,270953,24820.0,71141,22728.0,,,,217972,72869,43330,70991,,,,59994,22069,,17731.0,14383.0,,54193.0,30133.0,,25742,10577,,249,165,,17967.0,2340.0,,94732.0,30293.0,,180450,57001,,173,75993,214,47981,,,,51292,1808.0,27417,3033.0,,,,,,,,,,24910,1078,9815,1433,,,,12101,6597,,3360,3484,,,,,2528,1568,,144,9707,295,4982,,,,3169,56.0,2854,114.0,,,,7.0,5.0,,,3,,21,,,,,2828,114.0,734,85.0,,,,9.0,2.0,,35.0,1.0,,22.0,1.0,41.0,,,,,1976,864,,136,197,,,,,,,305.0,134.0,,6.0,,,4220,601,3331,568,,,,,,,,65.0,,25.0,,,,1582,,1361,,,,,,,,,25.0,,5.0,,,,,14,23,,,,,,,13,17,,,,,,,,,1.0,1.0,,,,,,,,,,,,,,,,,,,,,,,,,,,,,,,,,,,,,,,,,,,,,,,,,,,,,58,39.0,48,47.0,,,,2837,123.0,970,144.0,,,,7422,705.0,3540,760.0,,,,3562,1041.0,1697,1578.0,,,,9.0,1.0,533,310,492,679.0,,,,301,14.0,10609,852.0,1259,824.0,,,,1073,130.0,60578,8736.0,13952,7661.0,,,,542.0,160.0,84690,66280,25696,83625.0,,,,20.0,52.0,,935.0,348.0,,2883.0,1608.0,,2338.0,1385.0,,,1.0,156,328.0,,3.0,123.0,4289.0,743.0,,25.0,483.0,32280.0,11810.0,,36.0,470.0,101600,54697.0,,,2.0,34.0,3.0,,,1158,74.0,916,221.0,,,,,,,,,4702,313.0,3007,587.0,,,,12.0,,3.0,,2.0,12.0,,244.0,175.0,,,,,924.0,705,,,3.0,,17,,26.0,5.0,,,,136,5.0,200,7.0,,,,3.0,,,,,3.0,,4.0,,,,,1154,83.0,461,33.0,,,,,,,2.0,,,,25.0,2.0,62.0,,,,1.0,1.0,,16.0,18.0,,,,,,,,,177.0,111.0,,,1.0,4.0,,5021,31,,37,,,,,,,3.0,,,,,7.0,,9.0,,51,,29,,,,,,,,,,1.0,5.0,,12.0,,,,,,,,1.0,,,,,1.0,5.0,,,1.0,2.0,,7.0,,,,,,,,,,,,,,,,,,,,,,,16.0,,,,,,,,,,,,,,,,,,,,,,16,59
_1_km_monthly_VI_Quality_2018213_aid0001,aid0001,2018-08-01 00:00:00+00:00,4727,177293,5259,68248,,,,749663,4324.0,167194,2789.0,,,,570644,2203.0,179530,3832.0,,,,60661,1104.0,58692,3197.0,,,,9036,287,7048,364,,,,134291,824.0,18242,729.0,,,,463791,4986.0,76137,4362.0,,,,219615,18097,63347,22559,,,,25503,8031,,3885.0,3130.0,,12266.0,15069.0,,7705,14453,,173,317,,4180.0,1192.0,,30524.0,11211.0,,66620,35772,,161,48622,381,25251,,,,91960,1147.0,59545,1428.0,,,,,,,,,,29356,264,13341,361,,,,3304,1164,,678,1150,,,,,584,471,,730,7792,132,2977,,,,6460,31.0,3074,55.0,,,,23.0,4.0,,,22,,26,,,,,2916,41.0,962,9.0,,,,9.0,1.0,,21.0,7.0,,10.0,,24.0,,,,,906,366,,113,77,,,,,,,143.0,52.0,,1.0,2.0,,2882,502,4741,270,,,,,,,,99.0,,14.0,,,,1206,,1781,3.0,,,,,2.0,,,135.0,,7.0,,,,,28,76,,,2.0,,,,17,52,,,,4.0,,,,6.0,1.0,3.0,,,,,,,,,8.0,,,,,,,,,,,,,,,,,,,,,,,,,,,,,,,,,,,,,,,,,,,,85,9.0,98,37.0,,,,7114,51.0,799,26.0,,,,14393,160.0,4225,139.0,,,,4791,240.0,2631,516.0,,,,15.0,1.0,720,223,464,421.0,,,,897,1.0,17776,229.0,1055,98.0,,,,2729,25.0,125239,2592.0,13827,1479.0,,,,569.0,28.0,96260,22641,31503,33028.0,,,,23.0,73.0,,268.0,46.0,,1188.0,539.0,,1022.0,1228.0,,,1.0,186,281.0,,1.0,32.0,1250.0,241.0,,11.0,222.0,15937.0,3858.0,,9.0,211.0,51818,32641.0,,7.0,1.0,47.0,7.0,,,2427,14.0,2289,56.0,,,,,,,,,8424,156.0,4031,376.0,,,,29.0,,6.0,,,6.0,,76.0,117.0,,,,,403.0,480,,,,,52,2.0,22.0,,,,,329,4.0,306,3.0,,,,4.0,,,,,10.0,,3.0,,,4.0,1.0,1877,49.0,650,19.0,,,,,,,1.0,,,,29.0,,34.0,,,,2.0,1.0,,18.0,26.0,,,,,,,,,140.0,25.0,,,,5.0,,5004,51,,3,,,,,,,8.0,,1.0,,,,,11.0,,77,,23,,,,,,,,,,,50.0,,3.0,,,,,1.0,1.0,,,,,,,3.0,2.0,,,,,,19.0,,,,,,,,,,,2.0,,,,,,,,,,,,52.0,,,,,,,,,,,,,,,,,,,,,,149,59
_1_km_monthly_VI_Quality_2018244_aid0001,aid0001,2018-09-01 00:00:00+00:00,5985,17896,8529,8435,,,,2057621,376.0,192291,64.0,,,,706755,408.0,202189,182.0,,,,75252,82.0,89221,372.0,,,,6369,270,6295,188,,,,68263,26.0,11888,7.0,,,,158737,87.0,45521,114.0,,,,41708,224,22110,315,,,,1072,573,,132.0,58.0,,429.0,556.0,,322,1154,,141,85,,37.0,15.0,,316.0,175.0,,593,864,,169,3645,168,1718,,,,207934,289.0,108070,524.0,,,,,,,,,,16694,60,8176,92,,,,347,201,,160,607,,,,,72,163,,1775,1293,226,493,,,,15062,4.0,6056,19.0,,,,38.0,2.0,,,61,,66,,,,,2265,1.0,819,,,,,18.0,1.0,,23.0,6.0,,12.0,,33.0,,,,,110,25,,28,107,,,,,,,25.0,20.0,,,,,6067,531,7633,424,,,,,,,,43.0,,,,,,1773,2.0,1686,12.0,,,,,,,,84.0,,9.0,,,,,56,118,,,2.0,,,,34,37,,,,4.0,1.0,,1.0,2.0,11.0,2.0,,,,,,,,,,,,,,,,,,,,,,,2.0,,,,,,,,,,1.0,,,,,,,,,,,,,,,,,,,,100,7.0,21,2.0,,,,3676,1.0,367,,,,,2556,6.0,752,3.0,,,,581,10.0,457,15.0,,,,13.0,3.0,506,47,138,17.0,,,,379,1.0,6047,,465,1.0,,,,276,1.0,12862,37.0,2805,43.0,,,,44.0,,5930,314,2844,384.0,,,,1.0,,,1.0,,,29.0,20.0,,12.0,46.0,,1.0,1.0,28,4.0,,,,18.0,5.0,,,3.0,296.0,79.0,,1.0,1.0,881,839.0,,1.0,,13.0,,,,978,2.0,670,6.0,,,,,,,,,1954,12.0,835,34.0,,,,,,,,,,,17.0,57.0,,,,,68.0,86,,,,,79,,16.0,,,,,293,2.0,261,2.0,,,,2.0,,,,,7.0,,4.0,,,3.0,,836,1.0,282,1.0,,,,,,,2.0,,,,15.0,,41.0,,,,,,,6.0,15.0,,,,,,,,,17.0,16.0,,,1.0,1.0,,4893,162,,8,,,,,,,13.0,,,,,2.0,,18.0,,204,,47,,,,,,,,,,,105.0,,57.0,,,,,4.0,,,,,,,2.0,6.0,,,,2.0,2.0,,88.0,,,,,,,,,,,,,,,,,,,,,,,113.0,,,,,,,,,,,,,,,,,,,,,,492,60
_1_km_monthly_VI_Quality_2018274_aid0001,aid0001,2018-10-01 00:00:00+00:00,19913,13371,22231,8922,,,,2703198,11.0,42635,2.0,,,,712817,28.0,50731,78.0,,,,11650,36.0,9866,145.0,,,,8896,1532,7227,1219,,,,30774,32.0,3584,5.0,,,,34078,78.0,6885,37.0,,,,11215,226,3074,304,,,,1415,1125,,41.0,3.0,,323.0,231.0,,211,389,,649,468,,44.0,7.0,,264.0,57.0,,437,206,,123,2598,186,1424,,,,277445,62.0,38414,97.0,,,,,,,,,,8125,52,2558,49,,,,231,184,,112,260,,,,,94,83,,643,742,86,288,,,,20927,1.0,5408,,,,,62.0,11.0,,,80,,54,,,,,1206,4.0,615,1.0,,,,23.0,,,32.0,3.0,,7.0,,12.0,,,,,29,22,,2,62,,,,,,,8.0,7.0,,,,,32758,2174,32127,1438,,,,,,,,39.0,,22.0,,,,6599,10.0,4150,17.0,,,,,,,,79.0,,38.0,,,,1.0,527,498,,,3.0,2.0,,,177,89,,,,1.0,3.0,,234.0,7.0,271.0,29.0,,,,,,,56.0,1.0,40.0,1.0,,,,8.0,8.0,,,,5.0,,,,5.0,,5.0,,,,,,,,,,,,,,,,,,,,,,,,,,,,253,56.0,122,20.0,,,,2387,,450,,,,,698,,170,7.0,,,,332,7.0,200,14.0,,,,13.0,9.0,799,185,202,86.0,,,,146,,3032,1.0,175,,,,,70,,3595,13.0,557,17.0,,,,11.0,,2243,86,631,151.0,,,,17.0,7.0,,3.0,,,12.0,8.0,,30.0,11.0,,1.0,7.0,65,47.0,,,,4.0,,,,,107.0,14.0,,,1.0,222,143.0,,1.0,,7.0,,,,733,,516,,,,,,,,,,1319,9.0,457,8.0,,,,2.0,,,,,,,9.0,15.0,,,,,49.0,40,,,,,50,,1.0,,,,,177,,235,,,,,,,,,,4.0,,3.0,,,,,752,3.0,215,,,,,,2.0,,3.0,,,,12.0,,6.0,,,,,,,,5.0,,,,,,,,,6.0,7.0,,,,,,5691,812,,247,,,,,,,8.0,,3.0,,,6.0,,44.0,,1412,1.0,406,,,,,,,,,,,121.0,,71.0,,,,,16.0,2.0,,,,,,7.0,20.0,4.0,,,2.0,2.0,,445.0,6.0,2.0,,,,,,,9.0,,2.0,,,,,,,,,,,,209.0,,,,,,,,,,,,,,,,,,,,,,1181,63
_1_km_monthly_VI_Quality_2018305_aid0001,aid0001,2018-11-01 00:00:00+00:00,8250,12738,11168,12356,322.0,895.0,,2371296,2.0,185362,,170.0,,,785763,13.0,82539,3.0,163.0,5.0,,28690,51.0,15554,62.0,106.0,16.0,,3313,1113,3573,1277,157.0,160.0,,20266,4.0,5165,5.0,127.0,3.0,,26845,30.0,7109,7.0,279.0,4.0,,9947,57,5058,76,25.0,3.0,,2148,2803,230.0,16.0,18.0,2.0,77.0,34.0,8.0,204,502,28.0,188,322,46.0,27.0,16.0,9.0,128.0,25.0,12.0,225,176,,158,2508,40,1114,,,,262891,,67793,35.0,,,,,,,,,,8763,5,3147,28,6.0,1.0,,288,197,,172,612,,,,,85,157,,337,1256,85,774,,1.0,,19452,,4774,10.0,,,,42.0,7.0,,,108,,98,,,,,1742,12.0,559,6.0,,,,8.0,,,14.0,1.0,,32.0,,39.0,3.0,,,,82,121,,29,108,,,,,3.0,,18.0,25.0,,,,,60557,4404,73972,2956,4638.0,128.0,,,,,,295.0,,239.0,,4.0,,7829,11.0,8054,38.0,1032.0,7.0,,,,,,206.0,,124.0,,7.0,,2.0,1266,1567,114.0,,4.0,,,,135,177,13.0,,,1.0,10.0,,615.0,49.0,995.0,91.0,53.0,,,,,,71.0,,112.0,,16.0,,,9.0,7.0,,,,,2.0,,2.0,7.0,,3.0,,,,,,,,4.0,,,1.0,,,,,,,,,,,1.0,,,,,,360,98.0,159,73.0,6.0,21.0,,846,,458,,,,,754,,128,,,,,408,2.0,254,6.0,4.0,,,1.0,7.0,546,204,256,109.0,14.0,17.0,,69,,1633,,490,,6.0,,,63,,2782,5.0,505,3.0,13.0,,,12.0,,1403,35,490,8.0,1.0,,,40.0,27.0,2.0,,,,2.0,,,16.0,2.0,,,3.0,22,12.0,,,,5.0,,,,,39.0,1.0,,,1.0,102,39.0,,2.0,1.0,1.0,,,,799,1.0,457,1.0,,,,,,,,,1607,2.0,480,16.0,,,,1.0,,,,5.0,2.0,,19.0,28.0,,,,,56.0,65,,,,,58,6.0,4.0,1.0,,,,180,,252,4.0,,,,,,,,,21.0,,7.0,,,3.0,,780,12.0,234,13.0,,,,,,,,,,,22.0,,27.0,,,,,,,2.0,10.0,,,,,,,,,16.0,26.0,,,,,,5736,1376,,737,2.0,152.0,,,,,21.0,,4.0,,,3.0,,60.0,,2045,1.0,947,2.0,189.0,,,,,,,,,189.0,,74.0,,1.0,,,36.0,9.0,4.0,,,,1.0,2.0,25.0,7.0,,,,1.0,,1837.0,4.0,4.0,,,,,,3.0,12.0,,10.0,,3.0,,,,,,,,1.0,,226.0,,,,,,,,,,,,,,,,,,,,,,889,68
_1_km_monthly_VI_Quality_2018335_aid0001,aid0001,2018-12-01 00:00:00+00:00,5341,12475,6867,15580,671.0,5497.0,,1435615,2.0,37702,5.0,895.0,10.0,,1320589,38.0,93483,20.0,830.0,6.0,,440730,86.0,95167,206.0,501.0,88.0,,3164,1189,2965,2128,320.0,1119.0,,22089,9.0,5339,64.0,334.0,63.0,,24336,25.0,8606,47.0,509.0,26.0,,15954,80,8260,194,202.0,29.0,,1431,1995,630.0,110.0,15.0,16.0,2739.0,51.0,48.0,1205,655,59.0,309,332,100.0,42.0,73.0,23.0,143.0,135.0,29.0,268,377,33.0,114,1703,44,802,2.0,38.0,,277549,27.0,94196,149.0,256.0,,,9.0,,,,,,11409,14,3319,40,25.0,6.0,,189,177,5.0,452,961,3.0,,,,146,266,2.0,313,1170,64,751,3.0,17.0,,17880,2.0,4382,23.0,35.0,,,25.0,9.0,,,186,,92,,8.0,,,2489,1.0,724,7.0,4.0,,,4.0,,,1.0,1.0,,47.0,,34.0,3.0,,,,96,128,1.0,100,145,,,,4.0,5.0,,30.0,29.0,1.0,,,,37878,3913,53946,4844,20612.0,1301.0,,,,,,334.0,1.0,514.0,,66.0,,8115,4.0,8562,4.0,3718.0,17.0,,,,,,251.0,,340.0,2.0,55.0,,3.0,913,1369,560.0,,3.0,8.0,1.0,,137,159,59.0,,,3.0,13.0,,400.0,74.0,617.0,83.0,369.0,4.0,,,,,182.0,,91.0,,36.0,2.0,,10.0,7.0,3.0,,,4.0,,1.0,2.0,6.0,63.0,25.0,,2.0,7.0,,5.0,,,7.0,,34.0,2.0,,2.0,,,,,1.0,4.0,,,1.0,3.0,,,,,273,101.0,222,221.0,24.0,100.0,,1212,,330,,1.0,1.0,,611,1.0,294,2.0,16.0,,,427,2.0,490,9.0,44.0,2.0,,,8.0,575,171,363,209.0,36.0,67.0,,32,,2307,2.0,433,4.0,21.0,6.0,,24,,3014,8.0,1076,7.0,28.0,1.0,,11.0,,1556,32,887,55.0,79.0,8.0,,32.0,48.0,9.0,2.0,,,4.0,7.0,,25.0,25.0,4.0,,1.0,39,36.0,9.0,,,19.0,8.0,,,1.0,62.0,53.0,4.0,,1.0,115,131.0,17.0,,,,,,4.0,667,,345,17.0,,,,,,,,,1357,8.0,383,25.0,,,,,,,,,,,19.0,56.0,,,,,61.0,81,,,,,77,,2.0,,,,,172,,203,5.0,,,,,,,,,26.0,,4.0,,,5.0,,1099,1.0,252,12.0,,,,,,,,,,,52.0,5.0,38.0,,,,,,,7.0,19.0,,,,,3.0,,,,18.0,24.0,,,3.0,7.0,,4947,1430,,1426,1.0,629.0,,,,,28.0,,45.0,,5.0,2.0,,50.0,,2208,2.0,1957,,626.0,,,,,,,,,258.0,,224.0,,53.0,,,15.0,24.0,18.0,,,,,3.0,13.0,18.0,2.0,,,3.0,,907.0,6.0,8.0,,14.0,,,,,36.0,,7.0,,2.0,,,,,1.0,,,,,117.0,,,,,,,,,,,,,,,,,,,,,,411,56
_1_km_monthly_VI_Quality_2019001_aid0001,aid0001,2019-01-01 00:00:00+00:00,2036,21070,2228,29790,196.0,13754.0,,2428144,26.0,28827,23.0,7204.0,35.0,,869954,37.0,39462,111.0,2371.0,12.0,,70798,245.0,12089,229.0,190.0,32.0,,1198,2991,1147,3730,121.0,2514.0,,11419,29.0,2341,36.0,557.0,113.0,,13236,34.0,3455,45.0,625.0,122.0,,4749,217,2899,290,185.0,153.0,,837,1575,513.0,663.0,58.0,86.0,1807.0,442.0,29.0,774,669,22.0,211,358,68.0,87.0,66.0,85.0,152.0,87.0,76.0,333,335,42.0,191,1981,76,742,,73.0,,280039,78.0,26950,274.0,537.0,,,42.0,,,,,,8607,50,1718,117,77.0,22.0,,170,129,5.0,694,810,4.0,,,,111,182,3.0,367,1255,57,552,,18.0,,20815,13.0,3180,51.0,52.0,,,10.0,,,,147,,86,,,,,1964,22.0,603,31.0,12.0,1.0,,,,,,,,16.0,,14.0,,,,,130,172,3.0,128,163,2.0,,,,3.0,,66.0,33.0,4.0,3.0,1.0,,68567,6985,58893,4981,27758.0,1197.0,,,,,,509.0,,310.0,,79.0,,10576,13.0,8319,24.0,3678.0,16.0,,,,,,279.0,,175.0,,81.0,,,954,1419,767.0,,,,,,137,180,59.0,,,5.0,10.0,,555.0,72.0,1004.0,103.0,283.0,18.0,1.0,1.0,,,111.0,2.0,186.0,,33.0,,,2.0,47.0,5.0,,,5.0,10.0,,21.0,81.0,3.0,54.0,,4.0,,,,,,61.0,1.0,33.0,,2.0,1.0,,,,,13.0,15.0,,,,13.0,1.0,,,,84,524.0,132,444.0,,192.0,,1223,1.0,242,,,1.0,,608,,254,4.0,9.0,,,325,8.0,412,6.0,9.0,5.0,,,34.0,283,712,276,484.0,3.0,169.0,,30,,940,3.0,286,2.0,8.0,,,28,,2030,18.0,847,12.0,40.0,6.0,,7.0,,1103,34,740,25.0,10.0,6.0,,27.0,40.0,8.0,4.0,1.0,,9.0,11.0,,15.0,26.0,,,2.0,41,43.0,1.0,,,16.0,2.0,3.0,,,60.0,36.0,2.0,,2.0,96,79.0,,5.0,2.0,2.0,4.0,,,685,4.0,366,26.0,,,,,,,1.0,1.0,1208,9.0,277,19.0,2.0,,,1.0,,,,,,,8.0,63.0,,,,,36.0,47,,,,,37,,18.0,1.0,,,,162,,90,,1.0,,,,,,,,7.0,,5.0,,,,,949,4.0,174,3.0,13.0,,,,,,,,,,20.0,,16.0,,,,1.0,,,6.0,4.0,,,,3.0,,,,,28.0,10.0,,,2.0,1.0,,5731,3836,4.0,2499,2.0,752.0,2.0,,,,27.0,,11.0,,7.0,1.0,,144.0,,5001,4.0,2490,2.0,786.0,1.0,,,,,,,,183.0,,78.0,,8.0,,,85.0,41.0,10.0,,,,,5.0,33.0,27.0,10.0,,1.0,1.0,,4408.0,15.0,10.0,,10.0,,,,,36.0,,18.0,,4.0,,,,,,,,1.0,,219.0,,,,,,,3.0,3.0,,,,,,,,,,,,1.0,,550,69
_1_km_monthly_VI_Quality_2019032_aid0001,aid0001,2019-02-01 00:00:00+00:00,14510,32900,7772,46665,19.0,6434.0,,2450619,6.0,45005,23.0,110.0,4.0,,776070,8.0,72025,14.0,111.0,2.0,,31096,143.0,28654,228.0,33.0,9.0,,1450,3314,1613,6441,29.0,702.0,,11682,9.0,2057,59.0,210.0,77.0,,15930,42.0,4080,52.0,88.0,29.0,,7867,307,4269,208,12.0,16.0,,1632,1929,95.0,57.0,69.0,3.0,135.0,52.0,,341,476,1.0,263,350,14.0,63.0,86.0,36.0,103.0,40.0,17.0,497,247,4.0,277,1340,229,949,,23.0,,282065,2.0,52330,74.0,,,,1.0,,,,,,7713,82,2925,116,6.0,2.0,,110,125,3.0,81,389,,,,,55,126,,467,1078,131,453,,5.0,,21109,5.0,4264,36.0,,,,5.0,,,,141,,68,,,,,1608,31.0,624,9.0,,,,,,,,,,17.0,,18.0,,,,,53,59,,57,142,,,,,2.0,,23.0,22.0,,,2.0,,95013,3026,73588,3783,3680.0,56.0,,,,2.0,,851.0,,545.0,,2.0,,8212,3.0,6377,10.0,280.0,,,,,,,325.0,,106.0,,,,2.0,960,1091,125.0,,,4.0,,,87,148,2.0,,,4.0,10.0,,725.0,53.0,968.0,153.0,11.0,,1.0,,,,185.0,,134.0,,5.0,,,7.0,24.0,,,,1.0,3.0,,56.0,217.0,,68.0,,,,,,,,83.0,,18.0,,,,,,,,16.0,3.0,,,1.0,,,,,,104,418.0,68,371.0,,45.0,,620,,149,,,,,386,,295,,1.0,,,221,3.0,152,7.0,,,,,34.0,255,875,192,677.0,,37.0,,10,,831,2.0,73,,5.0,1.0,,19,,1565,9.0,424,1.0,1.0,4.0,,1.0,,1110,25,426,26.0,1.0,,,44.0,22.0,,1.0,,,3.0,,3.0,4.0,4.0,,,2.0,36,29.0,,,,11.0,,4.0,,,31.0,,1.0,,1.0,94,35.0,,,2.0,4.0,1.0,,,315,,284,5.0,,,,,,,1.0,,632,5.0,264,2.0,,,,,,,,,,,3.0,18.0,,,,,14.0,29,,,,,18,,11.0,,,,,87,,66,1.0,,,,,,,,,19.0,,5.0,,,6.0,,591,3.0,146,1.0,,,,,,,,,,,24.0,,7.0,,,,,,,2.0,3.0,,,,,,,,,10.0,14.0,,,4.0,2.0,,5019,2506,1.0,1027,,65.0,,,,,36.0,,29.0,,,2.0,,130.0,,3119,3.0,993,,60.0,,,,,,,,,207.0,,56.0,1.0,,,,36.0,19.0,1.0,,,,,,34.0,18.0,2.0,,,,,1148.0,22.0,9.0,,,,,,1.0,36.0,,7.0,,,,,,,,,,,,86.0,,,,,,,,8.0,2.0,,,,,,,,,1.0,,,,299,56
_1_km_monthly_VI_Quality_2019060_aid0001,aid0001,2019-03-01 00:00:00+00:00,21518,24504,9875,26352,,,,2785797,,30774,,,,,536499,1.0,46715,8.0,,,,48973,88.0,16212,97.0,,,,3857,1749,1995,4051,,,,15534,,1645,2.0,,,,17982,1.0,3171,2.0,,,,10585,57,3741,40,,,,1205,1057,,7.0,16.0,,78.0,31.0,,185,216,,201,246,,2.0,7.0,,4.0,25.0,,92,72,,272,870,243,548,,,,274862,2.0,37607,13.0,,,,,,,,,,5675,24,1976,36,,,,59,66,,27,201,,,,,17,56,,442,771,106,277,,,,22782,2.0,5000,9.0,,,,1.0,,,,98,,69,,,,,1093,12.0,581,3.0,,,,,,,,,,22.0,,9.0,,,,,12,36,,25,155,,,,,,,8.0,26.0,,,,,111304,2206,68073,2575,,,,,,1.0,,667.0,,282.0,,,,4811,4.0,4384,24.0,,,,,,,,208.0,,80.0,,,,4.0,693,596,,,,15.0,,,77,66,,,,,2.0,,947.0,70.0,1189.0,90.0,,,,,,,122.0,,130.0,,,,,2.0,5.0,,,,1.0,7.0,,42.0,141.0,8.0,47.0,,,,,,,,114.0,,5.0,,,,,,,,30.0,,,,12.0,1.0,,,,,57,177.0,60,154.0,,,,432,,164,,,,,464,,110,,,,,120,1.0,170,,,,,2.0,18.0,303,568,159,410.0,,,,27,,667,,227,,,,,18,,1756,,305,,,,,1.0,,935,15,526,14.0,,,,13.0,5.0,,,,,,,,1.0,2.0,,,2.0,102,29.0,,,,,7.0,,,,4.0,2.0,,,,37,18.0,,,,,,,,183,,246,,,,,,,,,,420,7.0,281,6.0,,,,,,1.0,,,,,2.0,6.0,,,,,12.0,25,,,,,8,,4.0,,,,,72,,148,1.0,,,,,,,,,14.0,,7.0,,,2.0,,284,1.0,171,2.0,,,,,,,,,,,7.0,2.0,8.0,,,,,,,1.0,3.0,,,,,,,,,10.0,13.0,,,7.0,,,4951,784,,353,,,,,,,12.0,,15.0,,,6.0,,37.0,3.0,1190,,547,,,,,,,,,,,98.0,,59.0,,,,,4.0,6.0,,,,,,1.0,27.0,8.0,,,,,,481.0,6.0,2.0,,,,,,1.0,14.0,,3.0,,,,,,,,,,,,59.0,,,,,,,,,,,,,,,3.0,,,,,,,246,58
_1_km_monthly_VI_Quality_2019091_aid0001,aid0001,2019-04-01 00:00:00+00:00,35407,10516,22539,6152,,,,2889370,,73709,1.0,,,,414293,4.0,86192,2.0,,,,17130,6.0,20395,6.0,,,,7691,280,4732,205,,,,26399,3.0,4517,,,,,25506,,9245,4.0,,,,7397,23,3493,13,,,,658,581,,,,,6.0,2.0,,10,35,,261,272,,,,,3.0,2.0,,33,30,,368,924,214,320,,,,252958,7.0,50609,28.0,,,,,,,,,,7534,1,2541,11,,,,86,72,,8,171,,,,,3,39,,534,328,112,144,,,,20750,2.0,7200,16.0,,,,4.0,,,,31,,51,,,,,1364,12.0,795,,,,,6.0,,,4.0,,,4.0,,3.0,,,,,17,5,,11,121,,,,,,,11.0,,,,,,98545,1416,48181,1162,,,,,,,,32.0,,18.0,,,,3194,1.0,2371,11.0,,,,,,,,14.0,,1.0,,,,1.0,478,273,,,,5.0,,,146,55,,,,,,,1046.0,63.0,735.0,25.0,,,,,,,34.0,2.0,51.0,,,,,8.0,5.0,,,,5.0,1.0,,251.0,11.0,32.0,7.0,,,,,,,,87.0,3.0,10.0,3.0,,,,,,,6.0,,,,7.0,3.0,,,,,46,2.0,44,2.0,,,,210,,104,,,,,223,,259,,,,,79,,62,,,,,1.0,,364,32,423,23.0,,,,11,,450,,242,,,,,23,,1876,,1093,,,,,4.0,,800,10,424,12.0,,,,1.0,1.0,,,,,,,,1.0,,,,,36,33.0,,,,,,,,,9.0,1.0,,,,22,25.0,,,,,,,,110,,290,1.0,,,,,,,,,387,1.0,323,1.0,,,,,,,,,,,,7.0,,,,,1.0,13,,,,,21,2.0,8.0,,,,,73,,164,,,,,,,,,,2.0,,7.0,,,1.0,,271,4.0,214,,,,,,,,1.0,,,,2.0,,8.0,,,,,,,,4.0,,,,,,,,,,2.0,,,,,,4945,99,,29,,,,,,,5.0,,1.0,,,4.0,,8.0,,219,,128,,,,,,,,,,,6.0,,4.0,,,,,1.0,,,,,,,,7.0,3.0,,,,,,71.0,,1.0,,,,,,,5.0,,1.0,,,,,,,,,,,,41.0,5.0,,,,,,4.0,,1.0,,,,,,,,,2.0,,,,50,57
_1_km_monthly_VI_Quality_2019121_aid0001,aid0001,2019-05-01 00:00:00+00:00,28700,17451,29062,6733,,,,2557461,506.0,52709,129.0,,,,751246,607.0,50617,312.0,,,,37651,7.0,38839,46.0,,,,10187,446,7011,204,,,,27710,3.0,2840,,,,,48560,50.0,8567,34.0,,,,22867,177,12008,80,,,,946,544,,8.0,2.0,,140.0,218.0,,121,316,,352,133,,1.0,,,104.0,19.0,,296,185,,277,2734,300,901,,,,263509,188.0,29926,212.0,,,,,,,,,,10040,47,3773,43,,,,223,107,,35,290,,,,,42,105,,522,657,112,213,,,,21587,5.0,5354,10.0,,,,16.0,2.0,,,13,,37,,,,,1955,6.0,750,3.0,,,,3.0,,,16.0,1.0,,9.0,,6.0,,,,,44,20,,24,45,,,,1.0,,,19.0,7.0,,,,,57560,333,39833,415,,,,,,,,,,,,,,1849,,1970,10.0,,,,,,,,,,,,,,,203,204,,,,,,,81,34,,,,,,,449.0,6.0,653.0,2.0,,,,,,,36.0,,19.0,,,,,2.0,7.0,,,,6.0,,,34.0,16.0,42.0,20.0,,,,,,,,33.0,3.0,18.0,15.0,,,,,,,,84.0,,,,5.0,,,,,35,,65,1.0,,,,727,,148,,,,,699,1.0,292,,,,,76,,187,5.0,,,,6.0,,551,82,178,12.0,,,,73,,1385,,242,,,,,99,,4518,5.0,1417,,,,,3.0,,1868,86,1229,57.0,,,,3.0,2.0,,,,,2.0,13.0,,1.0,7.0,,,,55,12.0,,,,4.0,,,,,35.0,8.0,,,,119,113.0,,,,2.0,,,,211,1.0,468,9.0,,,,,,,1.0,,850,12.0,650,11.0,,,,,,,,,,,,22.0,,,,,28.0,54,,,,,9,,7.0,,,,,68,,207,,,,,,,,,,1.0,,8.0,,,,,373,6.0,392,3.0,,,,,,,,,,,7.0,,17.0,,,,,,,,2.0,,,,,,,,,9.0,15.0,,,,,,4897,24,,25,,,,,,,,,,,,2.0,,8.0,,75,,35,,,,,,,,,,,1.0,,1.0,,,,,4.0,,,,,,,,15.0,,,,,1.0,,10.0,7.0,,,,,,,2.0,2.0,,,,,,,,,,,1.0,,,12.0,5.0,,,,,,2.0,,1.0,,,,,,,,,,,,,15,61
_1_km_monthly_VI_Quality_2019152_aid0001,aid0001,2019-06-01 00:00:00+00:00,24196,27579,27736,9745,,,,1905391,4087.0,205485,1304.0,,,,802535,1333.0,127310,1076.0,,,,46210,446.0,36447,2697.0,,,,11412,161,9263,86,,,,73048,580.0,8932,99.0,,,,169445,1200.0,24347,1208.0,,,,71851,4462,20763,7187,,,,1560,1293,,1486.0,757.0,,6579.0,4040.0,,4812,8774,,111,64,,516.0,82.0,,4484.0,1823.0,,13735,8909,,374,8695,560,3445,,,,194605,813.0,70184,624.0,,,,,,,,,,21556,162,8358,96,,,,975,477,,499,1754,,,,,274,503,,665,1634,167,555,,,,14433,50.0,6029,29.0,,,,25.0,1.0,,,13,,33,,,,,3894,18.0,1184,19.0,,,,5.0,,,29.0,13.0,,5.0,,22.0,,,,,200,94,,19,151,,,,,,,36.0,55.0,,1.0,,,32474,301,27685,386,,,,,,,,1.0,,,,,,1671,,2094,4.0,,,,,,,,,,2.0,,,,,115,98,,,,,,,43,22,,,,,,,135.0,7.0,253.0,,,,,,,,6.0,,,,,,,1.0,1.0,,,,3.0,1.0,,,1.0,,,,,,,,,,,,,,,,,,,,,,,,,,,,,,72,,62,1.0,,,,794,5.0,347,7.0,,,,1851,30.0,958,26.0,,,,811,71.0,1238,462.0,,,,6.0,,501,12,221,19.0,,,,109,2.0,2702,32.0,466,23.0,,,,287,1.0,14548,331.0,3512,524.0,,,,83.0,4.0,13451,3468,7221,8452.0,,,,1.0,,,22.0,27.0,,202.0,125.0,,277.0,524.0,,,3.0,20,28.0,,,4.0,117.0,26.0,,3.0,36.0,1353.0,731.0,,,69.0,6061,7120.0,,3.0,,1.0,,,,509,1.0,767,24.0,,,,,,,,,2070,24.0,1360,48.0,,,,2.0,,,,,,,21.0,81.0,,,,,85.0,177,,,,,12,,15.0,,,,,126,,274,,,,,,,,,,,,7.0,,,1.0,,949,5.0,578,4.0,,,,,,,,,,,10.0,,33.0,,,,,,,1.0,7.0,,,,,,,,,17.0,54.0,,,,,,5071,25,,6,,,,,,,,,,,,,,8.0,,53,,21,,,,,,,,,,,1.0,,1.0,,,,,,,,,,,,,2.0,2.0,,,,,,11.0,1.0,,,,,,,,,,,,,,,,,,,,,,45.0,,,,,,,,,,,,,,,,,,,,,,96,55
_1_km_monthly_VI_Quality_2019182_aid0001,aid0001,2019-07-01 00:00:00+00:00,14578,137135,13288,44886,,,,595863,6197.0,90658,10762.0,,,,597769,5587.0,178907,10399.0,,,,116242,3387.0,52627,6506.0,,,,15299,226,12601,385,,,,121231,3607.0,15166,4189.0,,,,398555,12429.0,52823,11524.0,,,,242278,35564,51572,29083,,,,18004,8337,,30154.0,19591.0,,41697.0,40352.0,,29821,26747,,175,175,,17246.0,2643.0,,63211.0,17202.0,,100530,39037,,133,52108,258,20294,,,,89243,852.0,52187,2873.0,,,,,,,,,,32072,621,11321,1114,,,,4625,2237,,3035,4817,,,,,1121,1009,,557,6771,360,2004,,,,6726,37.0,2927,68.0,,,,14.0,11.0,,,47,,29,,,,,4336,179.0,1068,92.0,,,,18.0,,,45.0,7.0,,48.0,,33.0,,,,,1023,402,,250,301,,,,,,,175.0,95.0,,1.0,,,9372,301,9713,395,,,,,,,,56.0,,9.0,,,,1120,,1282,1.0,,,,,,,,12.0,,4.0,,,,,27,51,,,,,,,5,21,,,,,,,3.0,,12.0,1.0,,,,,,,,,,,,,,,,,,,,,,,,,,,,,,,,,,,,,,,,,,,,,,,,,,,,,115,12.0,93,50.0,,,,6031,202.0,675,221.0,,,,11356,336.0,2219,430.0,,,,4928,579.0,2446,831.0,,,,22.0,,765,171,575,198.0,,,,752,26.0,18038,684.0,1079,450.0,,,,1780,81.0,97585,4411.0,9731,3192.0,,,,583.0,81.0,90462,31272,24842,31825.0,,,,13.0,23.0,,1465.0,307.0,,2176.0,785.0,,1974.0,1167.0,,,,97,76.0,,3.0,227.0,5137.0,436.0,,15.0,363.0,28206.0,5083.0,,18.0,416.0,61162,30051.0,,,,18.0,3.0,,,1467,15.0,1299,75.0,,,,,,,,,6846,153.0,2657,280.0,,,,11.0,2.0,,1.0,1.0,2.0,,99.0,145.0,,,,,521.0,398,,,1.0,,40,,53.0,,,,,205,1.0,340,5.0,,,,1.0,,,,,4.0,,3.0,,,3.0,,1668,35.0,631,42.0,,,,,1.0,,5.0,,,,25.0,1.0,24.0,2.0,,,,1.0,,6.0,25.0,,,,,1.0,,,1.0,152.0,91.0,,,1.0,,,5112,28,,22,,,,,,,2.0,,,,,2.0,,6.0,,52,,32,,,,,,,,,,,16.0,,4.0,,,,,2.0,,,,,,,,3.0,,,,,,,6.0,,,,,,,,,,,,,,,,,,,,,,,36.0,,,,,,,,,,,,,,,,,,,,,,153,67
_1_km_monthly_VI_Quality_2019213_aid0001,aid0001,2019-08-01 00:00:00+00:00,8800,224315,8932,83100,,,,720798,5385.0,169346,6986.0,,,,307447,3676.0,132813,4744.0,,,,31481,2122.0,19992,7116.0,,,,11338,360,10836,593,,,,155512,1036.0,19105,1427.0,,,,474478,7158.0,71677,8209.0,,,,205860,34942,51049,33312,,,,43172,12572,,11861.0,6928.0,,26828.0,17490.0,,10692,15966,,293,367,,6591.0,1845.0,,62499.0,18516.0,,124294,44373,,175,74626,259,40111,,,,58208,1069.0,37274,1607.0,,,,,,,,,,31492,432,12252,420,,,,5531,2583,,1329,1345,,,,,1067,580,,835,9912,193,3808,,,,3429,23.0,1682,28.0,,,,36.0,9.0,,,45,,28,,,,,3136,58.0,763,45.0,,,,9.0,,,25.0,2.0,,24.0,,35.0,,,,,1293,498,,115,108,,,,1.0,,,193.0,82.0,,,5.0,,3123,431,4709,611,,,,,,,,38.0,,20.0,,,,1622,,1667,6.0,,,,,,,,29.0,,25.0,,,,,26,52,,,2.0,,,,26,33,,,,,,,2.0,,,2.0,,,,,,,,,,,,,,,,,,,,,,,,,,,,,,,,,,,,,,,,,,,,,,,,,,,,,109,13.0,67,28.0,,,,6316,66.0,929,109.0,,,,12754,323.0,2529,277.0,,,,3950,617.0,1607,839.0,,,,10.0,3.0,644,355,760,460.0,,,,680,3.0,17346,169.0,1262,119.0,,,,2232,57.0,144051,3044.0,15805,2741.0,,,,509.0,87.0,116664,38472,34324,43679.0,,,,21.0,24.0,,437.0,177.0,,2188.0,856.0,,1792.0,1389.0,,,4.0,249,242.0,,,58.0,1498.0,276.0,,8.0,409.0,26635.0,6593.0,,11.0,323.0,84410,40540.0,,26.0,1.0,28.0,4.0,,,2081,17.0,1377,41.0,,,,,,,2.0,,9262,213.0,3996,379.0,,,,15.0,,,1.0,4.0,,,131.0,114.0,,,,,655.0,371,,,1.0,,38,2.0,50.0,,,,,275,5.0,141,7.0,,,,2.0,1.0,,,,6.0,,9.0,,,2.0,,1702,58.0,567,36.0,,,,,1.0,,1.0,,,,44.0,1.0,38.0,1.0,,,,6.0,,23.0,19.0,,,,,1.0,,,1.0,196.0,74.0,,,2.0,2.0,,5099,50,,26,,,,,,,2.0,,5.0,,,6.0,,9.0,,139,,47,,,,,,,,,,,46.0,,15.0,,,,,1.0,,,,,,,,10.0,5.0,,,,2.0,,8.0,,,,,,,,,,,,,,,,,,,,,,,52.0,,,,,,,,,,,,,,,,,,,,,,202,69
_1_km_monthly_VI_Quality_2019244_aid0001,aid0001,2019-09-01 00:00:00+00:00,7946,28796,7064,12454,,,,1189751,488.0,139059,169.0,,,,846607,449.0,212454,533.0,,,,80041,143.0,84449,1859.0,,,,5715,77,5753,191,,,,148704,189.0,16988,71.0,,,,467103,876.0,84479,699.0,,,,142341,2709,43031,5890,,,,2942,1806,,2139.0,1758.0,,4600.0,7301.0,,1737,8241,,115,158,,1709.0,503.0,,12456.0,4011.0,,13659,10822,,166,10611,120,5348,,,,147745,255.0,80718,273.0,,,,,,,,,,33518,132,15132,73,,,,1002,477,,350,740,,,,,284,222,,1072,3273,253,1016,,,,10145,1.0,4701,15.0,,,,65.0,10.0,,,50,,43,,,,,3029,2.0,1031,2.0,,,,6.0,,,32.0,,,50.0,,18.0,,,,,505,99,,68,118,,,,2.0,,,48.0,35.0,,5.0,6.0,,6966,734,6183,575,,,,,,,,33.0,,44.0,,,,1958,1.0,1597,15.0,,,,,1.0,,,64.0,,30.0,,,,,52,69,,,1.0,,,,39,36,,,,2.0,,,4.0,1.0,16.0,,,,,,,,,,,,,,,,,,,,,,,,,,1.0,,,,,,,,,,,,,,,,,,,,,,,,,,,,81,,44,4.0,,,,7568,6.0,1613,5.0,,,,9455,54.0,3490,35.0,,,,2190,76.0,2099,233.0,,,,4.0,,448,27,244,51.0,,,,743,,12504,43.0,1331,7.0,,,,1382,6.0,67876,478.0,9838,204.0,,,,162.0,6.0,30841,4332,11426,6365.0,,,,2.0,1.0,,101.0,58.0,,550.0,368.0,,313.0,545.0,,,2.0,51,22.0,,,19.0,420.0,87.0,,1.0,73.0,7089.0,1266.0,,4.0,63.0,13379,8847.0,,13.0,,9.0,,,,2890,8.0,1869,23.0,,,,,,,1.0,,5788,58.0,2674,85.0,,,,23.0,,,,3.0,3.0,,73.0,92.0,,,,,305.0,225,,,,,113,,42.0,,,,,455,1.0,349,7.0,,,,3.0,,,,,9.0,,4.0,,,9.0,,1804,10.0,648,15.0,,,,,,,2.0,,,,54.0,2.0,52.0,,,,,,,19.0,10.0,,,,,,,,,98.0,37.0,,,4.0,2.0,,5101,68,,30,,,,,,,,,5.0,,,4.0,,8.0,,178,,49,,,,,,,,,,,67.0,,11.0,,,,,,,,,,,,,5.0,3.0,,,,2.0,,2176.0,,,,,,,,,,,,,,,,,,,,,,,278.0,,,,,,,,,,,,,,,,,,,,,,614,62
_1_km_monthly_VI_Quality_2019274_aid0001,aid0001,2019-10-01 00:00:00+00:00,12947,21791,11210,15414,,,,1288373,275.0,136196,87.0,,,,1032540,159.0,227498,252.0,,,1.0,272165,58.0,160148,196.0,,,,12053,252,7939,246,,,,103405,169.0,13401,29.0,,,,182947,388.0,45308,283.0,,,,54742,681,36771,1011,,,,2370,1920,,544.0,644.0,,1121.0,2986.0,,294,2044,,186,175,,233.0,46.0,,1015.0,626.0,,1422,1643,,200,7354,231,4814,,,,188858,224.0,108142,133.0,,,,,,,,,,22094,99,11050,63,,,,537,383,,169,528,,,,,101,214,,721,2053,146,800,,,,12381,2.0,5732,6.0,,,,40.0,6.0,,,90,,45,,,,,2654,5.0,1235,5.0,,,,7.0,,,13.0,1.0,,35.0,,36.0,,,,,270,141,,21,113,,,,1.0,,,8.0,17.0,,,1.0,,20958,2620,13478,1070,,,,,,,,44.0,,21.0,,,,7561,2.0,3588,9.0,,,,,,,,90.0,,28.0,,,,1.0,380,291,,,,,,1.0,105,63,,,,4.0,,,151.0,3.0,99.0,2.0,,,,,,,19.0,,23.0,,,,,6.0,2.0,,,,,1.0,,,1.0,,,,,,,,,,3.0,,,,,,,,,,,,,,,,,,,,197,7.0,121,9.0,,,,6030,7.0,2729,,,,,4650,29.0,2109,9.0,,,,1436,26.0,846,16.0,,,,8.0,2.0,562,36,316,53.0,,,,473,,8164,9.0,2675,3.0,,,,563,5.0,24436,189.0,5309,88.0,,,,91.0,1.0,11527,1120,4696,1430.0,,,,19.0,8.0,,36.0,9.0,,135.0,86.0,,62.0,94.0,,,1.0,43,44.0,,,3.0,67.0,10.0,,,17.0,534.0,264.0,,,3.0,1656,1146.0,,4.0,,11.0,,,,1807,15.0,1304,11.0,,,,,,,,,4134,17.0,1851,47.0,,,,7.0,,6.0,,1.0,,,46.0,51.0,,,,,99.0,116,,,,,50,,18.0,,,,,421,,347,,,,,,,,,,13.0,,13.0,,,3.0,,1510,5.0,622,1.0,,,,,,,2.0,,,,72.0,2.0,62.0,,,,,,,2.0,8.0,,,,2.0,,,,,26.0,21.0,,,12.0,2.0,,5761,636,,136,,,,,,,2.0,,,,,7.0,,35.0,,898,1.0,222,,,,,,,,,,,82.0,,16.0,,,,,15.0,1.0,,,,,,,16.0,4.0,,,3.0,,,2682.0,2.0,,,,,,,2.0,4.0,,1.0,,,,,,,,,,,,287.0,,,,,,,,,,,,,,,,,,,,,,968,64
_1_km_monthly_VI_Quality_2019305_aid0001,aid0001,2019-11-01 00:00:00+00:00,4101,12741,2952,12142,14.0,629.0,,1509338,,113064,,2.0,,,1466454,10.0,140431,,18.0,,,140939,178.0,52136,77.0,43.0,10.0,,5113,2127,4329,2013,20.0,154.0,,21501,3.0,3410,2.0,5.0,,,23333,11.0,6521,1.0,14.0,,,12892,278,5369,162,31.0,7.0,,1504,1298,40.0,34.0,9.0,2.0,79.0,25.0,,642,887,11.0,683,531,8.0,42.0,4.0,,159.0,21.0,1.0,580,269,19.0,151,2279,70,1123,,,,263665,13.0,133588,14.0,,,,,,,,,,8523,42,2830,13,,,,191,245,,161,760,,,,,63,209,,390,1954,113,627,,,,17126,,5470,10.0,,,,38.0,6.0,,,163,,99,,,,,1639,4.0,441,5.0,,,,14.0,,,43.0,4.0,,68.0,,42.0,,,,,212,184,1.0,38,126,,,,2.0,4.0,,39.0,27.0,,4.0,3.0,,48116,6248,52937,3176,3523.0,119.0,,,,,,126.0,,120.0,,22.0,,14952,10.0,11635,26.0,521.0,5.0,,,,,,162.0,1.0,52.0,,4.0,,4.0,1165,1009,106.0,,2.0,,,2.0,429,227,18.0,,,1.0,1.0,,446.0,55.0,431.0,34.0,66.0,,,,,,129.0,,194.0,1.0,2.0,,,4.0,2.0,1.0,,,2.0,3.0,,,12.0,,9.0,,,,,,,,5.0,,,,,,,,,,2.0,,,,,,,,,,434,122.0,187,111.0,,9.0,,2663,,1108,,,,,1152,5.0,441,,,,,921,28.0,450,1.0,1.0,,,21.0,14.0,1002,507,409,223.0,1.0,21.0,,161,,3074,,726,,2.0,,,84,,4259,14.0,1041,,,,,44.0,2.0,3225,69,1130,35.0,,,,71.0,24.0,2.0,7.0,,,17.0,,,71.0,17.0,,2.0,2.0,106,27.0,,,1.0,12.0,2.0,,,,60.0,5.0,1.0,1.0,5.0,221,63.0,,6.0,,1.0,4.0,,,732,,535,2.0,,,,,,,1.0,1.0,1595,3.0,540,9.0,,,,,,,,,2.0,,12.0,35.0,,,,,42.0,85,,,,,48,,18.0,1.0,,,,166,,191,1.0,,,,1.0,,,,,35.0,,6.0,,,,,753,14.0,181,2.0,,,,,,,3.0,,,,134.0,,96.0,,,,,,,1.0,7.0,,,,,4.0,,,,18.0,46.0,,,7.0,8.0,,5680,2382,2.0,1173,,81.0,,,,,14.0,,,,,14.0,,172.0,,3816,5.0,1284,,59.0,,,,,,,,,122.0,,24.0,,,,,86.0,26.0,5.0,,,,4.0,13.0,87.0,20.0,2.0,,1.0,5.0,,2953.0,7.0,27.0,,5.0,,,,1.0,33.0,,25.0,,,,,,,,,2.0,,,269.0,2.0,,,,,,1.0,,,1.0,,,,,,,,,,,,776,67
_1_km_monthly_VI_Quality_2019335_aid0001,aid0001,2019-12-01 00:00:00+00:00,3893,14127,4078,24666,303.0,5266.0,,1505391,2.0,64912,8.0,348.0,5.0,,1284294,15.0,120909,186.0,225.0,10.0,,270767,1357.0,53420,6283.0,207.0,85.0,,2232,1172,1857,2331,180.0,743.0,,26154,8.0,2065,28.0,64.0,12.0,,47466,33.0,4758,37.0,137.0,11.0,,25302,532,7974,1940,84.0,38.0,,1723,1962,398.0,83.0,21.0,2.0,1041.0,1383.0,62.0,15498,30293,45.0,388,414,71.0,87.0,49.0,5.0,228.0,80.0,10.0,1692,1601,26.0,71,2836,32,1318,3.0,20.0,,269493,75.0,73561,799.0,116.0,4.0,1.0,18.0,,,,,,13682,45,2780,346,15.0,,,262,238,3.0,811,1729,14.0,,,,196,503,4.0,576,1583,43,845,,10.0,,17854,2.0,3338,66.0,10.0,1.0,,30.0,25.0,,,291,,181,1.0,,,,2215,21.0,597,53.0,4.0,2.0,,15.0,,,15.0,5.0,,93.0,,76.0,,,,,183,148,2.0,115,240,2.0,,,10.0,15.0,,75.0,66.0,2.0,7.0,6.0,,51714,3595,76977,4522,18793.0,733.0,,,,,,412.0,2.0,681.0,,88.0,,6921,4.0,8835,16.0,2552.0,24.0,,,,,,177.0,2.0,239.0,,37.0,1.0,,1129,1799,730.0,,,6.0,1.0,,155,211,76.0,,,,,,324.0,40.0,668.0,79.0,255.0,2.0,,,1.0,,82.0,,157.0,1.0,25.0,,,4.0,3.0,5.0,,,1.0,4.0,1.0,1.0,2.0,,3.0,,,,,,,,4.0,1.0,2.0,1.0,,,,,3.0,,2.0,,,,,,,,,,229,159.0,278,328.0,8.0,96.0,,2214,,328,,3.0,,,1579,4.0,306,,3.0,,,1101,20.0,540,75.0,3.0,,,9.0,11.0,527,282,334,417.0,11.0,88.0,,145,,3351,2.0,292,3.0,6.0,,,186,,11495,9.0,993,16.0,10.0,3.0,,72.0,5.0,7440,326,1814,474.0,35.0,4.0,,46.0,64.0,10.0,1.0,,,43.0,,,76.0,80.0,1.0,1.0,3.0,105,66.0,6.0,,,15.0,3.0,,,1.0,117.0,28.0,,2.0,15.0,726,494.0,1.0,,1.0,2.0,,,,1165,3.0,448,64.0,,,,1.0,,,,1.0,2746,8.0,407,77.0,,,,9.0,,,,,,,29.0,135.0,,,,,64.0,129,,,,,29,,8.0,,,,,229,,143,14.0,,,,,,,,,93.0,,27.0,1.0,,,,839,11.0,225,33.0,,,,,,,,,,2.0,257.0,4.0,89.0,4.0,,,,,,6.0,15.0,,,,1.0,5.0,,,,31.0,36.0,,,16.0,10.0,,4987,1671,1.0,1836,1.0,526.0,,,,,34.0,,45.0,,4.0,1.0,,70.0,,2350,3.0,2247,2.0,461.0,2.0,,,,,,,1.0,105.0,,173.0,,19.0,,,39.0,54.0,11.0,,,,,4.0,39.0,40.0,15.0,,1.0,3.0,,3816.0,7.0,12.0,,9.0,,,,2.0,30.0,,39.0,,4.0,,,,,,,1.0,,,225.0,,,,,,,,,3.0,1.0,,,,,,,,,,,,520,58
_1_km_monthly_VI_Quality_2020001_aid0001,aid0001,2020-01-01 00:00:00+00:00,1729,24925,2397,42119,53.0,11207.0,,1728663,90.0,205379,61.0,9434.0,54.0,,986909,55.0,135472,41.0,3226.0,34.0,,246101,2041.0,49966,644.0,898.0,99.0,,759,1914,819,3985,36.0,1589.0,,6847,110.0,5141,119.0,339.0,106.0,,11091,45.0,5867,37.0,520.0,67.0,,13297,312,5267,867,414.0,322.0,,1219,1296,139.0,668.0,242.0,137.0,702.0,189.0,56.0,2939,1583,108.0,238,261,25.0,177.0,302.0,39.0,147.0,181.0,48.0,480,636,103.0,108,1805,108,1178,,129.0,,259093,296.0,101716,284.0,383.0,6.0,,11.0,,,,,,7937,108,3769,149,65.0,17.0,,224,199,6.0,481,633,5.0,,,,173,216,4.0,265,1788,135,1113,,50.0,,16153,29.0,4870,84.0,49.0,,,13.0,2.0,,,230,,113,,1.0,,,1530,28.0,788,48.0,9.0,,,,,,,,,46.0,,41.0,2.0,,,,261,162,4.0,125,159,,1.0,,2.0,8.0,,89.0,69.0,1.0,4.0,9.0,,79764,3376,82943,3909,22490.0,759.0,,,,,,563.0,,757.0,1.0,53.0,,6574,4.0,7678,9.0,2231.0,28.0,,,1.0,,,301.0,,223.0,,41.0,2.0,1.0,1362,1507,759.0,,4.0,9.0,,,79,110,58.0,,,,,,506.0,94.0,1303.0,101.0,393.0,4.0,,3.0,,,190.0,4.0,157.0,,72.0,,,11.0,19.0,3.0,,,1.0,3.0,,20.0,134.0,34.0,74.0,15.0,26.0,,,,,,142.0,1.0,45.0,1.0,29.0,,,,,,12.0,3.0,,,1.0,,,,,,72,347.0,53,579.0,,129.0,,959,1.0,365,,11.0,,,528,2.0,259,,1.0,,,376,17.0,251,23.0,10.0,,,,25.0,226,479,133,659.0,9.0,106.0,,20,,616,6.0,297,8.0,4.0,,,16,,1220,6.0,583,3.0,6.0,,,8.0,1.0,1010,54,483,108.0,45.0,7.0,,36.0,46.0,3.0,5.0,6.0,3.0,5.0,3.0,2.0,39.0,46.0,3.0,1.0,3.0,63,36.0,,,,5.0,38.0,2.0,,,28.0,21.0,4.0,1.0,2.0,114,81.0,15.0,3.0,2.0,4.0,,,,546,4.0,330,20.0,,,,,,,1.0,1.0,1072,12.0,392,58.0,1.0,2.0,,,,,,,,,16.0,49.0,,,,,60.0,76,,,,,12,4.0,4.0,2.0,,,,127,1.0,95,8.0,,,,,,,,,41.0,,8.0,1.0,,1.0,,595,23.0,247,23.0,5.0,1.0,,,,,,,,1.0,74.0,,34.0,6.0,,,4.0,1.0,,9.0,12.0,,,,4.0,6.0,,,,50.0,36.0,,,16.0,23.0,,5913,2362,2.0,1988,6.0,652.0,,,,,64.0,,36.0,,1.0,1.0,,88.0,,2589,,1950,1.0,520.0,,,,,1.0,,2.0,,161.0,,94.0,,,,,35.0,30.0,20.0,,,,,3.0,29.0,17.0,8.0,,,,,5061.0,20.0,9.0,,5.0,,,,2.0,31.0,,28.0,,,,,,,,,,1.0,,394.0,,,,,,,,,,,,,,,,,,,,,,599,67
_1_km_monthly_VI_Quality_2020032_aid0001,aid0001,2020-02-01 00:00:00+00:00,13652,22162,9100,19922,,1626.0,,2158470,,39592,3.0,4.0,4.0,,1133388,3.0,31836,3.0,,,,59677,88.0,16900,142.0,,3.0,,2678,1238,1570,1118,1.0,177.0,,13016,6.0,1156,3.0,3.0,11.0,,15345,6.0,2509,,2.0,1.0,,6103,100,2446,28,1.0,3.0,,2027,1651,15.0,19.0,16.0,2.0,35.0,13.0,,223,443,,199,109,2.0,6.0,6.0,5.0,50.0,10.0,1.0,153,62,,150,1200,92,722,,3.0,,291601,16.0,53277,103.0,4.0,,,7.0,,,,,,6662,45,1905,72,,1.0,,99,105,1.0,165,371,,,,,58,122,,367,1244,109,751,,1.0,1.0,20449,3.0,3821,49.0,11.0,,,25.0,1.0,,,195,,107,,,,,1485,7.0,569,26.0,,,,,,,,,,52.0,,46.0,4.0,,,,63,85,,145,141,,,,1.0,5.0,,29.0,37.0,,6.0,2.0,,109993,4177,78253,1603,3851.0,38.0,,,,6.0,,1094.0,3.0,1527.0,,15.0,,6126,3.0,4428,4.0,224.0,7.0,,,,,,438.0,,154.0,,3.0,,,1409,1107,101.0,,10.0,16.0,,,73,62,4.0,,,2.0,,,666.0,63.0,1267.0,60.0,49.0,1.0,2.0,,,,168.0,1.0,108.0,2.0,8.0,,,5.0,23.0,,,,1.0,,,30.0,119.0,,171.0,,2.0,,,,,,125.0,3.0,3.0,,,,,,,,8.0,3.0,,,5.0,2.0,,,,,126,100.0,79,67.0,,18.0,,1397,,40,,,,,710,,108,,,,,331,4.0,151,1.0,,,,5.0,5.0,254,257,73,109.0,,12.0,,26,,803,1.0,8,,,,,26,,1677,,165,,,,,3.0,,1287,30,304,6.0,,,,15.0,7.0,,,,,3.0,,1.0,5.0,4.0,,,,54,12.0,,,,6.0,2.0,,,,31.0,,,,,82,12.0,,,,1.0,,,,219,2.0,212,4.0,,,,,,,1.0,,627,7.0,218,18.0,,,,1.0,,,,,,,8.0,25.0,,,,,39.0,44,,,,,12,2.0,3.0,,,,,81,,88,3.0,,,,,,,,,41.0,,10.0,,,,,529,2.0,122,10.0,,,,,,,,,,1.0,46.0,,23.0,6.0,,,1.0,1.0,,5.0,3.0,,,,10.0,,,,,21.0,14.0,,,12.0,1.0,,5026,972,,493,,36.0,,,,,64.0,,11.0,,,1.0,,47.0,,1946,1.0,519,,39.0,,1.0,,,2.0,,,3.0,261.0,,51.0,2.0,,,,23.0,4.0,6.0,,,,,3.0,13.0,1.0,,,,1.0,,2688.0,15.0,1.0,,1.0,,,,6.0,16.0,,6.0,,,,1.0,,,,,,,,233.0,,,,,,,,,,,,,,,,,,,,,,579,60
_1_km_monthly_VI_Quality_2020061_aid0001,aid0001,2020-03-01 00:00:00+00:00,20291,19080,13657,14929,,,,2593387,,87662,,,,,630221,,76888,,,,,36879,39.0,21412,32.0,,,,4673,1281,3229,948,,,,15004,4.0,3424,1.0,,,,23809,,4660,,,,,9590,57,3259,33,,,,2201,2240,,3.0,,,35.0,13.0,,149,220,,376,235,,9.0,5.0,,12.0,9.0,,94,42,,271,827,288,592,,,,261404,3.0,71591,23.0,,,,,,,,,,6607,17,2336,26,,,,73,83,,24,294,,,,,13,51,,607,572,119,473,,,,19847,,5500,15.0,,,,3.0,,,,175,,52,,,,,1489,5.0,757,9.0,,,,,,,,,,28.0,,16.0,,,,,9,8,,22,169,,,,,1.0,,3.0,4.0,,2.0,,,86065,2609,92235,2170,,,,,,5.0,,419.0,,415.0,,,,5889,4.0,3738,6.0,,,,,,,,170.0,,78.0,,,,5.0,1100,952,,,1.0,12.0,,,109,75,,,,,1.0,,777.0,62.0,964.0,76.0,,,,,,,159.0,1.0,64.0,,,,,9.0,6.0,,,,12.0,,,78.0,64.0,2.0,76.0,,,,,,,,132.0,2.0,8.0,,,,,,,,2.0,2.0,,,8.0,9.0,,,,,69,42.0,79,30.0,,,,1021,,9,,,,,916,,150,,,,,272,1.0,176,,,,,7.0,6.0,302,373,111,84.0,,,,47,,1207,,15,,,,,49,,3844,2.0,362,,,,,14.0,,1811,40,620,4.0,,,,18.0,4.0,,1.0,,,2.0,,,1.0,3.0,,,3.0,137,18.0,,,1.0,4.0,,,,,25.0,,,,1.0,108,12.0,,5.0,1.0,3.0,,,,168,,304,2.0,,,,,,,,,452,10.0,259,6.0,,,,,,,,1.0,1.0,,1.0,8.0,,,,,14.0,12,,,,,33,,6.0,,,,,87,,249,,,,,,,,,,44.0,,14.0,,,1.0,,384,2.0,195,1.0,,,,,,,,,,,53.0,,33.0,,,,1.0,,,,3.0,,,,2.0,,,,,1.0,2.0,,,2.0,2.0,,4985,429,,212,,,,,,,17.0,,4.0,,,2.0,,34.0,,1303,,330,,,,,,,,,,5.0,71.0,,38.0,,,,,15.0,,,,3.0,,2.0,2.0,30.0,13.0,,,1.0,,,1525.0,15.0,2.0,,,,,,5.0,24.0,,4.0,,,,,,,,,,,,204.0,,,,,,,2.0,2.0,,,,,,,,,,2.0,,,,632,59
_1_km_monthly_VI_Quality_2020092_aid0001,aid0001,2020-04-01 00:00:00+00:00,29026,14255,20395,12992,,,,2330040,3.0,62226,,,,,1002699,1.0,52634,2.0,,,,18468,8.0,12685,11.0,,,,7029,840,4865,946,,,,16328,11.0,3194,1.0,,,,28698,6.0,7788,7.0,,,,12408,48,4999,39,,,,1347,1826,,,23.0,,38.0,53.0,,58,52,,371,369,,,,,10.0,6.0,,73,75,,316,1271,294,643,,,,272175,6.0,40905,10.0,,,,,,,,,,7635,13,2705,13,,,,71,82,,11,182,,,,,8,44,,888,641,202,281,,,,20623,2.0,5584,9.0,,,,9.0,,,,71,,72,,,,,1633,17.0,798,1.0,,,,2.0,,,34.0,,,8.0,,26.0,,,,,29,13,,21,110,,,,,1.0,,10.0,10.0,,,,,69540,1004,79007,1600,,,,,,,,3.0,,20.0,,,,3755,7.0,3326,5.0,,,,,,,,7.0,,9.0,,,,,910,585,,,,,,,116,76,,,,,,,819.0,26.0,1049.0,68.0,,,,,,,103.0,,57.0,,,,,4.0,5.0,,,,3.0,,,190.0,23.0,37.0,6.0,,,,,,,,102.0,1.0,41.0,,,,,,,,12.0,3.0,,,11.0,1.0,,,,,58,25.0,89,22.0,,,,1151,,181,,,,,682,,276,,,,,167,,176,,,,,1.0,,444,136,325,92.0,,,,46,,898,,238,,,,,41,,2575,,776,,,,,14.0,,1338,20,721,21.0,,,,7.0,9.0,,,,,,,,,,,,3.0,84,59.0,,,,,,,,,9.0,,,,,80,28.0,,1.0,,2.0,,,,195,,420,1.0,,,,,,,,,510,4.0,353,2.0,,,,,,,,1.0,,,,19.0,,,,,3.0,13,,,,,13,,7.0,,,,,113,,227,,,,,,,,,,11.0,,14.0,,,,,444,8.0,236,,,,,,,,,,,,13.0,,11.0,,,,,,,1.0,9.0,,,,,,,,,1.0,2.0,,,,,,4901,259,,121,,,,,,,,,,,,2.0,,26.0,,659,,281,,,,,,,,,,,7.0,,15.0,,,,,7.0,3.0,,,,,,,18.0,16.0,,,,,,513.0,2.0,1.0,,,,,,1.0,9.0,,8.0,,,,,,,,,1.0,,,30.0,,,,,,,1.0,2.0,,,,,,,,,,,,,,77,57
_1_km_monthly_VI_Quality_2020122_aid0001,aid0001,2020-05-01 00:00:00+00:00,35077,22985,23292,9252,,,,2500048,132.0,101405,72.0,,,,662857,96.0,139646,214.0,,,,19007,21.0,13085,63.0,,,,12464,602,6472,273,,,,27959,26.0,3823,7.0,,,,56862,80.0,15497,135.0,,,,23542,259,8340,249,,,,1573,1091,,123.0,43.0,,156.0,381.0,,205,569,,740,235,,7.0,10.0,,142.0,157.0,,707,658,,408,3061,328,1312,,,,234903,27.0,77951,127.0,,,,,,,,,,10865,30,4581,34,,,,280,183,,73,282,,,,,64,137,,900,941,382,328,,,,17387,3.0,7143,22.0,,,,19.0,1.0,,,55,,79,,,,,1916,9.0,816,3.0,,,,7.0,,,47.0,3.0,,36.0,,21.0,,,,,44,17,,25,79,,,,,,,10.0,12.0,,3.0,,,58458,625,36119,275,,,,,,,,,,,,,,2767,6.0,998,5.0,,,,,,,,4.0,,,,,,,418,219,,,,,,,191,35,,,,,,,572.0,23.0,538.0,2.0,,,,,,,70.0,1.0,30.0,,,,,15.0,8.0,,,,9.0,1.0,,155.0,9.0,24.0,10.0,,,,,,,,90.0,3.0,29.0,1.0,,,,,,,7.0,,,,3.0,,,,,,90,2.0,75,5.0,,,,989,,167,,,,,894,4.0,393,,,,,207,2.0,268,6.0,,,,6.0,1.0,641,50,376,83.0,,,,65,,1876,,314,1.0,,,,145,,5126,18.0,1701,12.0,,,,23.0,,3799,150,2071,164.0,,,,2.0,,,,,,9.0,3.0,,9.0,17.0,,,3.0,106,50.0,,,,5.0,,,,,48.0,4.0,,,2.0,447,260.0,,2.0,,3.0,,,,206,,569,13.0,,,,,,,,,945,10.0,748,5.0,,,,1.0,,2.0,,,,,3.0,42.0,,,,,14.0,71,,,,,4,1.0,23.0,,,,,79,,311,,,,,,,,,,9.0,,17.0,,,1.0,,485,9.0,372,,,,,,,,,,,,19.0,,26.0,,,,2.0,1.0,,2.0,8.0,,,,,,,,,10.0,9.0,,,,,,4904,60,,24,,,,,,,,,,,,1.0,,9.0,,99,1.0,49,1.0,,,,,,,,,,5.0,,4.0,,,,,3.0,2.0,,,,,,,21.0,11.0,,,,,,84.0,1.0,,,,,,,,4.0,,3.0,,,,,,,,,1.0,,,16.0,2.0,,,,,,3.0,,,,,,,,,,,,,,,20,52
_1_km_monthly_VI_Quality_2020153_aid0001,aid0001,2020-06-01 00:00:00+00:00,25379,61453,20956,26421,,,,1311982,1335.0,124495,1958.0,,,,816204,3450.0,189218,5101.0,,,,68270,2281.0,67192,9018.0,,,,14721,303,9496,285,,,,114555,604.0,13011,213.0,,,,312432,5706.0,53409,4649.0,,,,100104,8656,42500,11776,,,,6253,5292,,10147.0,11274.0,,21902.0,25522.0,,9690,24822,,294,225,,4441.0,1061.0,,24309.0,12542.0,,25691,17472,,367,15500,371,6017,,,,149331,329.0,76847,1233.0,,,,,,,,,,32061,221,13855,269,,,,1942,866,,1649,4684,,,,,1013,847,,798,2421,614,932,,,,10754,28.0,5785,64.0,,,,1.0,3.0,,,59,,62,,,,,3808,97.0,1686,12.0,,,,5.0,,,15.0,,,31.0,,24.0,4.0,,,,428,153,,94,275,,,,,,,113.0,74.0,,2.0,1.0,,17666,922,16332,307,,,409.0,,265.0,,,124.0,,34.0,,,,2301,,1651,3.0,,,43.0,,89.0,,,146.0,,6.0,,,,,87,98,,,,,,,31,31,,,,,,,38.0,3.0,32.0,2.0,,,69.0,,,,6.0,,6.0,,,,,,,,,,1.0,,,,6.0,,6.0,,,,,,,,8.0,,,,,,,,,,1.0,,,,6.0,,,,,,91,8.0,105,7.0,,,,2632,33.0,482,78.0,,,,5374,144.0,2051,299.0,,,,987,230.0,1227,726.0,,,,14.0,3.0,662,53,493,128.0,,,,209,1.0,7241,94.0,618,49.0,,,,828,29.0,44964,1492.0,6557,1559.0,,,,102.0,23.0,20768,7209,10303,10371.0,,,,,4.0,,171.0,122.0,,897.0,827.0,,590.0,1023.0,,,,34,60.0,,,29.0,693.0,159.0,,7.0,130.0,6812.0,3343.0,,4.0,103.0,12422,9023.0,,5.0,,15.0,,,,923,28.0,1386,39.0,,,,,,,1.0,,4026,66.0,2194,114.0,,,,6.0,,6.0,,,1.0,,96.0,250.0,,,,,407.0,303,,1.0,1.0,,22,,35.0,,,,,176,,402,2.0,,,,,,,,,2.0,,11.0,,,1.0,,989,37.0,865,14.0,,,,,,,,,,,19.0,2.0,41.0,7.0,,,,,,7.0,47.0,,,,,,,,,103.0,75.0,,,2.0,7.0,,5013,45,,38,,,,1.0,7.0,,,,,,,1.0,,9.0,,57,,32,,,,1.0,,,6.0,,,,16.0,,1.0,,,,,1.0,,,,,,,,2.0,4.0,,,,,,81.0,,,,,,,,,4.0,,2.0,,,,,,,,,1.0,,,17.0,,,,,,,1.0,,,,,,,,,,,1.0,,,,23,66
_1_km_monthly_VI_Quality_2020183_aid0001,aid0001,2020-07-01 00:00:00+00:00,13394,175792,9725,68281,,,,746997,2367.0,95581,5477.0,,,,404262,6073.0,94595,14574.0,,,,28960,4554.0,15075,13286.0,,,,14281,826,10830,1163,,,,186831,2447.0,14367,2025.0,,,,496667,16672.0,58006,16053.0,,,,129301,37820,30983,41649,,,,36734,12845,,36171.0,22444.0,,55664.0,43520.0,,32675,20454,,199,282,,15461.0,4667.0,,99486.0,30009.0,,114119,41537,,224,54480,323,26635,,,,65618,268.0,52285,1012.0,,,,,,,,,,42738,406,18774,804,,,,8089,2469,,2725,1898,,,,,2040,991,,777,7312,139,2718,,,,4607,18.0,2189,25.0,,,,30.0,1.0,,,75,,35,,,,,4556,100.0,1092,84.0,,,,4.0,,,24.0,4.0,,45.0,1.0,26.0,7.0,,,,1471,473,,270,130,,,,,,,259.0,145.0,,3.0,2.0,,7368,600,7773,388,,,,,,,,41.0,,18.0,,,,1907,,1483,,,,,,,,,10.0,,4.0,,,,,15,38,,,,,,,21,41,,,,,,,1.0,1.0,5.0,,,,,,,,,,1.0,,,,,,,,,,,,,,,,,,,,,,,,,,,,,,,,,,,,,,,,,,,,62,77.0,51,87.0,,,,6682,152.0,540,340.0,,,,10177,621.0,2039,957.0,,,,1882,671.0,1166,1514.0,,,,14.0,6.0,568,724,995,940.0,,,,841,8.0,24832,540.0,979,534.0,,,,1560,71.0,121419,6947.0,11552,6315.0,,,,193.0,111.0,48559,34560,18821,43435.0,,,,13.0,71.0,,1038.0,541.0,,3526.0,1728.0,,2389.0,1678.0,,,4.0,164,364.0,,4.0,113.0,3497.0,840.0,,13.0,562.0,35389.0,9539.0,,20.0,431.0,59699,31147.0,,9.0,,48.0,14.0,,,1821,29.0,1379,104.0,,,,,,,2.0,,9346,321.0,4469,592.0,,,,16.0,,,,,8.0,,258.0,169.0,,,,,1025.0,720,,,1.0,,51,,53.0,,,,,184,1.0,239,12.0,,,,,1.0,,,,,,17.0,,,5.0,,1903,89.0,839,43.0,,,,2.0,,,3.0,,,,24.0,3.0,66.0,14.0,,,2.0,,,38.0,19.0,,,,,,,,,274.0,117.0,,,4.0,8.0,,5025,11,,10,,,,,,,,,,,,2.0,,9.0,,29,,25,,,,,,,,,,,1.0,,7.0,,,,,,2.0,,,,,,,3.0,3.0,,,,,,94.0,,,,,,,,,,,,,,,,,,,,,,,23.0,,,,,,,,,,,,,,,,,,,,,,150,62
_1_km_monthly_VI_Quality_2020214_aid0001,aid0001,2020-08-01 00:00:00+00:00,6772,96688,9270,36252,,,,847164,868.0,155969,1446.0,,,,477603,1181.0,134696,3714.0,,,,51232,1502.0,32486,9173.0,,,,7679,96,7752,254,,,,198138,429.0,29761,618.0,,,,651440,3545.0,116454,4680.0,,,,179517,10142,76210,15420,,,,14099,6355,,8862.0,8511.0,,17526.0,27478.0,,10775,20358,,54,163,,4948.0,1668.0,,34958.0,13579.0,,41204,27391,,173,36030,176,18270,,,,86647,150.0,58991,399.0,,,,,,,,,,43310,166,16919,236,,,,2848,1015,,1026,1096,,,,,724,467,,714,6121,898,2611,,,,4996,5.0,2848,8.0,,,,43.0,5.0,,,80,,63,,,,,3655,91.0,1095,23.0,,,,12.0,,,19.0,,,52.0,,34.0,,,,,889,271,,129,111,,,,,,,158.0,85.0,,6.0,2.0,,3641,478,6274,487,,,,,,,,80.0,,9.0,,,,1194,,2507,5.0,,,,,,,,37.0,,4.0,,,,,11,82,,,,,,,8,53,,,,,1.0,,,,2.0,3.0,,,,,,,,,6.0,,,,,,,,,,,,,,,,,,,,,,,,,,,,,,,,,,,,,,,,,,,,50,12.0,53,29.0,,,,7504,48.0,1461,101.0,,,,14262,98.0,4388,213.0,,,,2925,214.0,2434,632.0,,,,4.0,,341,104,526,169.0,,,,1038,2.0,21761,128.0,2132,136.0,,,,2727,8.0,156563,1602.0,17752,1909.0,,,,306.0,18.0,65776,9833,30267,17768.0,,,,18.0,21.0,,421.0,179.0,,1091.0,831.0,,994.0,936.0,,,2.0,79,97.0,,2.0,46.0,1371.0,198.0,,5.0,163.0,14405.0,4694.0,,5.0,122.0,28063,20550.0,,26.0,,44.0,9.0,,,3275,6.0,2167,34.0,,,,,,,4.0,,10784,184.0,4644,257.0,,,,37.0,,7.0,,,4.0,,120.0,76.0,,,,,458.0,363,,,1.0,,86,4.0,58.0,1.0,,,,484,2.0,292,3.0,,,,,,,,,4.0,,11.0,,,17.0,1.0,2511,65.0,907,16.0,,,,1.0,,,7.0,,,,49.0,3.0,62.0,3.0,,,8.0,,,25.0,18.0,,,,,,,,,148.0,86.0,,,2.0,3.0,,5063,16,,16,,,,,,,,,,,,3.0,,10.0,,61,,49,,,,,,,,,,,16.0,,13.0,,,,,,,,,,,,,3.0,1.0,,,,,,287.0,,,,,,,,,1.0,,1.0,,,,,,,,,1.0,,,61.0,,,,,,,,,,,,,,,,,,,,,,165,47
_1_km_monthly_VI_Quality_2020245_aid0001,aid0001,2020-09-01 00:00:00+00:00,8557,31642,7428,12494,,,,1221202,302.0,147959,119.0,,,,756511,127.0,199029,395.0,,,,179209,220.0,187301,1648.0,,,,7193,85,5250,174,,,,126786,28.0,19012,38.0,,,,444639,231.0,62631,533.0,,,,148883,1501,59781,2823,,,,3489,1675,,1780.0,1835.0,,2689.0,5584.0,,2738,7763,,108,106,,801.0,219.0,,3156.0,1780.0,,5833,4835,,197,9507,226,4875,,,,147260,135.0,93482,275.0,,,,,,,,,,35319,55,16083,91,,,,745,399,,384,1033,,,,,261,266,,1321,2222,854,1057,,,2.0,10288,9.0,5127,5.0,,,,61.0,5.0,,,71,,62,,,,,3296,9.0,980,6.0,,,,23.0,,,19.0,,,31.0,,15.0,,,,,296,126,,68,102,,,,,,,53.0,35.0,,2.0,1.0,,5659,691,5103,575,,,,,,,,34.0,,22.0,,,,2056,4.0,1943,5.0,,,,,,,,62.0,,15.0,,,,,75,56,,,,,,,82,37,,,,,1.0,,,,5.0,,,,,,,,3.0,,2.0,,,,,,,,,,,,,,,,1.0,,,,,,,,,,,,,,,,,,,,,,,,,,,,63,,35,4.0,,,,4124,8.0,1457,2.0,,,,5447,3.0,2520,13.0,,,,1560,58.0,1118,168.0,,,,6.0,,297,27,194,43.0,,,,541,,9663,8.0,1550,6.0,,,,991,,49291,130.0,9460,221.0,,,,142.0,3.0,19121,1648,8307,2098.0,,,,,5.0,,56.0,55.0,,185.0,168.0,,193.0,311.0,,,1.0,33,32.0,,1.0,5.0,209.0,20.0,,,24.0,1336.0,738.0,,,29.0,3899,3001.0,,8.0,,25.0,,,,2219,9.0,1417,34.0,,,,,,,,,5310,35.0,2259,56.0,,,,20.0,,3.0,,,1.0,,45.0,65.0,,,,,152.0,131,,,,,83,1.0,59.0,,,,,482,3.0,295,1.0,,,,,,,,,10.0,,22.0,,,6.0,,1659,8.0,630,11.0,,,,,,,1.0,,,,83.0,2.0,79.0,,,,1.0,1.0,,8.0,17.0,,,,,,,,,57.0,58.0,,,9.0,2.0,,4887,59,,25,,,,,,,,,,,,6.0,,11.0,,162,,58,1.0,,,,,,,,,,66.0,,14.0,,,,,1.0,1.0,,,,,,,6.0,2.0,,,1.0,,,3675.0,,,,,,,,,6.0,,,,,,,,,,,,,,385.0,,,,,,,,,,,,,,,,,,,,,,686,59
_1_km_monthly_VI_Quality_2020275_aid0001,aid0001,2020-10-01 00:00:00+00:00,5868,3476,7321,2465,,,,1761234,74.0,125520,6.0,,,,1505070,23.0,118824,7.0,,,,75530,27.0,29886,98.0,,,,4966,259,3987,330,,,,26104,1.0,4186,,,,,31610,6.0,7689,1.0,,,,11143,46,5001,281,,,,314,405,,30.0,4.0,,59.0,53.0,,126,774,,143,119,,9.0,1.0,,57.0,18.0,,228,364,,82,1981,168,976,,,,252861,57.0,102172,109.0,,,,,,,,,,8218,14,4034,42,,,1.0,204,146,,69,361,,,,,53,113,,1039,713,371,619,,,,17660,,6142,5.0,,,,74.0,8.0,,,200,,80,,,,,1339,3.0,673,,,,,24.0,,,22.0,,,48.0,,24.0,,,,,73,62,,4,75,,,,6.0,2.0,,6.0,15.0,,,1.0,,5879,1556,8395,1127,,,,,,,,79.0,,68.0,,,,3353,6.0,2341,20.0,,,,,,,,122.0,,47.0,,,,,201,295,,,3.0,3.0,,,92,63,,,,1.0,2.0,,14.0,1.0,14.0,3.0,,,,,,,13.0,,2.0,,,,,,,,,,,1.0,,,14.0,,9.0,,,,,,,,5.0,,,,,,,,,,,,,,,,,,,,123,5.0,83,11.0,,,,1477,,348,,,,,785,,199,,,,,378,3.0,273,18.0,,,,2.0,4.0,261,15,104,20.0,,,,98,,2083,,250,,,,,51,,2908,4.0,405,2.0,,,,12.0,,1650,59,591,118.0,,,,3.0,1.0,,,2.0,,3.0,4.0,,12.0,74.0,,,1.0,18,6.0,,,,10.0,1.0,,,1.0,35.0,7.0,,,,197,135.0,,1.0,,3.0,,,,577,,621,11.0,,,,,,,1.0,,1137,1.0,622,19.0,,,,,,,,,,,5.0,24.0,,,,,32.0,57,,,,,86,,49.0,,,,,168,,216,1.0,,,,,,,,,39.0,,33.0,,,4.0,,466,,361,2.0,,,,,,,,,,,71.0,3.0,76.0,,,,,,,1.0,9.0,,,,2.0,1.0,,,,3.0,17.0,,,6.0,3.0,,4940,201,,156,,,,,,,11.0,,5.0,,,3.0,,19.0,,438,,142,,,,,,,,,,,141.0,,78.0,,,,,4.0,1.0,,,,,,1.0,10.0,3.0,,,4.0,1.0,,4082.0,,2.0,,,,,,,4.0,,1.0,,,,,,,,,,,,394.0,,,,,,,,,,,,,,,,,,,,,,710,57
_1_km_monthly_VI_Quality_2020306_aid0001,aid0001,2020-11-01 00:00:00+00:00,6698,9274,9170,7365,9.0,1004.0,,2189248,31.0,208745,14.0,109.0,,,1046338,22.0,78248,2.0,21.0,,,33169,15.0,13242,22.0,25.0,3.0,,5775,1045,5390,904,38.0,240.0,,27884,5.0,6473,,31.0,,,26350,19.0,9943,4.0,75.0,,,9120,46,3519,52,27.0,5.0,,1118,1352,44.0,87.0,43.0,,118.0,62.0,,79,144,2.0,410,401,8.0,12.0,11.0,,124.0,75.0,1.0,136,89,3.0,142,1899,194,1108,,4.0,,277522,21.0,72801,34.0,,,,,,,,,,7959,17,3218,21,2.0,,,168,180,,105,505,,,,,52,121,,236,1434,111,1128,,2.0,,18025,1.0,5127,10.0,,,,50.0,3.0,,,177,,116,,,,,1439,6.0,608,1.0,,,,11.0,,,33.0,5.0,,33.0,,42.0,,,,,121,99,1.0,17,95,,,,5.0,3.0,,11.0,25.0,,3.0,7.0,,13160,2955,19962,1768,1720.0,169.0,,,,,,76.0,,96.0,,,,5660,2.0,3633,27.0,551.0,11.0,,,,,,147.0,,55.0,,,,4.0,610,983,239.0,,1.0,1.0,,,100,125,42.0,,,2.0,1.0,,157.0,10.0,299.0,3.0,,,,,,,87.0,,65.0,,,,,7.0,4.0,,,,2.0,1.0,1.0,,22.0,,11.0,,,,,,,,6.0,,,,,,,,,,,,,,,,1.0,,,,460,112.0,229,69.0,1.0,17.0,,2097,,356,,,,,1038,2.0,357,,,,,524,1.0,223,3.0,,,,14.0,9.0,859,188,406,80.0,1.0,11.0,,171,,2524,1.0,250,2.0,2.0,,,71,,3116,8.0,644,1.0,,,,14.0,,1638,45,547,19.0,1.0,,,43.0,17.0,,2.0,1.0,,6.0,8.0,,11.0,7.0,,1.0,6.0,39,20.0,3.0,,,6.0,2.0,,,1.0,45.0,13.0,,,2.0,86,46.0,,1.0,,5.0,1.0,,,540,,445,5.0,,,,,,,,,1160,3.0,508,15.0,,,,,,,,,,,3.0,39.0,,,,,38.0,76,,,,,21,,28.0,,,,,79,,189,2.0,,,,,,,,,18.0,,11.0,,,2.0,,604,5.0,322,,,,,,,,,,,,38.0,2.0,54.0,,,,,,,,9.0,,,,5.0,2.0,,,,8.0,17.0,,,1.0,9.0,,5814,673,,410,2.0,87.0,2.0,,,,14.0,,6.0,,,2.0,,45.0,,1283,1.0,380,,91.0,3.0,,,,,,,,182.0,,91.0,,,,,13.0,12.0,8.0,,,,1.0,4.0,12.0,10.0,2.0,,7.0,,,4158.0,4.0,4.0,,,,,,,9.0,,,,,,,,,,,,,,437.0,,2.0,,,,,,,,,,,,,,,,1.0,,,,919,66
_1_km_monthly_VI_Quality_2020336_aid0001,aid0001,2020-12-01 00:00:00+00:00,4123,16515,5354,20170,252.0,7021.0,,2236091,5.0,72877,15.0,276.0,9.0,,877381,24.0,59642,73.0,496.0,16.0,,197989,88.0,18449,188.0,366.0,226.0,,2263,2017,2458,2355,161.0,1174.0,,18181,30.0,7160,22.0,92.0,23.0,,32928,41.0,10141,49.0,280.0,28.0,,20509,173,7011,243,232.0,140.0,,2162,2785,425.0,587.0,205.0,9.0,2235.0,1004.0,18.0,1540,577,32.0,358,416,66.0,95.0,65.0,14.0,198.0,111.0,16.0,405,300,49.0,72,2282,75,1220,,26.0,,262946,37.0,37421,434.0,122.0,25.0,,21.0,,,,,,12806,25,3607,85,8.0,5.0,,202,156,4.0,437,1089,9.0,,,,130,224,2.0,378,2003,139,845,,20.0,,18364,4.0,3486,54.0,11.0,,,31.0,17.0,,,247,,165,,,,,1908,28.0,506,13.0,4.0,2.0,,12.0,,,21.0,2.0,,34.0,,46.0,4.0,,,,210,119,1.0,77,238,3.0,,,2.0,15.0,,44.0,54.0,1.0,4.0,6.0,,45668,3359,60633,3249,16642.0,630.0,,,,,,337.0,,819.0,,96.0,,6959,4.0,7596,23.0,2261.0,21.0,,,,,,190.0,,294.0,,46.0,,1.0,1177,1869,825.0,,3.0,18.0,2.0,,141,195,101.0,,,4.0,3.0,,370.0,52.0,838.0,85.0,163.0,,,,,,90.0,,190.0,,20.0,,,2.0,5.0,1.0,,,1.0,4.0,3.0,2.0,18.0,,5.0,,4.0,,,,,,6.0,,2.0,,,,,,,,,,4.0,,,,1.0,,,,297,278.0,293,255.0,14.0,109.0,,608,,367,2.0,,,,587,4.0,299,,2.0,,,521,4.0,429,17.0,37.0,5.0,,,21.0,456,505,337,373.0,23.0,99.0,,38,,1522,3.0,355,1.0,7.0,1.0,,31,,2716,6.0,953,,11.0,,,17.0,,1844,69,962,73.0,52.0,5.0,,59.0,60.0,,6.0,2.0,2.0,7.0,1.0,,22.0,24.0,,1.0,4.0,76,50.0,5.0,,,35.0,3.0,1.0,,,69.0,26.0,,,,264,123.0,5.0,3.0,,4.0,1.0,,,772,1.0,498,29.0,,,,,,,,,1417,3.0,451,34.0,2.0,,,2.0,,,,,,,12.0,94.0,5.0,,,,45.0,97,,,,,32,1.0,14.0,1.0,,,,133,,120,8.0,,,,,,,,,48.0,,23.0,,,1.0,,669,23.0,217,5.0,,,,,,,,,,,81.0,3.0,62.0,2.0,1.0,,2.0,,,9.0,28.0,,,,6.0,4.0,,,,17.0,39.0,,,12.0,10.0,,5066,1869,,1433,3.0,430.0,4.0,,,,27.0,,77.0,,7.0,6.0,,91.0,,2607,1.0,1826,,407.0,1.0,,,,,,,3.0,223.0,,227.0,,44.0,,,39.0,34.0,13.0,,,,4.0,9.0,35.0,38.0,6.0,,8.0,,,4674.0,7.0,9.0,,9.0,,,,3.0,14.0,,26.0,,2.0,,,,,,,,2.0,,322.0,,,,,2.0,,2.0,,1.0,,,,,,,,,1.0,,1.0,,589,59
_1_km_monthly_VI_Quality_2021001_aid0001,aid0001,2021-01-01 00:00:00+00:00,9473,18674,11312,21088,523.0,6464.0,,1899802,49.0,75709,16.0,1241.0,22.0,,1071063,51.0,103744,24.0,1568.0,7.0,,167257,406.0,66280,862.0,1655.0,80.0,,2171,906,2281,1321,165.0,598.0,,15890,66.0,3217,29.0,273.0,13.0,,29848,57.0,8074,25.0,243.0,13.0,,21630,512,17601,812,93.0,17.0,,2777,2744,480.0,801.0,84.0,11.0,2983.0,168.0,26.0,4982,1655,20.0,226,188,27.0,220.0,35.0,12.0,298.0,63.0,24.0,721,465,13.0,277,2716,54,1097,,47.0,,263203,158.0,69448,590.0,316.0,,,29.0,,,,,,11668,105,4384,208,29.0,14.0,,342,219,1.0,1492,1165,,,,,282,373,1.0,185,1813,73,896,,31.0,,17235,3.0,3742,75.0,107.0,,,14.0,,,,215,,133,1.0,3.0,,,1684,55.0,725,58.0,20.0,1.0,,,,,,,,33.0,,22.0,1.0,,,,187,263,4.0,109,333,,,,7.0,12.0,,105.0,157.0,2.0,3.0,3.0,,59582,2581,73958,2362,17409.0,504.0,,,,4.0,,801.0,,1262.0,,31.0,,4703,2.0,4555,12.0,1059.0,8.0,,,,,,171.0,,147.0,,22.0,,14.0,1797,2322,795.0,,3.0,16.0,,,92,88,26.0,,,2.0,2.0,,536.0,22.0,746.0,38.0,256.0,4.0,,8.0,,,135.0,,152.0,,25.0,,,18.0,13.0,3.0,,,3.0,2.0,,98.0,99.0,8.0,46.0,14.0,28.0,,,,,,100.0,18.0,16.0,,35.0,,,,,,23.0,3.0,1.0,,16.0,1.0,,,,,230,103.0,298,144.0,27.0,50.0,,1673,,380,,2.0,,,783,1.0,250,,,,,675,39.0,626,24.0,16.0,2.0,,1.0,7.0,453,163,276,205.0,41.0,71.0,,48,,2017,5.0,241,2.0,4.0,1.0,,46,,2984,7.0,526,1.0,11.0,,,23.0,3.0,2122,485,790,347.0,25.0,4.0,,17.0,38.0,2.0,5.0,1.0,,16.0,5.0,,94.0,63.0,,,1.0,39,30.0,7.0,,,23.0,10.0,1.0,,1.0,95.0,10.0,2.0,,8.0,287,107.0,11.0,2.0,,,4.0,,,1226,24.0,473,70.0,,,,,,,2.0,,1768,34.0,418,66.0,,,,2.0,,,,1.0,,,80.0,114.0,,,,,124.0,150,,,,,29,1.0,16.0,13.0,,,,236,6.0,146,9.0,,,,,,,,,36.0,1.0,25.0,,,,,921,26.0,170,28.0,,,,,,,,,,,84.0,17.0,29.0,,,,2.0,4.0,,6.0,54.0,,,,2.0,6.0,,1.0,2.0,36.0,53.0,,,22.0,15.0,,5775,1325,1.0,1389,3.0,286.0,,,,,34.0,,58.0,,,1.0,,31.0,1.0,1669,,1279,2.0,236.0,2.0,,,,,,,,162.0,,120.0,2.0,13.0,,,10.0,28.0,8.0,2.0,2.0,,,2.0,15.0,13.0,2.0,,1.0,1.0,,4763.0,3.0,4.0,,12.0,,,,,31.0,,4.0,,2.0,1.0,,,1.0,,,,,,229.0,,,,,,,13.0,,,,3.0,,,,,,,,,,,572,63
_1_km_monthly_VI_Quality_2021032_aid0001,aid0001,2021-02-01 00:00:00+00:00,15486,17058,13766,17174,16.0,978.0,,2284634,8.0,14645,5.0,4.0,,,1132628,2.0,15690,11.0,1.0,,,47922,245.0,17055,123.0,5.0,22.0,,3868,1160,2906,1200,6.0,101.0,,15645,24.0,1233,4.0,12.0,,,15056,23.0,3032,7.0,12.0,,,4752,158,2524,68,7.0,5.0,,2565,2674,62.0,22.0,9.0,,84.0,34.0,2.0,620,541,3.0,308,228,2.0,56.0,11.0,,101.0,18.0,,250,121,,118,1088,97,556,,6.0,,294283,12.0,30730,157.0,,,,2.0,,,,,,6068,15,1947,45,,1.0,,61,85,,235,572,,,,,67,109,,404,1238,176,511,,,,21140,6.0,4001,63.0,,,,2.0,,,,173,,127,2.0,,,,1383,7.0,855,15.0,,,,,,,,,,16.0,,15.0,,,,,41,116,,116,192,,,,4.0,,,19.0,36.0,,,2.0,,64353,2602,70479,2046,1739.0,41.0,,,,,,1097.0,2.0,1229.0,,,,4877,6.0,4040,19.0,142.0,2.0,,,,,,261.0,,120.0,,1.0,,2.0,1861,1918,103.0,,5.0,19.0,,,120,105,,,,5.0,3.0,,421.0,40.0,877.0,67.0,36.0,1.0,,,,,72.0,,168.0,,7.0,,,20.0,38.0,5.0,,,,2.0,,29.0,92.0,,71.0,,,,,,,,107.0,8.0,18.0,,2.0,,,,,,16.0,5.0,1.0,,7.0,,,,,,182,63.0,150,47.0,2.0,2.0,,795,,156,,,,,531,,188,,,,,239,5.0,243,3.0,,,,5.0,4.0,449,111,193,70.0,,5.0,,20,,1104,6.0,26,,,,,17,,2092,6.0,348,,,,,2.0,,1072,46,489,19.0,1.0,2.0,,15.0,9.0,,1.0,,,5.0,2.0,,14.0,20.0,,,,38,22.0,,,,12.0,1.0,,,,49.0,,,,1.0,93,33.0,1.0,3.0,,,,,,287,2.0,323,7.0,,,,,,,1.0,,640,13.0,232,5.0,,,,,,,,,,,2.0,16.0,,,,,19.0,53,,,,,15,,10.0,,,,,74,,99,,,,,,,,,,19.0,,19.0,,,1.0,,437,6.0,133,6.0,,,,,,,,,,,31.0,,17.0,,,,,,,4.0,9.0,,,,,3.0,,,,1.0,17.0,,,1.0,9.0,,5030,733,,337,1.0,35.0,,,,,23.0,,34.0,,,2.0,1.0,29.0,4.0,1303,,428,1.0,16.0,,,,,,,1.0,1.0,184.0,,80.0,,,,,15.0,5.0,1.0,2.0,,,1.0,,11.0,6.0,,,1.0,4.0,,3631.0,7.0,1.0,,3.0,,,,,2.0,,10.0,,,,,,,,,,,,265.0,,,,,,,1.0,2.0,,,,,,,,,,,,,,403,55
_1_km_monthly_VI_Quality_2021060_aid0001,aid0001,2021-03-01 00:00:00+00:00,22089,17987,14953,14959,,,,2054744,,130997,,,,,1112784,,89549,,,,,59955,40.0,17354,22.0,,,,6062,1463,3851,1691,,,,15949,3.0,1053,4.0,,,,25085,3.0,4556,,,,,11627,63,5442,34,,,,1635,2597,,4.0,,,7.0,8.0,,152,101,,376,352,,16.0,,,29.0,2.0,,136,61,,152,935,137,454,,,,295058,3.0,68160,43.0,,,,,,,,,,5403,10,1885,14,,,,49,87,,36,236,,,,,14,40,,991,505,243,262,,,,22998,10.0,4178,52.0,,,,4.0,,,,106,,62,,,,,1176,19.0,525,,,,,,,,,,,3.0,,11.0,,,,,15,9,,19,206,,,,,,,1.0,2.0,,,,,58989,1978,68837,1005,,,,,26.0,12.0,,266.0,,369.0,,,,4585,4.0,3402,21.0,,,,,,,,92.0,,57.0,,,,1.0,1137,1672,,,3.0,3.0,,,147,204,,,,5.0,,,671.0,66.0,999.0,38.0,,,,,,,58.0,,64.0,,,,,17.0,27.0,,,,1.0,2.0,,69.0,59.0,2.0,10.0,,,,,,,,120.0,12.0,23.0,2.0,,,,,,,32.0,15.0,,,25.0,1.0,,,,,141,62.0,72,48.0,,,,1232,,13,,,,,466,,67,,,,,182,,157,,,,,12.0,22.0,422,170,105,102.0,,,,72,,1199,,20,,,,,39,,2298,,201,,,,,4.0,,1207,16,434,10.0,,,,9.0,7.0,,,,,,,,8.0,7.0,,,2.0,51,21.0,,,,1.0,,,,,6.0,,,,,35,14.0,,,,,2.0,,,223,,283,,,,,,,,,,411,3.0,198,7.0,,,,,,,,,2.0,,,4.0,,,,,1.0,16,,,,,32,,7.0,,,,,70,,94,,,,,,,,,,14.0,,28.0,,,2.0,,248,2.0,75,2.0,,,,,,,,,,,12.0,,5.0,,,,,,,1.0,1.0,,,,,,,,,,1.0,,,,3.0,,4977,452,,232,,,,,,,1.0,,6.0,,,6.0,,26.0,,886,,240,,,,,,,,,,,38.0,,28.0,,,,,12.0,5.0,,,,,,7.0,16.0,10.0,,,3.0,5.0,,2318.0,4.0,5.0,,,,,,,10.0,,,,,,,,,,,,,,96.0,,,,,,,6.0,,,6.0,,,,,,,,6.0,,,,227,61
_1_km_monthly_VI_Quality_2021091_aid0001,aid0001,2021-04-01 00:00:00+00:00,25380,13435,21081,10868,,,,1916788,,29889,,,,,1171379,,162258,,,,,76007,42.0,66576,14.0,,,,6446,1767,4093,1477,,,,16897,,2633,,,,,33358,2.0,8408,1.0,,,,27986,47,14103,58,,,,1267,1523,,1.0,3.0,,28.0,4.0,,64,233,,342,211,,,,,26.0,6.0,,143,113,,330,1442,257,558,,,,257077,5.0,98555,31.0,,,,,,,,,,10133,18,5609,22,,,,107,102,,39,241,,,,,32,146,,794,496,414,114,,,,18193,5.0,7382,11.0,,,,8.0,,,,27,,97,,,,,1883,14.0,718,4.0,,,,,,,1.0,,,11.0,,15.0,,,,,17,20,,17,97,,,,,2.0,,5.0,3.0,,,,,79461,1368,60072,424,,,,,5.0,1.0,,62.0,,44.0,,,,3577,5.0,2002,1.0,,,,,,,,12.0,,3.0,,,,,572,665,,,,,,,167,114,,,,,,,825.0,66.0,725.0,16.0,,,,,,,45.0,2.0,54.0,,,,,12.0,5.0,,,,4.0,2.0,,121.0,56.0,6.0,28.0,,,,,,,,81.0,7.0,9.0,,,,,,,,45.0,4.0,,,31.0,1.0,,,,,65,36.0,59,31.0,,,,290,,105,,,,,396,,281,,,,,154,1.0,175,,,,,9.0,8.0,380,116,140,82.0,,,,18,,215,,68,,,,,36,,1555,2.0,462,,,,,8.0,,1507,23,576,3.0,,,,2.0,9.0,,,,,1.0,,,2.0,2.0,,1.0,,52,13.0,,,,,,,,,,,,,,38,23.0,,,,,,,,179,1.0,378,7.0,,,,,,,,,445,5.0,401,2.0,,,,,,,,,,,3.0,18.0,,,,,4.0,35,,,,,31,,5.0,,,,,110,,283,2.0,,,,,,,,,3.0,,42.0,,,1.0,,328,2.0,146,1.0,,,,,,,,,,,12.0,,11.0,,,,,,,,1.0,,,,,,,,,5.0,1.0,,,,,,4801,349,,153,,,,,,,,,2.0,,,5.0,,28.0,,492,2.0,213,,,,,,,,,,,10.0,,1.0,,,,,4.0,3.0,,,,,,,22.0,12.0,,,,,,1091.0,,2.0,,,,,,,1.0,,,,,,,,,,,2.0,,,33.0,,,2.0,,,,,1.0,,,,,,,,,,,,,,5,55
_1_km_monthly_VI_Quality_2021121_aid0001,aid0001,2021-05-01 00:00:00+00:00,30262,17280,28783,7903,,,,2001443,7.0,244879,52.0,,,,826622,55.0,170018,339.0,,,,75180,158.0,39180,739.0,,,,10114,1281,7479,1445,,,,47345,4.0,7949,1.0,,,,81017,27.0,26632,97.0,,,,34484,256,17036,583,,,,1402,1295,,341.0,113.0,,2663.0,2157.0,,1691,2762,,618,796,,26.0,10.0,,489.0,320.0,,844,975,,393,2807,280,1010,,,,227074,22.0,86201,156.0,,,,,,,,,,16602,32,7595,31,,,,265,158,,311,814,,,,,114,204,,712,940,229,196,,,,16220,8.0,6756,31.0,,,,11.0,,,,38,,75,,,,,3094,32.0,1048,3.0,,,,5.0,,,16.0,2.0,,29.0,,24.0,,,,,110,28,,70,171,,,,2.0,2.0,,55.0,15.0,,,,,44137,374,38591,489,,,,,,,,,,1.0,,,,1839,2.0,2493,3.0,,,,,,,,,,,,,,,258,342,,,,,,,136,163,,,,,,,427.0,3.0,451.0,10.0,,,,,,,21.0,,12.0,,,,,4.0,,,,,1.0,1.0,,106.0,27.0,,30.0,,,,,,,,51.0,,1.0,,,,,,,,36.0,2.0,,,8.0,,,,,,100,7.0,78,13.0,,,,426,,396,,,,,729,1.0,858,8.0,,,,229,3.0,588,20.0,,,,10.0,5.0,466,110,340,51.0,,,,22,,545,1.0,254,1.0,,,,89,,3756,10.0,1468,43.0,,,,30.0,,2833,180,2659,261.0,,,,22.0,14.0,,6.0,2.0,,9.0,24.0,,18.0,88.0,,,4.0,105,70.0,,,1.0,10.0,1.0,,,4.0,178.0,82.0,,,1.0,390,356.0,,,,2.0,,,,305,1.0,580,16.0,,,,,,,,,940,12.0,724,15.0,,,,,,1.0,,,,,3.0,26.0,,,,,35.0,69,,,,,12,,11.0,,,,,133,,319,4.0,,,,,,,,,,,32.0,,,,,611,21.0,410,1.0,,,,,,,,,,,10.0,,29.0,,,,,,,7.0,2.0,,,,,,,,,38.0,9.0,,,1.0,,,4860,85,,23,,,,,,,,,,,,3.0,,14.0,,137,2.0,119,,,,,,,,,,,3.0,,,,,,,1.0,1.0,,,,,,,6.0,9.0,,,,,,520.0,,,,,,,,,,,,,,,,,,,,,,,26.0,,,,,,,,,,,,,,,,,,,,,,13,68
_1_km_monthly_VI_Quality_2021152_aid0001,aid0001,2021-06-01 00:00:00+00:00,22438,62478,20069,28550,,,,1145572,571.0,107440,332.0,,,,986191,1451.0,137022,2208.0,,,,121606,1724.0,36477,9276.0,,,,14529,248,8802,133,,,,79603,293.0,6228,178.0,,,,339038,2793.0,56209,2396.0,,,,218115,11310,41370,18364,,,,7852,3672,,6671.0,854.0,,25533.0,12567.0,,21453,22187,,92,136,,943.0,133.0,,12698.0,4333.0,,38984,20623,,242,15011,318,6684,,,,165916,148.0,53309,624.0,,,,,,,,,,33783,137,10390,346,,,,1363,711,,2376,2384,,,,,855,745,,477,3215,135,1292,,,,11983,15.0,3485,55.0,,,,19.0,,,,24,,49,,,,,5558,59.0,818,23.0,,,,12.0,,,25.0,2.0,,33.0,,24.0,,,,,473,117,,204,225,,,,,,,150.0,107.0,,,,,17524,654,21073,878,,,,,,,,14.0,,1.0,,,,1286,,1719,2.0,,,,,,,,2.0,,1.0,,,,,42,87,,,2.0,,,,11,38,,,,,,,48.0,,67.0,1.0,,,,,,,10.0,,9.0,,,,,,3.0,,,,,,,1.0,10.0,3.0,11.0,,,,,,,,12.0,1.0,6.0,,,,,,,,12.0,,,,8.0,1.0,,,,,58,3.0,96,5.0,,,,1602,12.0,124,35.0,,,,3145,115.0,905,252.0,,,,1685,259.0,945,829.0,,,,10.0,,350,76,274,125.0,,,,221,5.0,4818,24.0,188,45.0,,,,505,13.0,24445,1019.0,4293,991.0,,,,156.0,30.0,23526,9009,10837,13375.0,,,,,12.0,,101.0,34.0,,486.0,369.0,,930.0,855.0,,,,35,63.0,,,4.0,235.0,81.0,,2.0,106.0,3901.0,1712.0,,4.0,166.0,17222,10571.0,,1.0,1.0,10.0,1.0,,,907,8.0,766,117.0,,,,,,,,,3454,60.0,1669,257.0,,,,3.0,,,,,,,130.0,210.0,,,,,320.0,473,,,,2.0,33,,25.0,3.0,,,,223,,301,30.0,,,,,,,,,,,10.0,,,4.0,,1537,53.0,451,30.0,,,,,1.0,,1.0,,,,34.0,,59.0,,,,2.0,,,19.0,21.0,,,,,,,,,128.0,70.0,,,2.0,8.0,,4960,16,,16,,,,,,,,,,,,,,8.0,,31,,24,,,,,,,,,,,4.0,,,,,,,,1.0,,,,,,,4.0,3.0,,,,,,240.0,,,,,,,,,,,,,,,,,,,,,,,10.0,,,,,,,1.0,,,,,,,,,,,,,,,98,60
_1_km_monthly_VI_Quality_2021182_aid0001,aid0001,2021-07-01 00:00:00+00:00,7488,123566,9607,42663,,,,628026,1005.0,86417,5203.0,,,,674526,2958.0,136825,8117.0,,,,74445,5793.0,40069,18287.0,,,,13397,437,15365,600,,,,116877,1275.0,16637,1109.0,,,,400851,8739.0,67106,12003.0,,,,178285,38177,50584,47288,,,,23988,6963,,19761.0,15444.0,,59602.0,46967.0,,37607,35564,,256,172,,15266.0,5328.0,,67113.0,27056.0,,110472,47509,,183,45752,135,23490,,,,94687,262.0,38180,1249.0,,,,,,,,,,38880,286,13265,700,,,,4899,1809,,3045,4149,,,,,1801,1262,,735,6672,282,3011,,,,5851,13.0,2507,57.0,,,,7.0,1.0,,,22,,29,,,,,4392,86.0,853,39.0,,,,7.0,1.0,,30.0,2.0,,60.0,,30.0,,,,,1046,446,,181,255,,,,,,,237.0,109.0,,,,,3720,513,5123,342,,,,,,,,54.0,,,,,,1109,,1474,,,,,,,,,15.0,,3.0,,,,,27,44,,,,,,,19,41,,,,,,,,3.0,1.0,2.0,,,,,,,,,,,,,,,,,,,,,,,,,,,,,,,,,,,,,,,,,,,,,,,,,,,,,97,33.0,55,59.0,,,,4242,29.0,405,79.0,,,,9423,326.0,2531,455.0,,,,4214,873.0,2430,1937.0,,,,17.0,2.0,909,354,787,527.0,,,,402,2.0,12507,286.0,822,331.0,,,,1576,39.0,93252,3452.0,12693,4503.0,,,,431.0,141.0,77975,34259,26938,48162.0,,,,6.0,12.0,,443.0,334.0,,2227.0,1341.0,,2537.0,2046.0,,,,128,140.0,,1.0,87.0,2285.0,739.0,,5.0,372.0,23550.0,8974.0,,26.0,456.0,69565,33532.0,,6.0,,10.0,5.0,,,1374,22.0,1185,221.0,,,,,,,3.0,1.0,6753,181.0,3640,737.0,,,,9.0,,1.0,,1.0,3.0,,171.0,248.0,,,,1.0,647.0,858,,,1.0,,33,,15.0,,,,,192,3.0,253,18.0,,,,,,,,,6.0,,1.0,,,5.0,,1734,58.0,593,67.0,,,,,,,3.0,,,,46.0,4.0,78.0,2.0,,,2.0,,,20.0,37.0,,,,,,,,,151.0,110.0,,,2.0,4.0,,4951,39,,4,,,,,,,,,,,,7.0,,15.0,,80,,33,,,,,,,,,,,19.0,,2.0,,,,,,,,,,,,,5.0,4.0,,,,,,6.0,,,,,,,,,,,,,,,,,,,,,1.0,,8.0,,,,,,,,,,,,,,,,,,,,,,20,58
_1_km_monthly_VI_Quality_2021213_aid0001,aid0001,2021-08-01 00:00:00+00:00,8058,149440,8106,54288,,,,916174,894.0,127697,2073.0,,,,481305,2897.0,137637,7592.0,,,,48856,2363.0,33843,12032.0,,,,8681,274,7623,476,,,,127143,795.0,13195,1313.0,,,,387888,5579.0,51792,7916.0,,,,179379,24819,47038,39514,,,,26483,9875,,11925.0,21060.0,,28995.0,37380.0,,18551,30478,,244,256,,6382.0,3584.0,,46398.0,22025.0,,74989,51925,,144,53012,165,32971,,,,85693,197.0,49433,493.0,,,,,,,,,,33228,249,15233,416,,,,3595,1840,,921,1540,,,,,673,602,,1218,7720,129,3722,,,,5411,10.0,2226,17.0,,,,24.0,3.0,,,25,,34,,,,,2923,62.0,765,30.0,,,,4.0,,,31.0,,,54.0,,45.0,,,,,979,470,,117,112,,,,,,,144.0,60.0,,,,,3640,548,5672,229,,,,,,,,38.0,,,,,,1341,,1588,,,,,,,,,29.0,,15.0,,,,,26,34,,,1.0,,,,8,21,,,,1.0,,,,1.0,1.0,,,,,,,,,,,,,,,,,,,,,,,,,,,,,,,,,,,,,,,,,,,,,,,,,,,,,,76,13.0,99,123.0,,,,6786,32.0,774,129.0,,,,11621,210.0,3251,489.0,,,,5169,460.0,2293,1246.0,,,,3.0,,598,243,712,325.0,,,,884,6.0,16224,142.0,820,212.0,,,,1944,45.0,133540,2078.0,13101,2114.0,,,,530.0,59.0,110642,24556,33988,35353.0,,,,15.0,48.0,,509.0,406.0,,2038.0,1409.0,,2408.0,2105.0,,,,163,205.0,,1.0,62.0,1256.0,423.0,,9.0,344.0,22185.0,5386.0,,14.0,414.0,64883,37001.0,,9.0,1.0,112.0,13.0,,,2153,10.0,1603,72.0,,,,,,,2.0,1.0,8535,244.0,4786,495.0,,,,19.0,,,,1.0,1.0,,125.0,116.0,,,,,497.0,523,,,,,56,,6.0,,,,,286,4.0,172,8.0,,,,,,,,,4.0,,1.0,,,8.0,,1679,52.0,601,28.0,,,,,,,2.0,2.0,,,48.0,2.0,91.0,4.0,,,3.0,1.0,,26.0,16.0,,,,,,,,,146.0,105.0,,,3.0,9.0,,5056,32,,3,,,,,,,,,,,,5.0,,6.0,,57,,22,,,,,,,,,,,31.0,,2.0,,,,,,,,,,,,,4.0,2.0,,,,3.0,,18.0,,,,,,,,,1.0,,,,,,,,,,,,1.0,,12.0,,,,,,,,,,,,,,,,,,,,,,70,67
_1_km_monthly_VI_Quality_2021244_aid0001,aid0001,2021-09-01 00:00:00+00:00,7592,18270,9237,7589,,,,1489225,259.0,190962,396.0,,,,691276,210.0,152462,421.0,,,,94450,208.0,50419,879.0,,,,7338,71,7398,119,,,,145559,100.0,20862,135.0,,,,425305,594.0,61242,978.0,,,,144190,3132,42653,4629,,,,2547,1688,,1411.0,2344.0,,5755.0,3435.0,,3655,4598,,73,49,,715.0,488.0,,9827.0,4250.0,,14394,8878,,131,9827,299,5846,,,,160024,72.0,78203,326.0,,,,,,,,,,32139,52,15075,77,,,,723,416,,348,1531,,,,,193,235,,1405,2475,322,1032,,,,11389,,4910,21.0,,,,35.0,5.0,,,86,,116,,,,,2763,11.0,1010,4.0,,,,15.0,,1.0,41.0,5.0,,45.0,,29.0,,,,,378,163,,41,188,,,,,,,16.0,34.0,,,,,4952,1047,5676,517,,,,,,,,46.0,,7.0,,,,2426,1.0,2016,7.0,,,,,,,,70.0,,34.0,,,,,46,70,,,1.0,,,,25,34,,,,1.0,,,5.0,1.0,,4.0,,,,,,,2.0,,3.0,,,,,,,,,,,,,,1.0,,,,,,,,,,,,,,,,,,,,,,,,,,,,,,88,5.0,37,8.0,,,,4443,6.0,512,25.0,,,,5414,28.0,1349,74.0,,,,2095,78.0,1253,119.0,,,,10.0,,362,31,163,33.0,,,,430,1.0,8363,10.0,585,19.0,,,,896,2.0,53762,307.0,5791,366.0,,,,179.0,9.0,32997,3961,11877,6046.0,,,,1.0,1.0,,68.0,22.0,,504.0,257.0,,582.0,368.0,,,,19,21.0,,,3.0,190.0,54.0,,2.0,77.0,5996.0,1364.0,,5.0,63.0,15336,8506.0,,3.0,,53.0,1.0,,,2010,7.0,1348,17.0,,,,,,,3.0,,4965,41.0,2235,57.0,,,,12.0,,3.0,,,,,46.0,112.0,,,,,155.0,166,,,1.0,,29,,23.0,1.0,,,,451,,412,,,,,,,,,,20.0,,8.0,,,2.0,,1504,9.0,515,6.0,,,,,,,8.0,,,,77.0,2.0,69.0,3.0,,,,,,5.0,7.0,,,,,,,,1.0,34.0,33.0,,,3.0,6.0,,5054,102,,34,,,,,,,2.0,,,,,9.0,,18.0,,163,,23,,,,,,,,,,,59.0,,13.0,,,,,,,,,,,,,1.0,,,,1.0,,,234.0,,,,,,,,,2.0,,,,,,,,,,,,,,113.0,,,,,,,,,,,,,,,,,,,,,,563,65
_1_km_monthly_VI_Quality_2021274_aid0001,aid0001,2021-10-01 00:00:00+00:00,7633,11744,9393,7104,,,,2201572,205.0,105897,370.0,,,,927898,174.0,115133,419.0,,,,113571,105.0,25634,471.0,,,,7754,109,4950,192,,,,42956,31.0,14374,48.0,,,,58061,72.0,19518,243.0,,,,26092,430,5584,605,,,,1723,1027,,1955.0,1885.0,,628.0,1883.0,,1241,542,,96,79,,219.0,207.0,,844.0,1011.0,,1689,799,,93,4775,118,3555,,,,247054,65.0,63272,170.0,,,,,,,,,,11344,30,7255,44,,,,363,209,,309,627,,,,,117,111,,459,1148,82,446,,,,17499,3.0,5262,10.0,,,,18.0,2.0,,,120,,104,,,,,1377,,922,3.0,,,,34.0,,,23.0,,,18.0,,6.0,,,,,155,73,,32,152,,,,2.0,,,8.0,18.0,,,,,9877,1567,14464,807,,,,,,,,39.0,,25.0,,,,2638,2.0,2743,13.0,,,,,,,,70.0,,25.0,,,,1.0,123,249,,,1.0,,,,49,70,,,,1.0,,,38.0,4.0,42.0,2.0,,,,,,,9.0,,8.0,,,,,1.0,1.0,,,,,,,,3.0,1.0,,,,,,,,,2.0,,,,,,,,,,,1.0,,,,,,,,,162,1.0,76,4.0,,,,3969,9.0,451,5.0,,,,1841,11.0,554,27.0,,,,1205,25.0,338,53.0,,,,16.0,,472,17,174,11.0,,,,300,,5318,4.0,724,2.0,,,,241,,10846,39.0,2166,68.0,,,,89.0,1.0,8473,478,1747,470.0,,,,2.0,,,37.0,49.0,,32.0,62.0,,113.0,41.0,,,,11,3.0,,1.0,8.0,29.0,33.0,,,3.0,271.0,192.0,,,13.0,1492,664.0,,1.0,,5.0,,,,1087,5.0,1035,12.0,,,,,,,,,2508,4.0,1532,22.0,,,,6.0,,6.0,,,,,17.0,53.0,,,,,89.0,69,,,,,20,,17.0,1.0,,,,291,,371,,,,,2.0,,,,,6.0,,10.0,,,2.0,,918,1.0,519,6.0,,,,,,,5.0,,,,47.0,,29.0,,,,,1.0,,3.0,15.0,,,,,,,,,19.0,21.0,,,2.0,,,5763,249,,148,,,,,,,2.0,,,,,10.0,,19.0,,360,,122,,,,,,,,,,,56.0,,9.0,,,,,,,,,,,,,,,,,1.0,,,2332.0,,,,,,,,,2.0,,,,,,,,,,,,,,311.0,,,,,,,,,,,,,,,,,,,,,,1216,73
_1_km_monthly_VI_Quality_2021305_aid0001,aid0001,2021-11-01 00:00:00+00:00,18303,42225,14917,17189,364.0,1475.0,,1411922,6.0,42611,,89.0,,,1404016,67.0,93746,25.0,94.0,1.0,,182205,151.0,89172,118.0,118.0,22.0,,3586,896,3277,820,233.0,273.0,,49811,8.0,3876,8.0,66.0,1.0,,81541,174.0,14619,48.0,189.0,3.0,,31181,820,21686,448,63.0,11.0,,10970,3495,382.0,441.0,183.0,7.0,1458.0,1426.0,11.0,817,1489,41.0,277,294,56.0,100.0,22.0,8.0,1405.0,373.0,15.0,2920,1900,18.0,260,10182,333,4274,,20.0,,250726,4.0,78843,25.0,5.0,,,,,,,,,14833,26,5528,62,2.0,2.0,,913,334,26.0,219,778,2.0,,,,75,183,1.0,262,2839,4,948,,5.0,,17468,,3518,8.0,,,,26.0,,,,280,,151,,,,,2025,6.0,551,,,1.0,,22.0,,,33.0,2.0,,46.0,,28.0,1.0,,,,267,107,1.0,35,121,,,,,5.0,,15.0,20.0,,,3.0,,55891,2414,43237,1235,2417.0,174.0,,,,,,210.0,1.0,237.0,,7.0,,6373,16.0,3545,25.0,804.0,16.0,,,,,,177.0,,80.0,2.0,12.0,,12.0,1987,1837,240.0,,4.0,14.0,,1.0,150,90,30.0,,,7.0,3.0,,480.0,34.0,570.0,17.0,82.0,,,,,,63.0,,51.0,2.0,,,,2.0,33.0,25.0,,,3.0,7.0,,4.0,12.0,3.0,1.0,,,,,,,,8.0,,,1.0,,,,,,,,,,,,1.0,,,,,326,61.0,188,36.0,11.0,17.0,,3933,,512,,,,,4670,10.0,1338,,,,,1497,65.0,912,6.0,3.0,,,6.0,3.0,487,146,228,124.0,20.0,12.0,,463,,9223,,370,,2.0,3.0,,600,,28652,84.0,2921,26.0,26.0,,,132.0,6.0,13370,1247,5527,550.0,4.0,3.0,,44.0,26.0,1.0,17.0,11.0,1.0,188.0,17.0,,93.0,68.0,,,4.0,45,51.0,3.0,,4.0,65.0,1.0,1.0,,9.0,899.0,70.0,5.0,,9.0,3012,1073.0,1.0,7.0,,8.0,,,,2015,,845,2.0,,,,,,,1.0,,4216,9.0,1162,27.0,,,,25.0,,3.0,,,3.0,,21.0,42.0,,,,2.0,69.0,60,,,,,52,,2.0,,,,,292,,257,,,,,,,,,,52.0,,35.0,,,,,911,,327,2.0,,,,,,,1.0,,,1.0,109.0,,138.0,1.0,,,,,,3.0,8.0,,,,,9.0,,,,10.0,13.0,,,10.0,7.0,,5943,949,,431,,94.0,,,,,15.0,,3.0,,,4.0,,37.0,,1465,1.0,448,,116.0,,,,,,,,,130.0,,56.0,,1.0,,,12.0,13.0,7.0,,1.0,,,1.0,18.0,9.0,,,1.0,2.0,1.0,2380.0,,7.0,,,,,,,11.0,,1.0,,,,,,,,,,,,250.0,,,,,,,,,,,,,,,,,,,,,,959,62
_1_km_monthly_VI_Quality_2021335_aid0001,aid0001,2021-12-01 00:00:00+00:00,9423,15945,9799,20206,763.0,7387.0,,1196079,12.0,176015,27.0,1141.0,2.0,,1232854,19.0,153552,25.0,2273.0,10.0,,561348,93.0,99551,238.0,587.0,68.0,,2857,860,3353,1862,353.0,1003.0,,22246,22.0,7497,37.0,556.0,33.0,,22472,61.0,7732,50.0,722.0,33.0,,10888,100,6726,157,291.0,52.0,,2369,2416,649.0,219.0,60.0,16.0,607.0,137.0,40.0,1074,741,89.0,359,428,83.0,98.0,67.0,25.0,299.0,133.0,50.0,286,426,70.0,121,1840,159,1002,1.0,64.0,,275616,35.0,127831,481.0,132.0,,,73.0,,,,,,8251,41,3319,114,15.0,20.0,,151,131,30.0,640,1241,3.0,,,,99,183,9.0,179,2289,40,669,1.0,32.0,,17058,4.0,4411,42.0,30.0,,,18.0,13.0,,,380,,192,6.0,1.0,,,1957,16.0,584,19.0,16.0,,,10.0,,,9.0,2.0,,46.0,,29.0,3.0,,,,282,107,2.0,135,241,,,,11.0,21.0,,75.0,50.0,1.0,2.0,8.0,,34201,1831,39580,2870,16813.0,681.0,,,,,,220.0,1.0,372.0,,24.0,,4533,8.0,5149,15.0,1823.0,19.0,,,,,,179.0,,243.0,2.0,43.0,,6.0,1396,1638,684.0,,4.0,17.0,,,131,168,57.0,,,7.0,2.0,,315.0,38.0,528.0,64.0,208.0,3.0,,,,,120.0,1.0,58.0,1.0,23.0,1.0,1.0,5.0,24.0,32.0,,,6.0,5.0,,2.0,38.0,51.0,13.0,6.0,1.0,3.0,,,,,7.0,,16.0,2.0,,,,,,1.0,9.0,3.0,6.0,,,,,,,,241,73.0,186,229.0,23.0,77.0,,785,2.0,371,2.0,1.0,,,618,2.0,303,1.0,7.0,,,487,1.0,614,15.0,122.0,3.0,,1.0,5.0,488,117,394,286.0,42.0,84.0,,42,,2005,1.0,584,1.0,12.0,4.0,,42,,2841,16.0,1032,3.0,37.0,,,14.0,,1596,53,1354,67.0,95.0,12.0,,45.0,38.0,8.0,1.0,5.0,1.0,16.0,10.0,,20.0,42.0,3.0,,6.0,49,68.0,9.0,,,21.0,7.0,1.0,,,111.0,60.0,7.0,,2.0,118,275.0,17.0,1.0,,5.0,,,,611,2.0,498,25.0,,,,,,,,,1241,15.0,424,30.0,,,,3.0,,2.0,,,2.0,,18.0,75.0,,,,,48.0,69,,,,,23,1.0,2.0,3.0,,,,136,,150,4.0,,,,,1.0,,,,56.0,,30.0,4.0,,2.0,,560,4.0,267,4.0,,,,,,,,,,,90.0,,101.0,5.0,,,,,,,26.0,,,,3.0,18.0,,,,18.0,19.0,,,18.0,16.0,,5060,688,2.0,1209,,334.0,2.0,,,,13.0,,16.0,,,5.0,,26.0,,1259,1.0,1510,,352.0,,,,,,,,,117.0,,242.0,,25.0,,,15.0,21.0,12.0,,,,,5.0,10.0,35.0,7.0,,3.0,4.0,,1727.0,2.0,5.0,,,,,,1.0,26.0,,5.0,,,,,,,,,,,,132.0,,,,,,,2.0,,,,,,,,,,,1.0,,,,497,54
_1_km_monthly_VI_Quality_2022001_aid0001,aid0001,2022-01-01 00:00:00+00:00,22916,29794,4342,34779,413.0,21220.0,,1258032,11.0,128829,28.0,12320.0,18.0,,1194227,17.0,183352,56.0,3791.0,27.0,,376571,1641.0,117498,4566.0,709.0,110.0,,1492,1876,1069,3352,184.0,1634.0,,10298,33.0,4266,20.0,1822.0,92.0,,20335,30.0,5980,20.0,803.0,35.0,,25113,681,11822,3146,240.0,158.0,,1656,1832,750.0,264.0,134.0,182.0,516.0,595.0,75.0,9392,11979,185.0,272,391,67.0,92.0,99.0,165.0,200.0,111.0,64.0,1312,1721,75.0,919,2652,286,1473,,162.0,,255573,230.0,96336,1461.0,1541.0,2.0,,14.0,,,,,,8608,114,5598,265,30.0,35.0,,292,225,9.0,940,2269,3.0,,,,186,409,16.0,220,1852,36,698,,30.0,,17068,29.0,4134,244.0,70.0,1.0,,7.0,1.0,,,231,,134,2.0,6.0,,,1724,32.0,753,45.0,4.0,3.0,,,,,,,,31.0,,12.0,,,,,239,103,2.0,129,247,,,,9.0,19.0,,71.0,71.0,2.0,2.0,3.0,,84863,4457,63691,6048,25743.0,473.0,,,,,,402.0,,456.0,,28.0,,6386,8.0,5669,7.0,1697.0,1.0,,,,,,226.0,,102.0,,13.0,,2.0,1376,1825,822.0,,1.0,,2.0,1.0,63,168,27.0,,,2.0,,,712.0,126.0,891.0,103.0,234.0,8.0,,7.0,,,163.0,1.0,151.0,,22.0,,,6.0,11.0,8.0,,,2.0,8.0,1.0,105.0,86.0,4.0,39.0,,15.0,,,,,,117.0,2.0,27.0,,3.0,,,3.0,,,,,,,,2.0,,,,,170,373.0,171,547.0,4.0,157.0,,1667,1.0,144,,,,,1619,1.0,390,1.0,10.0,,,1305,45.0,748,107.0,8.0,,,4.0,28.0,345,510,252,947.0,9.0,330.0,,42,,888,1.0,189,,18.0,1.0,,55,,2866,10.0,671,1.0,47.0,5.0,,73.0,5.0,3322,518,1439,557.0,101.0,8.0,,44.0,41.0,11.0,1.0,,,13.0,7.0,,90.0,143.0,,1.0,5.0,65,105.0,4.0,,,8.0,4.0,3.0,,1.0,81.0,18.0,3.0,4.0,14.0,499,335.0,7.0,3.0,,6.0,12.0,,1.0,757,16.0,763,133.0,,,,,,,1.0,,1259,50.0,759,130.0,1.0,3.0,,1.0,,,,,3.0,,49.0,141.0,,,,,121.0,253,,,,,33,,3.0,,,,,167,1.0,165,9.0,,,,,,,,,24.0,,36.0,,,5.0,,809,15.0,244,33.0,,,,,,,,,,,34.0,2.0,59.0,6.0,,,2.0,,,9.0,22.0,,,,1.0,2.0,,,1.0,43.0,44.0,,,8.0,11.0,,5712,2524,2.0,2209,3.0,534.0,,,,,48.0,,8.0,,,1.0,,67.0,1.0,2895,2.0,2690,,456.0,,,,,,,,,266.0,,103.0,,1.0,,,39.0,36.0,7.0,,2.0,,,,35.0,34.0,4.0,,2.0,2.0,,2503.0,23.0,28.0,,,,,,,41.0,,22.0,,8.0,,,,,,,2.0,,,287.0,5.0,,,,,,,,1.0,,,,,,,,,,,,,1049,61
_1_km_monthly_VI_Quality_2022032_aid0001,aid0001,2022-02-01 00:00:00+00:00,6524,33495,5136,28915,7.0,3605.0,,2222007,2.0,79518,6.0,23.0,2.0,,1048880,2.0,29911,2.0,,,,52633,196.0,15323,585.0,4.0,10.0,,1633,2193,1019,1654,12.0,313.0,,10201,16.0,769,6.0,23.0,16.0,,12409,13.0,1646,10.0,4.0,1.0,,5577,108,2197,135,4.0,1.0,,2509,1980,23.0,18.0,20.0,8.0,89.0,52.0,2.0,779,585,4.0,227,223,6.0,49.0,10.0,7.0,75.0,6.0,1.0,335,87,3.0,203,1286,147,933,,18.0,,289365,23.0,41090,287.0,,,,13.0,,,,,,6043,41,2306,90,,5.0,,113,124,,195,510,,,,,51,102,2.0,364,1236,107,540,,1.0,,20677,5.0,3998,88.0,,,,15.0,4.0,,,232,,99,,,,,1476,10.0,796,10.0,,,,,,,,,,16.0,,8.0,,,,,48,38,2.0,63,211,,,,4.0,2.0,,8.0,9.0,,2.0,3.0,,117335,4413,64043,4086,3998.0,58.0,,,1.0,,,1139.0,,736.0,,,,7659,9.0,4700,13.0,303.0,,,,,,,499.0,,276.0,,,,7.0,1904,1143,68.0,,5.0,4.0,,,127,119,3.0,,,2.0,,,750.0,104.0,1205.0,110.0,72.0,,,,,,132.0,,152.0,,11.0,,,9.0,18.0,2.0,,,1.0,6.0,,94.0,158.0,5.0,57.0,,2.0,,,,,,148.0,,12.0,,,,,,,,5.0,2.0,,,1.0,6.0,,,,,127,269.0,53,100.0,,28.0,,388,,117,,,,,563,,444,,,,,281,,242,19.0,,,,2.0,16.0,337,403,123,131.0,,37.0,,17,,351,,35,,1.0,,,9,,1174,1.0,390,,,,,5.0,,1061,40,537,39.0,,1.0,,15.0,12.0,2.0,1.0,,,4.0,,,10.0,3.0,,2.0,4.0,40,59.0,,,,7.0,,,,,38.0,3.0,,,1.0,51,22.0,,2.0,,1.0,,,1.0,237,2.0,412,38.0,,,,,,,,,637,8.0,229,39.0,1.0,1.0,,,,,,,,,7.0,49.0,,,,,15.0,31,,,,,29,,13.0,,,,,68,,118,2.0,,,,,,,,,4.0,,9.0,,,3.0,,500,4.0,145,20.0,,,,,,,,,,,20.0,,12.0,,,,,,,,2.0,,,,,,,,,10.0,11.0,,,,,,5137,1818,5.0,462,,111.0,,,,,84.0,,20.0,,,1.0,,101.0,1.0,2252,,687,,67.0,,,,,,,,1.0,401.0,,178.0,,,,,34.0,5.0,,,2.0,,,1.0,27.0,9.0,1.0,,4.0,1.0,,2146.0,9.0,8.0,,,,,,1.0,26.0,,7.0,,7.0,,,,,,,2.0,1.0,,222.0,8.0,,,,,,18.0,,,,,,,,,,,,,,,609,61
_1_km_monthly_VI_Quality_2022060_aid0001,aid0001,2022-03-01 00:00:00+00:00,30770,11248,19727,10731,,,,2550514,,10799,,,,,864672,,57054,,,,,17616,23.0,16948,7.0,,,,3788,759,3355,1071,,,,12915,,736,,,,,12957,2.0,2343,1.0,,,,3088,27,2025,17,,,,488,1033,,1.0,,,13.0,2.0,,94,114,,116,469,,,3.0,,5.0,,,58,81,,259,915,212,484,,,,294738,2.0,43507,31.0,,,,,,,,,,4607,10,2228,27,,,,60,84,,18,273,,,,,15,81,,490,475,271,287,,,,22711,21.0,5451,9.0,,,,8.0,,,,139,,126,,,,,795,2.0,412,2.0,,,,,,,,,,10.0,,7.0,,,,,8,9,,10,110,,,,2.0,,,1.0,5.0,,,,,84234,1502,56081,2001,,,,,,,,287.0,,170.0,,,,3919,6.0,3036,15.0,,,,,,,,62.0,,73.0,,,,1.0,892,689,,,5.0,4.0,,,67,128,,,,,,,676.0,60.0,1261.0,59.0,,,,,,,39.0,,91.0,,,,,5.0,17.0,,,,,2.0,,138.0,93.0,16.0,54.0,,,,,,,,123.0,8.0,14.0,,,,,,,,49.0,4.0,,,13.0,1.0,,,,,59,28.0,61,26.0,,,,252,,288,,,,,859,,743,,,,,184,,208,,,,,2.0,2.0,378,99,256,67.0,,,,4,,183,,127,,,,,30,,1341,,839,,,,,3.0,,808,12,497,3.0,,,,5.0,,,,,,,,,1.0,,,,3.0,51,30.0,,,,1.0,,,,,,,,,,27,15.0,,,,3.0,,,,170,,348,1.0,,,,,,,,,363,2.0,246,3.0,,,,,,,,,,,2.0,9.0,,,,,4.0,22,,,,,13,,9.0,,,,,91,,206,,,,,,,,,,13.0,,29.0,,,,,193,2.0,128,,,,,,,,,,,,8.0,,6.0,,,,,,,,7.0,,,,,,,,,4.0,7.0,,,,,,4906,399,,154,,,,,,,12.0,,2.0,,,6.0,,27.0,,588,,261,,,,,,,,,,,42.0,,44.0,,,,,14.0,,,,,,,,17.0,3.0,,,,,,573.0,,2.0,,,,,,,10.0,,3.0,,,,,,,,,,,,131.0,,,,,,,,,,,,,,,,,,,,,,297,60
_1_km_monthly_VI_Quality_2022091_aid0001,aid0001,2022-04-01 00:00:00+00:00,38723,8645,27852,9578,,,,1763365,,31927,,,,,1382775,,133048,,,,,79573,1.0,40928,18.0,,,,7966,161,8130,499,,,,23415,,4749,,,,,44314,,18026,,,,,26651,69,16030,107,,,,329,1165,,13.0,1.0,,21.0,12.0,,71,335,,143,379,,,,,4.0,8.0,,174,282,,366,1372,409,636,,,,272182,7.0,83095,24.0,,,,,,,,,,11424,11,4236,18,,,,126,187,,33,387,,,,,29,124,,613,659,208,191,,,,18143,17.0,6625,8.0,,,,3.0,,,,74,,117,,,,,2247,14.0,1105,1.0,,,,,,,7.0,,,26.0,,10.0,,,,,29,5,,15,62,,,,,,,20.0,12.0,,,,,53166,364,32695,634,,,,,,,,51.0,,21.0,,,,2208,,1815,11.0,,,,,,,,2.0,,3.0,,,,,196,260,,,,1.0,,,33,85,,,,,,,407.0,6.0,1111.0,17.0,,,,,,,18.0,,57.0,,,,,5.0,24.0,,,,,10.0,,127.0,20.0,26.0,10.0,,,,,,,,78.0,7.0,7.0,,,,,,,,86.0,14.0,,,14.0,,,,,,50,,52,1.0,,,,231,,73,,,,,712,,135,,,,,321,,278,1.0,,,,9.0,,288,24,356,33.0,,,,27,,424,,133,,,,,51,,2805,,936,1.0,,,,30.0,,2406,46,1168,17.0,,,,3.0,5.0,,,,,,,,2.0,9.0,,,,32,31.0,,,,,,,,,10.0,2.0,,,,114,54.0,,2.0,,,,,,266,3.0,414,3.0,,,,,,,,,550,1.0,397,4.0,,,,,,,,3.0,,,3.0,19.0,,,,,17.0,54,,,,,19,,8.0,,,,,143,,300,,,,,,,,,,7.0,,60.0,,,,,396,4.0,284,,,,,,,,1.0,,,,15.0,,20.0,,,,,,,6.0,14.0,,,,1.0,,,,,20.0,7.0,,,,,,4860,93,,25,,,,,,,5.0,,,,,3.0,,13.0,,132,,49,,,,,,,,,,,2.0,,1.0,,,,,1.0,1.0,,,,,,,2.0,2.0,,,,,,212.0,,,,,,,,,,,,,,,,,,,,,,,34.0,,,1.0,,,,3.0,,,,,,,,1.0,,,,,,,43,60
_1_km_monthly_VI_Quality_2022121_aid0001,aid0001,2022-05-01 00:00:00+00:00,27976,17376,21408,13610,,,,1834556,,28173,47.0,,,,1228659,15.0,119404,12.0,,,,86058,19.0,60137,189.0,,,,14569,274,10283,383,,,,41250,1.0,2978,5.0,,,,118852,20.0,18087,19.0,,,,65019,260,23960,592,,,,759,1140,,35.0,26.0,,1170.0,230.0,,506,2038,,130,305,,10.0,1.0,,187.0,90.0,,863,2239,,409,4121,357,1828,,,,227581,11.0,68811,101.0,,,,,,,,,,19276,27,7139,33,,,,344,274,,128,540,,,,,65,238,,599,786,302,245,,,,14872,14.0,6851,11.0,,,,18.0,,,,30,,82,,,,,3561,13.0,1494,3.0,,,,,,,10.0,5.0,,14.0,,19.0,,,,,65,26,,35,59,,,,,,,29.0,37.0,,,,,26365,368,12265,183,,,,,,,,3.0,,,,,,2149,,1110,1.0,,,,,,,,2.0,,1.0,,,,,134,96,,,,,,,45,40,,,,,,,80.0,,95.0,2.0,,,,,,,7.0,,6.0,,,,,,7.0,,,,,1.0,,37.0,10.0,3.0,3.0,,,,,,,,25.0,3.0,,,,,,,,,70.0,4.0,,,,,,,,,99,,57,2.0,,,,672,,151,,,,,1681,1.0,529,1.0,,,,599,2.0,1161,14.0,,,,13.0,,434,84,417,103.0,,,,85,,1557,,171,,,,,186,,8201,1.0,2136,7.0,,,,42.0,,5211,255,3960,329.0,,,,1.0,5.0,,1.0,,,9.0,1.0,,26.0,76.0,,,,31,98.0,,,,,,,,,44.0,30.0,,,5.0,583,717.0,,1.0,,1.0,,,,327,2.0,700,5.0,,,,,,,,,1081,5.0,841,21.0,,,,,,2.0,,,,,3.0,44.0,,,,,42.0,121,,,,,15,,14.0,,,,,101,1.0,439,4.0,,,,,,,,,2.0,,44.0,,,,,543,12.0,461,3.0,,,,,,,4.0,,,,8.0,,25.0,,,,,4.0,,4.0,5.0,,,,,,,,,16.0,10.0,,,2.0,,,4915,53,,10,,,,,,,3.0,,,,,3.0,,9.0,,60,,13,,,,,,,,,,,1.0,,,,,,,,,,,,,,,,1.0,,,,,,32.0,,,,,,,,,1.0,,,,,,,,,,,,,,20.0,,,1.0,,,,3.0,,,,,,,,,,,,,,,18,67
_1_km_monthly_VI_Quality_2022152_aid0001,aid0001,2022-06-01 00:00:00+00:00,17085,42819,13679,18602,,,,1483087,1387.0,134833,5373.0,,,,899380,1819.0,135393,2821.0,,,,103034,2294.0,49330,4486.0,,,,13802,94,9229,121,,,,95476,250.0,10344,828.0,,,,194294,2610.0,36678,4094.0,,,,71433,11214,28177,14534,,,,5051,3040,,5915.0,29416.0,,13520.0,17358.0,,12074,16470,,140,112,,3737.0,3154.0,,19735.0,11119.0,,28179,16088,,311,13214,167,6761,,,,167414,490.0,73091,1439.0,,,,,,,,,,25352,174,10030,297,,,,1323,1038,,1172,6540,,,,,639,940,,958,2605,195,1137,,,,10738,23.0,4831,31.0,,,,20.0,5.0,,,12,,44,,,,,3716,52.0,1390,33.0,,,,11.0,,,34.0,5.0,,20.0,,16.0,3.0,,,,313,236,,134,337,,,,,1.0,,112.0,152.0,,1.0,,,13090,453,7960,274,,,,,,,,12.0,,1.0,,,,1728,1.0,1101,6.0,,,,,,,,7.0,,,,,,,85,94,,,,,,,9,34,,,,,,,8.0,,8.0,,,,,,,,,,3.0,,,,,,,,,,,,,,,,1.0,,,,,,,,1.0,,,,,,,,,,,,,,,,,,,,58,4.0,49,2.0,,,,4002,9.0,648,147.0,,,,5751,184.0,2310,240.0,,,,2533,481.0,2031,690.0,,,,6.0,,410,23,420,69.0,,,,514,,11451,43.0,801,151.0,,,,819,17.0,42734,1436.0,8058,1815.0,,,,220.0,50.0,25826,12898,11359,18273.0,,,,,3.0,,127.0,559.0,,869.0,658.0,,1005.0,1369.0,,,,22,37.0,,1.0,24.0,777.0,317.0,,3.0,149.0,9066.0,3588.0,,9.0,166.0,24363,12831.0,,2.0,,12.0,1.0,,,1039,30.0,1376,129.0,,,,,,,,1.0,4170,73.0,2238,148.0,,,,6.0,,3.0,2.0,,,,90.0,340.0,,,,,295.0,362,,,,,30,1.0,21.0,2.0,,,,212,,314,19.0,,,,,,,,,10.0,,20.0,7.0,,,,1260,25.0,796,22.0,,,,,,,7.0,,,,28.0,,68.0,4.0,,,,4.0,,8.0,20.0,,,,,,,,,118.0,82.0,,,,2.0,,5038,46,,13,,,,,,,,,,,,2.0,,11.0,,51,2.0,25,,,,,,,,,,,,,,,,,,1.0,,,,,,,,,1.0,,,,,,8.0,,,,,,,,,,,1.0,,,,,,,,,,,,19.0,,,,,,,,,,,,,,,,,,,,,,112,64
_1_km_monthly_VI_Quality_2022182_aid0001,aid0001,2022-07-01 00:00:00+00:00,6726,209100,8212,85623,,,,697841,1232.0,255902,6790.0,,,,189297,2903.0,125835,20605.0,,,,20899,5199.0,18497,16494.0,,,,13339,272,11319,524,,,,227410,1852.0,38813,2869.0,,,,339922,11013.0,83676,22707.0,,,,105804,40352,39779,46828,,,,48110,12384,,35400.0,47888.0,,48411.0,55603.0,,16590,20237,,341,439,,20306.0,11414.0,,102462.0,38929.0,,111921,46206,,328,58750,389,41626,,,,58323,395.0,50279,1832.0,,,,,,,,,,33696,429,18480,905,,,,7766,3114,,2062,3249,,,,,1709,1122,,532,7859,524,3618,,,,3725,16.0,3420,55.0,,,,31.0,,,,22,,29,,,,,3288,106.0,1256,36.0,,,,13.0,,,29.0,1.0,,33.0,,53.0,6.0,,,,1226,480,,117,242,,,,,,,199.0,166.0,,1.0,1.0,,2678,930,2074,625,,,,,,,,38.0,,20.0,,,,1719,,1086,2.0,,,,,,,,36.0,,9.0,,,,,26,42,,,1.0,,,,42,23,,,,,,,,2.0,,1.0,,,,,,,2.0,,,,,,,,,,,,,,,,,,,,,,,,,,,,,,,,,,,,,,,,,,,,,,83,3.0,121,88.0,,,,6887,76.0,1961,95.0,,,,8037,432.0,3379,439.0,,,,1990,1023.0,2027,1768.0,,,,22.0,,799,374,977,835.0,,,,917,7.0,27641,402.0,3127,476.0,,,,1287,45.0,103352,4532.0,15134,6136.0,,,,220.0,111.0,67478,42319,24928,47366.0,,,,12.0,45.0,,1056.0,736.0,,3324.0,1782.0,,2508.0,2031.0,,,5.0,161,540.0,,1.0,117.0,4235.0,1429.0,,21.0,621.0,37261.0,10797.0,,22.0,365.0,86567,34402.0,,17.0,,57.0,20.0,,,1316,37.0,1838,140.0,,,,,,,5.0,,7946,267.0,4793,489.0,,,,12.0,,2.0,1.0,,7.0,,165.0,225.0,,,,2.0,727.0,578,,,2.0,1.0,26,,91.0,2.0,,,,156,,173,17.0,,,,,,,,,17.0,,11.0,6.0,,1.0,,1409,56.0,658,38.0,,,,,,,6.0,,,,58.0,2.0,54.0,4.0,,,3.0,3.0,,9.0,33.0,,,,,,,,,165.0,135.0,,,8.0,12.0,,5006,40,,18,,,,,,,10.0,,1.0,,,4.0,,5.0,,92,,44,,,,,,,,,,,15.0,,,,,,,,1.0,,1.0,,,,,9.0,6.0,,,,3.0,,16.0,,,,,,,,,,,,,,,,,,,,,,,29.0,,,,,,,,,,,,,,,,,,,,,,146,61
_1_km_monthly_VI_Quality_2022213_aid0001,aid0001,2022-08-01 00:00:00+00:00,4196,45453,7092,21063,,,,1023493,195.0,241009,1210.0,,,,425768,739.0,222084,4077.0,,,,47829,1496.0,60005,9901.0,,,,10124,75,8427,156,,,,227501,179.0,37111,540.0,,,,486414,1665.0,118566,3176.0,,,,192381,7293,83791,15259,,,,7313,4895,,8656.0,13158.0,,21687.0,26640.0,,16236,28565,,148,184,,3334.0,2791.0,,20187.0,10994.0,,30604,24795,,249,23905,531,16844,,,,94324,158.0,99343,399.0,,,,,,,,,,35105,118,25205,240,,,,1730,1064,,886,1772,,,,,562,656,,839,5078,374,2282,,,,5937,32.0,4391,45.0,,,,32.0,7.0,,,37,,51,,,,,3298,57.0,1480,13.0,,,,20.0,,,29.0,,,22.0,,62.0,2.0,,,,673,286,,140,246,,,,,,,107.0,103.0,,,4.0,,2659,713,2209,381,,,,,2.0,,,118.0,2.0,21.0,,,,1436,1.0,772,1.0,,,,,2.0,1.0,,109.0,,19.0,,,,,60,32,,,2.0,,,,46,22,,,,1.0,,,,,,,,,,,,,1.0,,2.0,,,,,,,,,,,,,,2.0,,,,,,,,,,,,,,,,,,,,,,,,,,,,,,80,1.0,111,7.0,,,,6330,8.0,1401,7.0,,,,9882,100.0,2472,60.0,,,,3251,218.0,2576,552.0,,,,13.0,1.0,491,54,481,79.0,,,,637,,17095,52.0,3311,56.0,,,,1601,10.0,83625,688.0,11561,784.0,,,,280.0,13.0,56442,7093,23248,11298.0,,,,6.0,47.0,,200.0,113.0,,923.0,407.0,,1127.0,1355.0,,,7.0,56,74.0,,,31.0,715.0,286.0,,4.0,163.0,7144.0,2403.0,,8.0,135.0,20036,13005.0,,8.0,,36.0,6.0,,,2287,9.0,1978,61.0,,,,,,,2.0,,7280,109.0,5101,215.0,,,,25.0,,4.0,,2.0,3.0,,73.0,128.0,,,,,339.0,366,,,,,74,,11.0,,,,,291,1.0,255,14.0,,,,,,,,,3.0,,11.0,,,7.0,,1592,51.0,917,19.0,,,,,,,3.0,,,,34.0,1.0,69.0,,,,,,,23.0,28.0,,,,,,,,,145.0,106.0,,,5.0,6.0,,4931,59,,12,,,,,,,14.0,,,,,4.0,,19.0,,115,,18,,,,,,,,,,1.0,62.0,,9.0,,,,,3.0,1.0,,2.0,,,,,19.0,5.0,,,2.0,1.0,,63.0,,,,,,,,,,,,,,,,,,,,,,,37.0,,,,,,,,,,,,,,,,,,,,,,250,61
_1_km_monthly_VI_Quality_2022244_aid0001,aid0001,2022-09-01 00:00:00+00:00,7349,29257,8445,16056,,,,1505488,145.0,149791,221.0,,,,630980,317.0,135218,587.0,,,,102909,306.0,98639,1323.0,,,,7091,107,7724,186,,,,181012,65.0,31376,109.0,,,,403681,663.0,93018,548.0,,,,146967,1560,59541,3109,,,,3182,1600,,3036.0,2777.0,,5231.0,5586.0,,3779,6786,,84,122,,1166.0,512.0,,4682.0,2957.0,,6482,6684,,233,9500,447,7560,,,,147524,117.0,70992,223.0,,,,,,,,,,32784,101,21510,133,,,,727,561,,539,575,,,,,239,331,,1441,2591,386,1110,,,,10731,17.0,4210,3.0,,,,39.0,3.0,,,73,,69,,,,,3001,34.0,1555,19.0,,,,29.0,5.0,,23.0,8.0,,24.0,,46.0,,,,,372,141,,91,98,,,,2.0,1.0,,41.0,62.0,,1.0,1.0,,5579,861,5848,373,,,,,3.0,,,41.0,,36.0,,,,1861,1.0,1616,14.0,,,,,,,,58.0,,23.0,,,,,52,124,,,,,,,22,34,,,,2.0,,,,2.0,4.0,,,,,,,,,,1.0,,,,,,,,,,,,,,3.0,,,,,,,,,,,,,,,,,,,,,,,,,,,,,,91,1.0,117,,,,,7894,7.0,1164,,,,,6195,20.0,1594,6.0,,,,1987,69.0,1317,115.0,,,,9.0,,390,35,395,22.0,,,,862,1.0,17681,25.0,1974,11.0,,,,853,4.0,44082,274.0,9025,115.0,,,,129.0,11.0,22455,1577,10676,2251.0,,,,2.0,6.0,,76.0,30.0,,304.0,166.0,,415.0,433.0,,,1.0,33,27.0,,,9.0,245.0,62.0,,1.0,24.0,1829.0,615.0,,,60.0,5458,3820.0,,4.0,,18.0,,,,2189,5.0,1332,16.0,,,,,,,1.0,,5205,82.0,2957,120.0,,,,34.0,,7.0,,,1.0,,108.0,66.0,,,,,206.0,197,,,,,89,2.0,16.0,,,,,473,2.0,199,4.0,,,,,,,,,8.0,,11.0,,,2.0,,1549,21.0,707,13.0,,,,,,,2.0,,,,35.0,,69.0,,,,1.0,,,22.0,10.0,,,,,1.0,,,1.0,86.0,58.0,,,4.0,3.0,,4986,80,,21,,,,,,,7.0,,1.0,,,6.0,,21.0,,113,3.0,18,,,,,,,,,,,68.0,,22.0,,,,,1.0,,,,,,1.0,,3.0,,,,,,,2878.0,,,,,,,,,,,,,,,,,,,,,,,277.0,,,,,,,,,,,,,,,,,,,,,,525,55
_1_km_monthly_VI_Quality_2022274_aid0001,aid0001,2022-10-01 00:00:00+00:00,15324,16231,16020,7804,,,,1919516,94.0,194719,6.0,,,,895049,104.0,122107,1.0,,,,109979,5.0,42243,110.0,,,,11692,402,10986,454,,,,105567,52.0,32052,5.0,,,,149536,163.0,39571,17.0,,,,46037,210,19773,307,,,,2243,1698,,120.0,211.0,,225.0,193.0,,354,3422,,252,223,,43.0,16.0,,210.0,60.0,,517,1409,,176,6172,510,2372,,,,219404,17.0,53116,13.0,,,,,,,,,,17119,70,11049,30,,,,683,331,,225,458,,,,,82,102,,1616,1315,330,595,,,,18450,,4519,1.0,,,,31.0,6.0,,,87,,70,,,,,1614,,872,1.0,,,,14.0,6.0,,3.0,7.0,,23.0,,21.0,,,,,352,92,,42,69,,,,,,,14.0,13.0,,,,,13665,2265,11115,793,,,,,,,,53.0,,6.0,,,,4097,6.0,2359,30.0,,,,,,,,108.0,2.0,19.0,,,,3.0,740,691,,,3.0,,,1.0,229,139,,,,6.0,,,58.0,,39.0,3.0,,,,,,,27.0,,7.0,,,,,2.0,,,,,3.0,,,,1.0,,,,,,,,,,14.0,,,,,,,,,,3.0,1.0,,,1.0,,,,,,218,14.0,100,4.0,,,,2323,1.0,502,,,,,1515,3.0,265,,,,,475,4.0,352,9.0,,,,16.0,1.0,746,39,303,13.0,,,,193,,3554,5.0,353,,,,,176,,6008,41.0,624,5.0,,,,30.0,,3465,251,996,138.0,,,,16.0,1.0,,9.0,1.0,,12.0,4.0,,11.0,108.0,,,1.0,40,11.0,,,,34.0,3.0,,,4.0,104.0,17.0,,,2.0,415,488.0,,11.0,,2.0,,,,767,5.0,259,2.0,,,,,,,,,1462,25.0,510,25.0,,,,3.0,,,,1.0,,,9.0,17.0,,,,,48.0,44,,,,,49,1.0,3.0,,,,,214,,115,,,,,,,,,,5.0,,6.0,,,3.0,,442,3.0,158,2.0,,,,,,,1.0,,,,20.0,,21.0,,,,,,,2.0,4.0,,,,,,,,,17.0,10.0,,,1.0,1.0,,6575,284,,123,,,,,,,1.0,,,,,9.0,,16.0,,524,3.0,111,,,,,,,,,1.0,,147.0,,16.0,,,,,35.0,6.0,,,,,,2.0,31.0,4.0,,,1.0,,,3639.0,1.0,5.0,,,,,,,4.0,,,,,,,,,,,,,,451.0,,,,,,,,,,,,,,,,,,,,,,1140,68
_1_km_monthly_VI_Quality_2022305_aid0001,aid0001,2022-11-01 00:00:00+00:00,7506,11386,12685,12198,844.0,1990.0,,2013054,1.0,33845,,141.0,,,1248176,18.0,97227,2.0,157.0,,,46233,49.0,32184,53.0,123.0,28.0,,4316,1159,5102,1707,278.0,207.0,,28141,1.0,2623,5.0,209.0,,,28781,25.0,8198,7.0,303.0,2.0,,20157,41,15748,79,17.0,4.0,,1473,2572,373.0,35.0,13.0,,83.0,30.0,21.0,194,210,19.0,257,426,33.0,15.0,8.0,7.0,106.0,43.0,20.0,265,129,2.0,148,2287,50,1494,8.0,36.0,,276294,,48302,4.0,7.0,,,3.0,,,,,,8917,11,3353,7,3.0,4.0,,236,206,2.0,250,597,,,,,70,110,3.0,526,1393,58,376,,4.0,,19938,,4250,,9.0,,,46.0,3.0,,,182,,177,,,,,1629,17.0,404,4.0,5.0,,,12.0,,,38.0,2.0,,27.0,,32.0,,,,,159,58,,52,198,,,,2.0,24.0,,7.0,19.0,2.0,1.0,2.0,,43886,4909,58503,3161,4981.0,232.0,,,,,,222.0,,160.0,,28.0,,7899,1.0,8363,10.0,1104.0,4.0,,,,,,133.0,,61.0,,6.0,,5.0,1325,1445,229.0,,3.0,4.0,,,162,260,30.0,,,1.0,,2.0,263.0,57.0,510.0,42.0,59.0,,,,,,68.0,,85.0,,4.0,,,12.0,11.0,3.0,,,6.0,,,2.0,16.0,,3.0,1.0,,,,,,,15.0,,2.0,,,1.0,,,,,3.0,2.0,,,,,,,,,331,171.0,319,106.0,18.0,17.0,,945,,46,,2.0,,,442,5.0,187,,,,,344,1.0,347,1.0,7.0,,,4.0,10.0,766,229,443,279.0,19.0,33.0,,42,,2151,,108,,8.0,,,24,,2466,10.0,385,,13.0,,,9.0,,1483,25,675,17.0,1.0,2.0,,26.0,34.0,2.0,1.0,,,3.0,1.0,,4.0,10.0,,,4.0,40,39.0,,,,4.0,,,,,63.0,5.0,1.0,,,97,49.0,2.0,6.0,1.0,2.0,,,,669,,323,,,,,,,,1.0,,1288,5.0,400,7.0,,,,1.0,,,,,,,6.0,33.0,,,,,41.0,22,,,,,68,1.0,,,,,,162,,100,,,,,,,,,,13.0,,16.0,,,3.0,,575,10.0,102,1.0,4.0,,,,,,,,,,63.0,,48.0,,,,,,,1.0,11.0,,,,,3.0,,,,6.0,10.0,,,15.0,6.0,,5845,1650,2.0,1139,,151.0,,,,,4.0,,7.0,,2.0,6.0,,71.0,1.0,2244,1.0,1496,,162.0,1.0,,,,,,,,175.0,2.0,68.0,,4.0,,,44.0,40.0,7.0,,,,,5.0,32.0,23.0,1.0,,1.0,1.0,,3554.0,8.0,24.0,,,,,,,16.0,,15.0,,,,,,,,,,,,441.0,,,,,,,,,,,,,,,,,,,,,,1456,61
_1_km_monthly_VI_Quality_2022335_aid0001,aid0001,2022-12-01 00:00:00+00:00,3935,6612,9548,19713,3380.0,11031.0,,2499970,6.0,65186,24.0,6770.0,9.0,,661212,71.0,57501,51.0,1422.0,53.0,,100577,5556.0,75878,915.0,1456.0,193.0,,2559,645,4083,2161,1006.0,1534.0,,20314,9.0,9397,29.0,2101.0,32.0,,21056,10.0,11507,43.0,1559.0,38.0,,9662,1894,13728,503,313.0,340.0,,775,2455,1551.0,418.0,58.0,23.0,808.0,170.0,59.0,4456,4208,185.0,171,573,204.0,36.0,75.0,22.0,77.0,212.0,92.0,1031,878,85.0,164,1889,88,1318,18.0,90.0,,261075,120.0,59126,1166.0,146.0,,,64.0,,,,,,9412,76,4845,122,28.0,12.0,,212,239,6.0,1282,2807,1.0,,,,248,285,8.0,343,1567,76,615,2.0,11.0,,18176,22.0,3924,127.0,88.0,1.0,,25.0,47.0,,4.0,262,,244,6.0,3.0,,,2009,33.0,481,47.0,9.0,,,8.0,18.0,,10.0,8.0,,19.0,,34.0,1.0,,,,198,87,4.0,187,275,,,,14.0,10.0,,84.0,37.0,1.0,2.0,4.0,,17643,2457,44744,3828,22233.0,1423.0,,,,,,242.0,,371.0,,115.0,,3030,3.0,6345,6.0,3496.0,16.0,,,,,,157.0,,228.0,3.0,51.0,,,559,1926,1272.0,,3.0,12.0,2.0,,66,198,128.0,,,4.0,2.0,4.0,86.0,36.0,492.0,54.0,247.0,10.0,,,,,33.0,,32.0,,8.0,1.0,,,16.0,9.0,,,,3.0,,1.0,6.0,11.0,2.0,,,,,,,,5.0,,3.0,,,2.0,,2.0,,,1.0,1.0,,,1.0,,,,,,235,49.0,525,232.0,134.0,165.0,,1875,1.0,438,2.0,17.0,,,570,5.0,518,5.0,27.0,5.0,,661,261.0,1746,92.0,149.0,2.0,,5.0,1.0,566,118,794,304.0,139.0,152.0,,65,,3201,4.0,1227,4.0,105.0,,,17,,2463,18.0,1574,28.0,127.0,2.0,,13.0,31.0,1543,681,1906,234.0,103.0,132.0,,21.0,60.0,15.0,4.0,4.0,,12.0,24.0,4.0,318.0,91.0,14.0,,,48,92.0,30.0,,,26.0,20.0,,,,86.0,80.0,9.0,1.0,9.0,666,301.0,59.0,2.0,,2.0,1.0,,3.0,732,25.0,478,111.0,,,,5.0,,,,,1396,30.0,450,42.0,3.0,1.0,,1.0,,,,,,,64.0,138.0,,,,,85.0,120,,,,,42,1.0,12.0,,,,,130,7.0,96,15.0,,,,,,4.0,,,40.0,,30.0,,,2.0,1.0,720,23.0,127,10.0,5.0,,,,,,3.0,,,,67.0,,48.0,3.0,,,5.0,2.0,,21.0,21.0,,,,,,,,,48.0,23.0,,,1.0,6.0,,4989,568,,1515,1.0,709.0,,,,,14.0,,31.0,,4.0,3.0,,16.0,1.0,1048,,2086,1.0,596.0,,,,,,,,,206.0,,280.0,,55.0,,,13.0,34.0,22.0,,,1.0,,,15.0,34.0,15.0,,3.0,6.0,,3377.0,,6.0,,7.0,2.0,,,,1.0,,14.0,,8.0,,,,,,,,1.0,,511.0,,,,,,,,,1.0,,,,,,,,,,,,,877,56
_1_km_monthly_VI_Quality_2023001_aid0001,aid0001,2023-01-01 00:00:00+00:00,12411,13468,8979,32242,1275.0,13362.0,,2486296,31.0,77800,55.0,9293.0,36.0,,582278,29.0,82325,48.0,5210.0,144.0,,138473,1170.0,55917,1265.0,1777.0,129.0,,1807,1735,3984,4063,438.0,1688.0,,9494,19.0,6735,80.0,566.0,96.0,,7951,25.0,5083,59.0,806.0,94.0,,10600,802,7763,330,196.0,44.0,,1047,2920,951.0,994.0,155.0,55.0,1060.0,360.0,181.0,6414,1854,96.0,432,655,110.0,88.0,187.0,70.0,102.0,208.0,61.0,1472,610,49.0,484,2071,102,1006,8.0,82.0,,259688,366.0,67135,1150.0,510.0,4.0,,74.0,,,,,,8487,88,2690,219,48.0,23.0,,239,163,7.0,1023,1336,12.0,2.0,,,328,265,8.0,366,1648,81,600,,52.0,,17374,64.0,4001,146.0,89.0,,,2.0,2.0,1.0,,186,,223,2.0,2.0,,,1925,49.0,440,75.0,21.0,6.0,,,,,,,,17.0,,30.0,3.0,,,,249,158,3.0,213,217,1.0,,,30.0,11.0,,143.0,62.0,2.0,6.0,3.0,,30971,3162,67919,4520,27181.0,810.0,,,1.0,,,179.0,,485.0,,92.0,,5410,2.0,6595,14.0,2629.0,33.0,,,,,,171.0,,277.0,,67.0,,1.0,653,1811,1152.0,,2.0,6.0,,,94,113,75.0,,,1.0,2.0,,374.0,43.0,785.0,75.0,218.0,11.0,,,,,101.0,,104.0,,26.0,2.0,,6.0,19.0,15.0,,,3.0,1.0,2.0,15.0,2.0,2.0,3.0,3.0,5.0,,,,,,42.0,,13.0,,8.0,,,1.0,,,3.0,3.0,,,,1.0,,,,,225,264.0,381,689.0,67.0,269.0,,1831,7.0,506,,15.0,,,963,1.0,329,4.0,15.0,,,889,60.0,727,48.0,35.0,1.0,,3.0,22.0,637,349,662,631.0,46.0,124.0,,52,,1990,2.0,817,14.0,48.0,9.0,,40,,2705,6.0,1045,12.0,41.0,6.0,,41.0,7.0,1497,221,1113,56.0,28.0,5.0,,54.0,109.0,23.0,12.0,6.0,,24.0,9.0,,190.0,72.0,2.0,1.0,5.0,108,74.0,11.0,,,54.0,28.0,3.0,,,108.0,49.0,3.0,2.0,29.0,409,145.0,4.0,9.0,,6.0,6.0,,1.0,807,21.0,377,97.0,,,,,,,,,1553,89.0,287,75.0,3.0,9.0,,1.0,,,,,,,67.0,60.0,,,,,171.0,108,1.0,,,,12,,11.0,7.0,,,,177,2.0,83,31.0,2.0,,,,,,,,21.0,,14.0,,,,,871,15.0,133,21.0,3.0,,,,,,,,,,31.0,,21.0,8.0,,,7.0,,,14.0,27.0,,,,12.0,8.0,,,1.0,82.0,23.0,,,12.0,8.0,,5715,1320,,2010,5.0,465.0,4.0,,,,12.0,,14.0,,2.0,8.0,,63.0,,2082,2.0,2150,2.0,426.0,,,,,,,,,108.0,,189.0,,22.0,,,16.0,38.0,17.0,,,,,2.0,18.0,26.0,5.0,,1.0,2.0,,3575.0,2.0,10.0,,3.0,,,,,27.0,,26.0,,15.0,,,,,,,,,,416.0,,,,,,,1.0,,,,,,,,,,,,,,,1005,70
_1_km_monthly_VI_Quality_2023032_aid0001,aid0001,2023-02-01 00:00:00+00:00,9993,26068,10419,28246,106.0,7099.0,,2911326,37.0,28998,31.0,371.0,15.0,,464321,6.0,31971,21.0,141.0,17.0,,38578,176.0,17786,219.0,113.0,25.0,,2388,2433,2481,2687,69.0,746.0,,13294,21.0,2197,55.0,199.0,52.0,,13172,21.0,2703,25.0,105.0,32.0,,5698,138,3680,102,45.0,27.0,,2550,3231,208.0,116.0,96.0,55.0,121.0,148.0,17.0,917,454,15.0,366,322,39.0,59.0,104.0,20.0,143.0,92.0,26.0,352,193,7.0,131,1053,160,633,,24.0,,272141,19.0,38948,327.0,27.0,4.0,,6.0,,,,,,5527,16,1700,66,37.0,12.0,,86,93,3.0,178,873,4.0,,,,75,130,6.0,424,837,152,453,,11.0,,21418,9.0,4080,79.0,16.0,,,25.0,13.0,,,221,,188,1.0,,,,1366,13.0,466,24.0,20.0,2.0,,,,,,,,14.0,,15.0,2.0,,,,98,62,1.0,92,269,,,,18.0,7.0,,33.0,50.0,,1.0,1.0,,72032,2674,61399,1856,9328.0,199.0,,,45.0,7.0,,910.0,,455.0,,44.0,,6336,2.0,4349,14.0,647.0,10.0,,,7.0,,,269.0,,132.0,,34.0,,2.0,2087,1535,396.0,,3.0,15.0,,,138,88,29.0,,,2.0,4.0,,517.0,55.0,662.0,38.0,79.0,,,,,,120.0,,110.0,,16.0,,,13.0,9.0,7.0,,,6.0,,1.0,76.0,87.0,,27.0,3.0,2.0,,,,,,167.0,3.0,9.0,1.0,1.0,,,,,,4.0,7.0,,,3.0,1.0,,,,,202,350.0,127,279.0,,77.0,,994,,143,,,,,984,,215,3.0,5.0,,,377,10.0,342,3.0,,,,2.0,36.0,583,541,246,350.0,,55.0,,38,,1306,2.0,187,2.0,7.0,,,29,,2574,2.0,368,,5.0,1.0,,6.0,,1302,51,653,20.0,7.0,5.0,,29.0,49.0,2.0,3.0,,,11.0,4.0,,20.0,17.0,,1.0,2.0,82,41.0,4.0,,,19.0,14.0,1.0,,,60.0,11.0,,,2.0,90,48.0,,2.0,,3.0,1.0,,,247,,240,34.0,,,,,,,1.0,,636,10.0,201,21.0,,2.0,,,,,,,,,7.0,32.0,,,,,27.0,37,,,,,22,,9.0,2.0,,,,55,,59,11.0,,,,,,,,,18.0,,23.0,,,,,407,1.0,93,4.0,,,,,,,,,,,22.0,,14.0,6.0,,,,2.0,,2.0,20.0,,,,2.0,4.0,,,,17.0,13.0,,,3.0,,,4974,1444,1.0,752,1.0,117.0,1.0,,,,22.0,,17.0,,,2.0,,55.0,,2036,,767,,91.0,1.0,,1.0,,5.0,,,,155.0,,57.0,,1.0,,,31.0,13.0,6.0,1.0,,,1.0,,34.0,11.0,1.0,,3.0,1.0,,2601.0,12.0,6.0,,,,,,1.0,22.0,,26.0,,10.0,,,,,,,,4.0,,282.0,,,,,,,2.0,,,,,,,,,,,,,,,529,56
_1_km_monthly_VI_Quality_2023060_aid0001,aid0001,2023-03-01 00:00:00+00:00,22029,19669,17546,18696,,,,2106098,,64703,,,,,977050,1.0,102528,,,,,173435,37.0,16656,41.0,,,,4986,2306,4188,2140,,,,15596,2.0,1764,1.0,,,,30913,5.0,3773,3.0,,,,13769,109,5294,74,,,,2416,2758,,2.0,1.0,,84.0,12.0,,196,203,,463,669,,6.0,1.0,,23.0,3.0,,215,98,,152,971,154,628,,,,290627,,62428,35.0,,,,,,,,,,8106,10,2324,63,,,,74,133,,40,414,,,,,12,75,,685,507,109,287,,,,21675,,4586,25.0,,,,2.0,,,,168,,158,,,,,1856,5.0,459,12.0,,,,,,,,,,12.0,,9.0,,,,,30,41,,23,191,,,,,1.0,,9.0,19.0,,,,,67725,2313,64620,1151,,,,,7.0,2.0,,461.0,,230.0,,,,6389,3.0,3456,10.0,,,,,1.0,,,95.0,,13.0,,,,5.0,1689,1092,,,5.0,10.0,,,196,214,,,,1.0,,,463.0,53.0,959.0,35.0,,,,,,,34.0,,115.0,,,,,14.0,57.0,,,,1.0,5.0,,23.0,101.0,,32.0,,,,,,,,120.0,11.0,18.0,3.0,,,,,,,27.0,6.0,,,12.0,5.0,,,,,214,155.0,70,73.0,,,,558,,18,,,,,2111,,218,,,,,351,,322,,,,,7.0,19.0,460,421,188,201.0,,,,11,,484,,27,,,,,139,,4601,,297,,,,,13.0,,1974,37,1078,19.0,,,,18.0,11.0,,,,,3.0,,,11.0,17.0,,3.0,4.0,103,56.0,,,,2.0,,,,,31.0,1.0,,,,138,32.0,,5.0,2.0,1.0,,,,257,,344,6.0,,,,,,,,2.0,620,9.0,295,9.0,,,,,,,,,,,3.0,15.0,,,,,9.0,24,,,,,10,,8.0,1.0,,,,127,,130,2.0,,,,,,,,,9.0,,25.0,,,1.0,,440,3.0,135,2.0,,,,,,,,,,,17.0,,20.0,,,,,,,3.0,10.0,,,,,2.0,,,,9.0,16.0,,,4.0,1.0,,4970,1172,,226,,,,,,,5.0,,7.0,,,10.0,,58.0,,1698,1.0,302,,,,,,,,,,,63.0,,28.0,,,,,22.0,7.0,,,,,,4.0,43.0,14.0,,,,,,1597.0,23.0,6.0,,,,,,1.0,7.0,,,,,,,,,,,2.0,1.0,,197.0,,,,,,,3.0,2.0,,,,,,,,,,3.0,,,,343,61
_1_km_monthly_VI_Quality_2023091_aid0001,aid0001,2023-04-01 00:00:00+00:00,27047,23626,22155,13862,,,,2417000,1.0,14757,4.0,,,,881761,11.0,84537,1.0,,,,59489,21.0,17688,18.0,,,,5810,2043,4172,1595,,,,16367,,1225,,,,,25795,4.0,2310,2.0,,,,9481,85,5030,130,,,,1964,1826,,4.0,5.0,,27.0,12.0,,106,78,,553,481,,6.0,,,19.0,3.0,,180,209,,327,1711,252,781,,,,277976,3.0,61716,35.0,,,,,,,,,,7380,10,2281,36,,,,117,142,,22,286,,,,,18,95,,648,527,221,187,,,,20702,10.0,6097,12.0,,,,10.0,,,,46,,141,,,,,1673,5.0,425,16.0,,,,3.0,,,9.0,,,12.0,,13.0,,,,,65,36,,14,104,,,,2.0,,,34.0,11.0,,1.0,,,63391,1590,59997,565,,,,,,,,42.0,,24.0,,,,4744,,2424,12.0,,,,,,,,8.0,,3.0,,,,,1097,534,,,1.0,2.0,,,203,98,,,,,,,395.0,27.0,705.0,71.0,,,,,,,21.0,,80.0,,,,,4.0,10.0,,,,5.0,5.0,,127.0,15.0,49.0,8.0,,,,,,,,28.0,16.0,4.0,2.0,,,1.0,,,,14.0,5.0,,,4.0,,,,,,105,111.0,89,21.0,,,,502,,5,,,,,1962,,71,,,,,453,1.0,209,2.0,,,,5.0,17.0,360,227,216,160.0,,,,29,,581,,7,,,,,220,,5249,1.0,115,,,,,11.0,,2464,44,1009,107.0,,,,15.0,1.0,,,,,,,,11.0,14.0,,3.0,2.0,107,45.0,,,,2.0,,,,,13.0,1.0,,,,115,150.0,,2.0,,,,,,270,,300,5.0,,,,,,,,,554,5.0,301,5.0,,,,,,,,,,,,19.0,,,,,8.0,45,,,,,7,,12.0,,,,,134,,216,2.0,,,,,,,,,7.0,,29.0,,,1.0,,364,5.0,202,4.0,,,,,,,,,,,16.0,,35.0,,,,,,,4.0,2.0,,,,,,,,,16.0,8.0,,,,,,4937,665,,120,,,,,,,,,3.0,,,3.0,,34.0,,941,2.0,97,,,,,,,,,,,10.0,,1.0,,,,,16.0,4.0,,,,,,3.0,24.0,8.0,,,2.0,,,819.0,,3.0,,,,,,,1.0,,3.0,,,,,,,,,,,,136.0,,,,,,,,,1.0,,,,,,,,,,,,,64,56
_1_km_monthly_VI_Quality_2023121_aid0001,aid0001,2023-05-01 00:00:00+00:00,27394,12544,22583,6938,,,,2535663,2.0,55776,10.0,,,,787118,19.0,82024,2.0,,,,35575,28.0,23084,64.0,,,,10821,554,7360,491,,,,22679,8.0,3291,,,,,32821,22.0,5718,19.0,,,,11661,78,4865,112,,,,694,576,,38.0,13.0,,91.0,58.0,,159,113,,319,279,,26.0,4.0,,63.0,32.0,,200,206,,395,2245,300,1137,,,,264676,12.0,45309,104.0,,,,,,,,,,9893,11,4173,31,,,,165,194,,77,339,,,,,57,155,,812,590,141,160,,,,20339,7.0,5983,4.0,,,,25.0,11.0,,,27,,110,,,,,1829,5.0,728,5.0,,,,5.0,,,22.0,3.0,,15.0,,10.0,,,,,84,23,,17,57,,,,1.0,,,16.0,11.0,,1.0,,,70101,751,34815,339,,,,,,,,,,,,,,3211,2.0,2080,1.0,,,,,,,,,,,,,,,356,220,,,,2.0,,,64,53,,,,,,,432.0,26.0,421.0,30.0,,,,,,,24.0,,55.0,,,,,2.0,3.0,,,,1.0,1.0,,128.0,5.0,7.0,10.0,,,,,,,,21.0,,18.0,,,,,,,,5.0,,,,7.0,,,,,,117,4.0,54,3.0,,,,1303,,371,,,,,474,1.0,229,1.0,,,,201,,187,,,,,11.0,,773,26,387,29.0,,,,78,,1542,,643,,,,,32,,2462,3.0,920,5.0,,,,5.0,,1460,30,709,47.0,,,,3.0,,,1.0,,,2.0,2.0,,4.0,1.0,,1.0,,37,30.0,,,2.0,,,,,,9.0,4.0,,,1.0,74,60.0,,3.0,,1.0,,,,243,2.0,441,2.0,,,,,,,,,841,5.0,549,9.0,,,,,,,,,,,3.0,39.0,,,,,22.0,61,,,,,6,,8.0,,,,,62,1.0,291,4.0,,,,,,,,,,,23.0,,,2.0,,418,3.0,314,4.0,,,,,,,,,,,10.0,,12.0,,,,,,,,6.0,,,,,,,,,8.0,7.0,,,,,,4952,129,,49,,,,,,,,,,,,4.0,,10.0,,237,1.0,106,,,,,,,,,,,,,1.0,,,,,1.0,2.0,,,,,,,13.0,1.0,,,,,,275.0,,,,,,,,2.0,2.0,,1.0,,,,,,,,,,,,80.0,,,,,,,,,,,,,,,,,,,,,,44,58
_1_km_monthly_VI_Quality_2023152_aid0001,aid0001,2023-06-01 00:00:00+00:00,20605,20357,16999,13209,,,,2198052,1069.0,111087,1054.0,,,,571190,1556.0,135245,1543.0,,,,45172,2725.0,33935,3457.0,,,,17064,361,12387,300,,,,68706,265.0,9659,184.0,,,,113803,2379.0,24933,1535.0,,,,57330,9378,19028,14624,,,,1505,1124,,4054.0,599.0,,11299.0,6416.0,,9738,6224,,459,345,,3046.0,368.0,,17935.0,3056.0,,28076,14639,,367,8288,235,3779,,,,208903,224.0,50333,352.0,,,,,,,,,,17825,105,6790,148,,,,712,407,,653,843,,,,,466,348,,1272,1618,214,645,,,,16986,16.0,5166,14.0,,,,31.0,,,,20,,94,,,,,2779,33.0,883,12.0,,,,4.0,,,33.0,1.0,,35.0,,27.0,,,,,177,52,,33,54,,,,,,,46.0,18.0,,2.0,,,26295,1030,13715,275,,,,,,,,7.0,,,,,,3877,4.0,1688,1.0,,,,,,,,4.0,,,,,,1.0,350,112,,,,,,,123,45,,,,,,,84.0,3.0,96.0,3.0,,,,,,,7.0,,17.0,,,,,,,,,,1.0,,,39.0,2.0,,3.0,,,,,,,,5.0,,10.0,,,,,,,,,,,,4.0,,,,,,218,5.0,100,2.0,,,,2652,1.0,454,10.0,,,,3510,104.0,1089,61.0,,,,2216,328.0,1588,670.0,,,,30.0,1.0,1082,32,707,30.0,,,,221,,5342,39.0,905,31.0,,,,500,10.0,20260,911.0,3776,682.0,,,,178.0,60.0,22095,9364,11892,18053.0,,,,4.0,4.0,,106.0,24.0,,684.0,185.0,,1205.0,949.0,,,,54,36.0,,,17.0,589.0,106.0,,7.0,111.0,7583.0,991.0,,2.0,160.0,21067,13808.0,,2.0,,10.0,,,,670,11.0,975,31.0,,,,,,,1.0,,2541,28.0,1446,85.0,,,,4.0,,,,,,,34.0,110.0,,,,,178.0,165,,,,,13,1.0,22.0,,,,,116,,310,2.0,,,,,,,,,3.0,,15.0,,,1.0,,624,20.0,352,5.0,,,,,,,3.0,,,,9.0,,22.0,,,,,,,3.0,3.0,,,,,,,,,48.0,21.0,,,4.0,3.0,,4958,179,,43,,,,,,,,,,,,2.0,,28.0,,244,1.0,67,,,,,,,,,,,2.0,,,,,,,14.0,,,,,,,1.0,16.0,2.0,,,,,,43.0,,,,,,,,,1.0,,,,,,,,,,,,,,7.0,,,,,,,,,2.0,,,,,,,,,,,,,14,68
_1_km_monthly_VI_Quality_2023182_aid0001,aid0001,2023-07-01 00:00:00+00:00,10691,273709,12781,123129,,,,694815,1527.0,65765,4809.0,,,,351346,3842.0,56513,9502.0,,,,62576,6363.0,31673,14220.0,,,,15866,326,13987,589,,,,185551,1591.0,13774,2116.0,,,,347974,13113.0,37139,12325.0,,,,191326,51878,44639,46207,,,,37314,11693,,29971.0,29809.0,,49953.0,25578.0,,20464,31282,,443,401,,20820.0,7432.0,,82831.0,21784.0,,125407,57281,,240,69883,358,38674,,,,69255,461.0,32435,496.0,,,,,,,,,,31454,444,10867,412,,,,7315,2870,,2643,1885,,,,,1860,933,,815,9786,132,3991,,,,4646,41.0,1430,16.0,,,,6.0,,,,22,,39,,,,,3529,94.0,829,14.0,,,,13.0,,,48.0,3.0,,41.0,,36.0,,,,,1350,484,,153,93,,,,,,,200.0,125.0,,2.0,2.0,,5740,943,6067,363,,,,,,,,35.0,,13.0,,,,2372,5.0,1411,1.0,,,,,,,,8.0,,5.0,,,,,84,57,,,,,,,49,33,,,,,,,,1.0,1.0,,,,,,,,,,,,,,,,,,,,,,,,,,,,,,,,,,,,,,,,,,,,,,,,,,,,,,166,9.0,82,21.0,,,,6818,47.0,574,158.0,,,,9961,342.0,1641,371.0,,,,4877,1115.0,2273,1653.0,,,,27.0,1.0,945,368,964,739.0,,,,902,3.0,25380,348.0,556,570.0,,,,1546,49.0,88911,5407.0,6292,4023.0,,,,535.0,132.0,103285,48402,28582,56069.0,,,,4.0,17.0,,835.0,387.0,,2799.0,1092.0,,2881.0,2777.0,,,2.0,186,383.0,,,111.0,3957.0,595.0,,16.0,449.0,28458.0,7149.0,,30.0,494.0,85904,48840.0,,2.0,,49.0,8.0,,,1452,29.0,1004,98.0,,,,,,,2.0,,7566,178.0,3008,416.0,,,,5.0,,,,1.0,7.0,,170.0,186.0,,,,,788.0,609,,,,,18,,49.0,,,,,184,5.0,127,2.0,,,,4.0,,,,,5.0,,,,,2.0,,1648,60.0,472,19.0,,,,,,,2.0,,,,49.0,5.0,37.0,2.0,,,,,,14.0,8.0,,,,,,,,,166.0,76.0,,,5.0,11.0,,4979,76,,13,,,,,,,2.0,,,,,7.0,,16.0,,181,1.0,28,,,,,,,,,,,3.0,,,,,,,3.0,1.0,,,,,,1.0,13.0,5.0,,,2.0,,,64.0,,,,,,,,,1.0,,,,,,,,,,,,,,23.0,,,,,,,,,,,,,,,,,,,,,,131,62
_1_km_monthly_VI_Quality_2023213_aid0001,aid0001,2023-08-01 00:00:00+00:00,7189,31901,9463,9933,,,,921134,664.0,85417,692.0,,,,1107516,624.0,137778,2362.0,,,,229759,783.0,82906,3288.0,,,,7314,43,8968,54,,,,96331,203.0,10379,122.0,,,,314570,1168.0,37382,1623.0,,,,297192,5270,60540,9198,,,,5760,1444,,3416.0,1492.0,,11446.0,8209.0,,22365,24062,,39,48,,870.0,127.0,,6469.0,3341.0,,31349,21293,,116,20979,213,7286,,,,154515,359.0,46578,475.0,,,,,,,,,,33580,171,10170,266,,,,1880,774,,2073,1818,,,,,606,470,,1208,4732,137,1721,,,,9213,50.0,3187,24.0,,,,26.0,2.0,,,30,,39,,,,,3723,47.0,1037,12.0,,,,26.0,,,15.0,,,10.0,,16.0,,,,,700,246,,299,279,,,,,,,152.0,94.0,,3.0,3.0,,2873,497,6903,382,,,,,,,,27.0,,39.0,,,,1202,1.0,1597,1.0,,,,,2.0,,,26.0,,17.0,,,,,13,28,,,,2.0,,,4,13,,,,,,,,,,,,,,,,,1.0,,1.0,,,,,,,,,,,,,,,,,,,,,,,,,,,,,,,,,,,,,,,,,,,,40,2.0,75,1.0,,,,5638,26.0,434,26.0,,,,8833,60.0,1001,67.0,,,,5516,128.0,3039,341.0,,,,,,318,36,262,51.0,,,,460,2.0,8910,38.0,485,43.0,,,,1266,12.0,46110,430.0,2984,263.0,,,,610.0,14.0,67539,4980,16298,8044.0,,,,,17.0,,61.0,45.0,,290.0,170.0,,707.0,1091.0,,,,31,63.0,,,5.0,192.0,38.0,,,44.0,2376.0,686.0,,7.0,120.0,18685,11322.0,,16.0,1.0,31.0,1.0,,,1833,14.0,1195,63.0,,,,,,,1.0,,5378,88.0,2143,263.0,,,,8.0,,6.0,,,6.0,,90.0,107.0,,,,,303.0,309,,,,,50,,10.0,,,,,365,9.0,251,2.0,,,,,,,,,1.0,,12.0,,,27.0,,1484,41.0,521,10.0,,,,,,,2.0,,,,30.0,,21.0,,,,2.0,,,22.0,27.0,,,,,,,,,144.0,54.0,,,,5.0,,5052,19,,18,,,,,,,2.0,,,,,6.0,,1.0,,32,,16,,,,,,,,,,,6.0,,5.0,,,,,,,,,,,,,,1.0,,,,,,27.0,,,,,,,,,,,,,,,,,,,,,,,66.0,,,,,,,,,,,,,,,,,,,,,,330,62
_1_km_monthly_VI_Quality_2023244_aid0001,aid0001,2023-09-01 00:00:00+00:00,7160,6669,8037,3845,,,,1290308,789.0,207478,317.0,,,,993253,96.0,207395,241.0,,,,236059,54.0,98116,162.0,,,,7473,69,5846,149,,,,110555,51.0,16655,46.0,,,,294242,86.0,70868,213.0,,,,133969,191,52439,558,,,,435,469,,192.0,754.0,,368.0,954.0,,998,1333,,84,60,,39.0,167.0,,439.0,502.0,,1352,1490,,85,3666,422,2809,,,,176143,394.0,89345,280.0,,,,,,,,,,28683,129,15814,104,,,,363,332,,382,641,,,,,171,305,,920,1084,418,488,,,1.0,13032,55.0,6211,5.0,,,1.0,36.0,5.0,,,52,,66,,,,,3062,11.0,1774,2.0,,,,28.0,,,35.0,1.0,,17.0,,15.0,,,,,123,63,,84,131,,,,,,,34.0,62.0,,1.0,1.0,,5309,1222,6453,584,,,,,,,,24.0,,42.0,,,,2233,3.0,2020,10.0,,,,,2.0,,,36.0,,39.0,,,,,74,73,,,,,,,44,34,,,,,,,,1.0,1.0,,,,,,,,4.0,,6.0,,,,,,,,,,,,,,,,,,,,,,,,,,,,,,,,,,1.0,,,,2.0,,,,,,87,,31,,,,,3151,4.0,278,,,,,2081,2.0,780,4.0,,,,852,5.0,638,29.0,,,,4.0,,282,10,124,12.0,,,,258,1.0,5745,5.0,377,7.0,,,,225,1.0,11827,33.0,2121,41.0,,,,64.0,,7245,218,3092,356.0,,,,,,,6.0,10.0,,24.0,35.0,,41.0,79.0,,,,6,3.0,,,,9.0,1.0,,,3.0,196.0,92.0,,,8.0,925,738.0,,10.0,,29.0,1.0,,,920,9.0,835,16.0,,,,,,,,,1990,19.0,1384,34.0,,,,4.0,,1.0,,,,,24.0,69.0,,,,,73.0,119,,,,,44,4.0,20.0,,,,,360,5.0,279,,,,,1.0,,,,,7.0,,10.0,,,3.0,,1004,13.0,470,3.0,,,,,,,3.0,,,,27.0,1.0,18.0,5.0,,,1.0,,,8.0,12.0,,,,,1.0,,,,46.0,47.0,,,2.0,8.0,,5028,106,,28,,,,,,,,,1.0,,,2.0,,10.0,,209,,49,,,,,,,,,,,44.0,,10.0,,,,,1.0,,,,,,,1.0,2.0,3.0,,,2.0,,,1798.0,,,,,,,,,,,,,,,,,,,,,,,175.0,,,,,,,,,,,,,,,,,,,,,,645,58
_1_km_monthly_VI_Quality_2023274_aid0001,aid0001,2023-10-01 00:00:00+00:00,14722,5033,12941,3467,,,,2107506,439.0,39996,33.0,,,,1262408,106.0,52832,45.0,,,,52195,116.0,23789,311.0,,,,7577,173,6779,225,,,,36387,31.0,4315,,,,,28382,136.0,6116,18.0,,,,18437,360,3906,409,,,,468,676,,34.0,53.0,,66.0,58.0,,151,1317,,88,145,,15.0,8.0,,50.0,20.0,,206,227,,179,1873,143,708,,,,286049,247.0,79849,232.0,,,,,,,,,,8658,72,2694,174,,,,241,136,,66,528,,,,,75,190,,561,570,56,193,,,,21038,11.0,5186,3.0,,,,30.0,14.0,,,102,,79,,,,,1449,2.0,481,,,,,31.0,,,15.0,3.0,,12.0,,6.0,,,,,45,16,,12,90,,,,,,,11.0,29.0,,,,,23477,2591,13690,1042,,,2.0,,,,,57.0,,61.0,,,,5333,4.0,3163,13.0,,,,,,,,68.0,,52.0,,,,,370,363,,,2.0,7.0,,,70,73,,,,2.0,,,167.0,9.0,128.0,3.0,,,,,,,23.0,,36.0,,,,,1.0,1.0,,,,1.0,,,,1.0,,2.0,,,,,,,,16.0,,,,,,,,,,2.0,,,,,,,,,,302,1.0,63,8.0,,,,2507,,433,1.0,,,,540,5.0,188,,,,,247,29.0,205,6.0,,,,13.0,,543,22,192,7.0,,,,149,1.0,2895,6.0,243,,,,,35,2.0,2811,36.0,562,1.0,,,,9.0,7.0,1684,165,410,97.0,,,,1.0,2.0,,2.0,,,9.0,1.0,,18.0,36.0,,,,15,11.0,,,,3.0,,,,2.0,16.0,5.0,,,,135,40.0,,2.0,1.0,8.0,3.0,,,676,4.0,358,13.0,,,,,,,5.0,,1194,16.0,446,14.0,,,,,,,,,,,2.0,31.0,,,,,30.0,44,,,,,41,,14.0,,,,,179,1.0,161,3.0,,,,4.0,,,,,2.0,,12.0,,,6.0,,604,2.0,169,,,,,,,,3.0,,,,18.0,,8.0,,,,,,,,8.0,,,,,,,,,9.0,30.0,,,,4.0,,5702,480,,121,,,,,,,5.0,,5.0,,,7.0,,21.0,,694,,167,,,,,,,,,,,111.0,,21.0,,,,,6.0,3.0,,,,,,1.0,2.0,2.0,,,3.0,,,3665.0,8.0,,,,,,,,2.0,,1.0,,,,,,,,,,,,427.0,,,,,,,,,,,,,,,,,,,,,,1274,65
_1_km_monthly_VI_Quality_2023305_aid0001,aid0001,2023-11-01 00:00:00+00:00,7697,9778,8922,8594,1908.0,3454.0,,1166979,45.0,61388,16.0,892.0,3.0,,1628033,96.0,135448,55.0,612.0,3.0,,346065,208.0,63397,669.0,280.0,11.0,,6012,760,5650,1113,1006.0,716.0,,33570,35.0,4164,16.0,646.0,3.0,,32019,166.0,7991,72.0,949.0,3.0,,14357,462,12903,1006,88.0,19.0,,1884,2136,858.0,463.0,243.0,2.0,1270.0,236.0,39.0,10090,11858,61.0,500,559,175.0,322.0,18.0,18.0,751.0,193.0,24.0,1358,5038,14.0,126,4747,76,3340,14.0,28.0,,276833,66.0,99683,547.0,102.0,2.0,,3.0,,,,,,11254,63,4324,172,16.0,6.0,,527,528,15.0,489,2897,3.0,,,,310,652,5.0,101,2476,4,684,1.0,18.0,,18629,,3605,12.0,12.0,2.0,,35.0,6.0,,4.0,183,,145,,,,,2005,10.0,491,4.0,4.0,,,21.0,,,18.0,,1.0,54.0,,32.0,,,,,177,156,5.0,41,155,6.0,,,1.0,8.0,,24.0,40.0,,2.0,4.0,,14791,4442,20326,3878,10400.0,520.0,,,,,,72.0,,152.0,1.0,20.0,,5335,4.0,5316,12.0,2114.0,16.0,,,,,,130.0,,138.0,,10.0,,1.0,646,1160,557.0,,3.0,1.0,,,153,184,85.0,,,1.0,3.0,,162.0,57.0,407.0,39.0,93.0,5.0,,,,,62.0,,66.0,,21.0,,,8.0,19.0,13.0,,,2.0,7.0,2.0,1.0,4.0,3.0,82.0,,1.0,,,,,,7.0,4.0,10.0,24.0,,,,,,,2.0,5.0,,,6.0,,,,,,529,28.0,371,47.0,50.0,58.0,,3543,7.0,218,1.0,13.0,,,2416,4.0,476,7.0,10.0,,,1506,11.0,972,23.0,17.0,,,6.0,,1181,76,615,78.0,50.0,30.0,,186,,5422,6.0,310,,40.0,,,197,2.0,10497,54.0,1865,24.0,46.0,1.0,,73.0,2.0,10539,513,4114,507.0,7.0,1.0,,40.0,16.0,5.0,30.0,,,78.0,15.0,,69.0,169.0,,1.0,2.0,90,30.0,5.0,,4.0,98.0,2.0,,,9.0,546.0,100.0,2.0,,11.0,1364,1094.0,1.0,1.0,,3.0,,,1.0,1516,10.0,504,15.0,,,,,,,2.0,,2940,12.0,1003,16.0,,,,7.0,,,,,,,36.0,137.0,,,,,145.0,191,1.0,,,,20,3.0,,,,,,236,,194,,,,,,,,,,55.0,,19.0,,,1.0,3.0,896,14.0,229,22.0,,,,,,,,,,,150.0,2.0,44.0,,,,,,,4.0,14.0,,,,8.0,3.0,,,,23.0,30.0,,,13.0,4.0,,5635,662,,470,,403.0,,,,,20.0,,5.0,,3.0,4.0,,20.0,,1490,,898,2.0,236.0,1.0,,,,,,,,230.0,9.0,135.0,,5.0,,,20.0,18.0,5.0,,,,1.0,2.0,22.0,15.0,4.0,,3.0,5.0,,3224.0,,6.0,1.0,,,,,,22.0,,1.0,,,,,,,,,4.0,,,214.0,,,,53.0,,,3.0,2.0,,15.0,,,,,,,,4.0,,,,444,55
_1_km_monthly_VI_Quality_2023335_aid0001,aid0001,2023-12-01 00:00:00+00:00,2468,5057,6257,10715,3505.0,10728.0,,1252726,22.0,113945,12.0,8209.0,29.0,,1558409,22.0,119726,86.0,7714.0,527.0,,261831,1395.0,92385,558.0,2655.0,317.0,,2714,336,4543,1735,2237.0,2354.0,,19066,6.0,18299,36.0,2545.0,63.0,,30172,21.0,15075,89.0,2584.0,68.0,,30658,326,22063,277,803.0,134.0,,663,1573,1652.0,294.0,582.0,46.0,678.0,1671.0,928.0,8699,2301,475.0,249,547,475.0,34.0,100.0,84.0,186.0,362.0,95.0,1403,983,137.0,114,2434,113,1567,21.0,166.0,,253786,35.0,106360,281.0,334.0,94.0,,284.0,1.0,,,,,12772,19,4645,84,81.0,44.0,,266,266,30.0,1217,1350,54.0,5.0,,,246,280,28.0,140,1867,49,802,11.0,41.0,,16165,16.0,4281,29.0,111.0,14.0,,20.0,89.0,,7.0,277,3.0,158,5.0,5.0,,,2247,6.0,604,61.0,24.0,11.0,,6.0,14.0,,11.0,12.0,6.0,45.0,,26.0,,1.0,,,210,197,6.0,137,188,18.0,,,12.0,17.0,,36.0,49.0,,3.0,11.0,,3431,2101,18045,5095,19685.0,1999.0,,,,,,42.0,,327.0,1.0,101.0,,2405,1.0,6781,6.0,5108.0,33.0,,,,,,111.0,,327.0,3.0,130.0,,,193,1069,1203.0,,1.0,15.0,3.0,,73,186,199.0,,,,6.0,3.0,53.0,43.0,339.0,53.0,294.0,25.0,,,,,110.0,,73.0,,59.0,,,3.0,17.0,27.0,,,,2.0,3.0,,2.0,180.0,38.0,39.0,20.0,,,,,,2.0,,33.0,,5.0,,,,,,,,,,,,,,,,297,19.0,503,172.0,192.0,175.0,,2068,2.0,1236,6.0,49.0,,,1118,7.0,1354,12.0,143.0,1.0,,1283,28.0,1631,27.0,486.0,19.0,,4.0,,723,40,1034,272.0,259.0,114.0,,117,,3853,4.0,2692,8.0,174.0,13.0,,60,,4550,15.0,3891,33.0,245.0,4.0,,66.0,9.0,4673,114,2998,155.0,438.0,20.0,,21.0,54.0,28.0,11.0,23.0,2.0,30.0,67.0,7.0,144.0,111.0,21.0,3.0,,64,83.0,34.0,,,28.0,41.0,12.0,,,128.0,246.0,27.0,,14.0,543,562.0,68.0,3.0,,11.0,1.0,3.0,1.0,1226,,507,51.0,3.0,,,8.0,,,,,2349,6.0,578,29.0,4.0,3.0,,,,,,,,1.0,49.0,83.0,,,,,108.0,119,5.0,,,,27,,3.0,4.0,,,,232,2.0,195,7.0,2.0,4.0,,,7.0,,,,87.0,,26.0,5.0,,1.0,,1065,3.0,233,20.0,1.0,3.0,,,,,,1.0,,,106.0,2.0,45.0,2.0,,,1.0,3.0,,7.0,15.0,,,,10.0,8.0,,,,53.0,26.0,1.0,,13.0,6.0,,4949,217,,1225,1.0,834.0,1.0,,,,20.0,,79.0,,11.0,2.0,,13.0,1.0,667,1.0,2188,2.0,847.0,8.0,,,,,,,,166.0,,433.0,,144.0,,,5.0,46.0,20.0,,,,1.0,3.0,10.0,43.0,11.0,,4.0,9.0,3.0,2903.0,,8.0,,4.0,,,,,26.0,,5.0,,4.0,,,,2.0,,,2.0,,,184.0,,,,,1.0,,,,1.0,,,,,,,,,,,,,225,59
_1_km_monthly_VI_Quality_2024001_aid0001,aid0001,2024-01-01 00:00:00+00:00,9384,32681,7680,30241,3445.0,14759.0,,1380581,37.0,132432,58.0,12127.0,2305.0,,1075109,199.0,106081,165.0,3655.0,1728.0,,349455,23356.0,92781,19455.0,3326.0,2480.0,,2453,1156,5381,4388,1707.0,3448.0,,8831,13.0,19273,198.0,1922.0,152.0,,9785,168.0,11434,121.0,2360.0,202.0,,18320,19444,15490,19349,1220.0,2721.0,,1831,2341,1087.0,5306.0,207.0,909.0,6997.0,738.0,210.0,74696,30640,427.0,752,980,426.0,101.0,299.0,89.0,772.0,453.0,125.0,20312,10728,97.0,504,6131,255,3568,13.0,1004.0,,246468,1456.0,88189,2695.0,211.0,114.0,,249.0,,,,,,8587,811,4318,1800,89.0,86.0,,422,335,50.0,4499,6202,27.0,1.0,,,1437,1169,14.0,265,2213,233,1096,6.0,70.0,,15624,95.0,3285,287.0,34.0,7.0,,2.0,29.0,,,226,2.0,71,,3.0,,,1666,155.0,843,300.0,23.0,18.0,,,1.0,,,3.0,,35.0,,19.0,,,,,353,166,8.0,394,435,7.0,1.0,,15.0,11.0,,255.0,145.0,7.0,2.0,3.0,,3843,2243,23198,7784,8911.0,2442.0,,,,,,44.0,,303.0,,102.0,,3061,,9101,9.0,3347.0,13.0,,,,,,102.0,,318.0,1.0,56.0,,,175,1059,512.0,,,1.0,,,84,219,98.0,,,1.0,7.0,2.0,48.0,52.0,489.0,83.0,278.0,28.0,,,,,55.0,,100.0,,96.0,,,8.0,20.0,28.0,,1.0,5.0,2.0,3.0,1.0,3.0,144.0,44.0,12.0,19.0,,,,,,6.0,,72.0,,7.0,,,1.0,,,2.0,9.0,2.0,,,3.0,,,,3.0,409,157.0,665,408.0,156.0,246.0,,2000,5.0,1921,4.0,196.0,2.0,,1184,21.0,1846,41.0,198.0,,,2214,1064.0,1964,634.0,477.0,104.0,,2.0,12.0,866,558,1579,587.0,277.0,202.0,,59,,2634,2.0,4260,56.0,166.0,12.0,,36,1.0,3124,79.0,4159,59.0,380.0,13.0,,116.0,214.0,4634,7072,3040,6221.0,423.0,744.0,,155.0,96.0,40.0,23.0,36.0,4.0,111.0,100.0,13.0,1621.0,476.0,20.0,1.0,8.0,322,217.0,38.0,,,36.0,123.0,8.0,,5.0,337.0,393.0,25.0,39.0,320.0,5053,1950.0,105.0,42.0,11.0,24.0,65.0,,3.0,1104,173.0,346,301.0,2.0,8.0,,,,,2.0,2.0,1824,374.0,487,406.0,4.0,9.0,,,,1.0,,8.0,10.0,,362.0,338.0,,,,1.0,729.0,254,3.0,,,,18,6.0,4.0,1.0,3.0,,,231,27.0,127,80.0,,,,,,,,,48.0,,23.0,,,3.0,,824,106.0,261,124.0,7.0,11.0,,,,,,,,,86.0,2.0,33.0,4.0,2.0,,2.0,5.0,1.0,60.0,52.0,,,,,4.0,,,,168.0,79.0,3.0,,12.0,30.0,,5763,273,,1778,2.0,500.0,2.0,,,,12.0,,56.0,,16.0,2.0,,18.0,1.0,1051,1.0,3297,1.0,640.0,1.0,,,,,,,,145.0,1.0,414.0,,109.0,,,8.0,43.0,14.0,,1.0,,,6.0,11.0,41.0,7.0,,1.0,12.0,3.0,2681.0,3.0,9.0,,2.0,,,,,11.0,,24.0,,7.0,,,,,,,1.0,,,173.0,,,,,,,,,1.0,,,,,,,,,,,,,325,64
_1_km_monthly_VI_Quality_2024032_aid0001,aid0001,2024-02-01 00:00:00+00:00,3857,14314,6162,20830,913.0,9074.0,,2036878,39.0,115848,54.0,4629.0,47.0,,1092733,43.0,146766,95.0,2142.0,65.0,,72634,157.0,32478,316.0,363.0,107.0,,2018,2965,3150,3730,405.0,1899.0,,13796,44.0,8283,185.0,1086.0,77.0,,17090,43.0,9463,71.0,1350.0,112.0,,6409,154,4817,215,174.0,43.0,,770,2039,766.0,230.0,295.0,127.0,331.0,382.0,103.0,690,1560,96.0,312,712,216.0,123.0,272.0,120.0,271.0,419.0,121.0,354,386,34.0,161,1469,86,818,1.0,99.0,,283639,53.0,67470,300.0,45.0,8.0,,84.0,,,,,,7902,58,2775,200,10.0,17.0,,203,136,6.0,384,536,3.0,1.0,,,159,154,4.0,416,1084,140,564,1.0,33.0,,20703,19.0,3178,133.0,23.0,8.0,,1.0,7.0,,,209,,70,,,,,1916,20.0,557,89.0,4.0,2.0,,,,,,,,34.0,,4.0,,,,,142,73,11.0,132,228,4.0,,,5.0,5.0,,59.0,53.0,1.0,6.0,,1.0,22472,3362,28237,3336,9169.0,1492.0,,,2.0,1.0,,455.0,1.0,417.0,,18.0,,5627,8.0,6519,14.0,2443.0,13.0,,,,,,215.0,,229.0,,7.0,,1.0,746,1011,483.0,,9.0,6.0,,,165,207,57.0,,,5.0,4.0,,230.0,52.0,631.0,63.0,572.0,32.0,,3.0,,,60.0,2.0,58.0,,86.0,,,11.0,16.0,17.0,,,8.0,9.0,3.0,66.0,40.0,174.0,43.0,4.0,7.0,,,,,,75.0,3.0,27.0,8.0,3.0,,,,,,3.0,14.0,,,5.0,7.0,,,,,315,355.0,481,365.0,43.0,106.0,,2427,6.0,1220,11.0,63.0,1.0,,1863,6.0,1525,10.0,62.0,1.0,,1023,23.0,1503,11.0,61.0,6.0,,7.0,28.0,768,614,792,407.0,53.0,127.0,,74,,2967,9.0,2268,59.0,65.0,8.0,,67,,4403,26.0,2769,24.0,116.0,3.0,,12.0,3.0,1760,111,1441,75.0,76.0,2.0,,35.0,59.0,16.0,21.0,25.0,3.0,59.0,55.0,3.0,67.0,83.0,3.0,,1.0,103,145.0,24.0,,,62.0,109.0,10.0,,3.0,218.0,234.0,17.0,,,257,241.0,18.0,2.0,3.0,3.0,1.0,,,515,1.0,278,43.0,,,,,,,,,949,28.0,291,60.0,1.0,2.0,,,,,,2.0,,,26.0,43.0,,,,,110.0,50,,,,,34,1.0,22.0,3.0,,,,156,,86,20.0,,,,,,,,,41.0,,21.0,,,2.0,,699,10.0,187,33.0,,,,,,,,,,,91.0,4.0,23.0,1.0,,,,3.0,,9.0,22.0,,,,,2.0,,,,25.0,29.0,,,15.0,1.0,1.0,4988,1442,1.0,1229,,385.0,,,,,49.0,,57.0,,2.0,5.0,,65.0,1.0,2533,9.0,1684,,400.0,1.0,,,,,,,,341.0,2.0,266.0,,5.0,,,43.0,21.0,6.0,,1.0,,1.0,4.0,37.0,31.0,2.0,,1.0,11.0,1.0,2127.0,10.0,9.0,,1.0,,,,,20.0,,12.0,,2.0,,,,,,,2.0,,,226.0,,,1.0,,,,1.0,10.0,4.0,4.0,,,,,,,,5.0,,,,212,65
_1_km_monthly_VI_Quality_2024061_aid0001,aid0001,2024-03-01 00:00:00+00:00,18992,24937,16357,28521,,,,2359017,,23696,3.0,,,,904541,3.0,52279,1.0,,,,108748,93.0,15300,69.0,,,,3503,2850,3406,2749,,,,13571,6.0,2011,,,,,13758,8.0,3477,1.0,,,,9294,97,3205,56,,,,1749,2597,,29.0,3.0,,88.0,18.0,,242,209,,414,425,,3.0,1.0,,35.0,12.0,,196,116,,297,1082,202,811,,,,285425,2.0,52503,119.0,,,,,,,,,,6833,38,2252,132,,,,107,104,,75,369,,,,,45,111,,552,710,174,308,,,,22943,4.0,3519,80.0,,,,3.0,,,,88,,35,,,,,1466,17.0,637,15.0,,,,,,,,3.0,,14.0,,10.0,,,,,32,20,,33,243,,,,10.0,,,11.0,24.0,,1.0,,,91660,2167,54390,2245,,,,,,4.0,,429.0,,367.0,,,,6550,6.0,3415,6.0,,,,,,,,130.0,2.0,29.0,,,,,1559,986,,,3.0,1.0,,,152,113,,,,5.0,,,608.0,80.0,673.0,70.0,,,,,,,105.0,3.0,23.0,1.0,,,,20.0,11.0,,,,4.0,5.0,,92.0,33.0,14.0,28.0,,,,,,,,135.0,8.0,19.0,5.0,,,,,,,11.0,5.0,,,15.0,8.0,,,,,104,298.0,64,145.0,,,,508,,47,,,,,611,,227,,,,,260,,287,,,,,4.0,39.0,295,622,192,261.0,,,,52,,636,,86,,,,,40,,1625,2.0,356,,,,,8.0,,1118,46,710,21.0,,,,26.0,17.0,,,,,1.0,,,12.0,4.0,,,2.0,81,55.0,,,,,,,,,22.0,,,,,94,40.0,,3.0,12.0,1.0,3.0,,,270,,273,12.0,,,,,,,1.0,3.0,601,15.0,322,18.0,,,,,,,,,4.0,,4.0,22.0,,,,,17.0,38,,,,,32,,9.0,1.0,,,,163,1.0,136,6.0,,,,,,,,,20.0,,12.0,,,3.0,,506,10.0,240,5.0,,,,,,,,,,,31.0,,11.0,,,,,,,2.0,10.0,,,,,,,,,2.0,11.0,,,3.0,,,4873,1252,3.0,222,,,,,,,7.0,,11.0,,,9.0,,62.0,,1702,5.0,295,,,,,,,,,,,110.0,1.0,9.0,,,,,19.0,,,,,,1.0,,19.0,14.0,,,1.0,3.0,,1939.0,14.0,,,,,,,,28.0,,11.0,,,,2.0,,,,,2.0,,,201.0,,,,,,,1.0,10.0,,,,,,,,,,6.0,1.0,,,319,61
_1_km_monthly_VI_Quality_2024092_aid0001,aid0001,2024-04-01 00:00:00+00:00,24939,13053,25728,11837,,,,2186780,1.0,44949,,,,,966564,,97605,,,,,110901,24.0,40979,16.0,,,,5838,695,5448,1150,,,,19876,1.0,1327,,,,,27004,1.0,4149,,,,,11441,49,6828,47,,,,1159,1988,,,,,5.0,,,87,84,,335,397,,,,,6.0,1.0,,135,90,,365,1185,234,448,,,,265296,8.0,92521,14.0,,,,,,,,,,9184,6,3104,20,,,,79,81,,31,127,,,,,35,66,,724,583,147,214,,,,19624,42.0,6305,6.0,,,,3.0,,,,36,,62,,,,,1956,24.0,724,4.0,,,,1.0,,,10.0,3.0,,10.0,,4.0,,,,,58,6,,50,73,,,,6.0,,,41.0,26.0,,,,,78770,1317,61171,1484,,,,,1.0,,,83.0,,41.0,,,,3778,5.0,3169,3.0,,,,,,,,19.0,,9.0,,,,,917,811,,,2.0,,,,128,140,,,,,,,775.0,63.0,875.0,95.0,,,,,,,94.0,,50.0,,,,,11.0,14.0,,,,2.0,1.0,,237.0,35.0,2.0,10.0,,,,,,,,116.0,2.0,10.0,,,,,,,,13.0,,,,6.0,,,,,,61,11.0,40,14.0,,,,147,,10,,,,,675,,126,,,,,293,,229,,,,,3.0,,352,74,261,80.0,,,,10,,314,,23,,,,,98,,2115,2.0,316,,,,,24.0,,1757,19,912,10.0,,,,4.0,9.0,,,,,,,,4.0,,,,1.0,77,36.0,,,,,,,,,1.0,,,,,66,20.0,,,,,,,,248,,289,1.0,,,,,,,1.0,,502,1.0,389,2.0,,,,,,,,,,,4.0,12.0,,,,,14.0,21,,,,,18,3.0,13.0,,,,,110,1.0,176,,,,,,,,,,6.0,,8.0,,,3.0,,429,5.0,233,3.0,,,,,,,,,,,9.0,,7.0,,,,,,,3.0,2.0,,,,,,,,,15.0,8.0,,,,,,4913,274,,99,,,,,,,2.0,,,,,1.0,,22.0,,548,,193,,,,,,,,,,,23.0,,5.0,,,,,5.0,1.0,,,,,,,27.0,10.0,,,1.0,,,938.0,1.0,1.0,,,,,,,3.0,,4.0,,,,,,,,,,,,112.0,3.0,,,,,,6.0,,4.0,,,,,,,,,,,,,99,59
_1_km_monthly_VI_Quality_2024122_aid0001,aid0001,2024-05-01 00:00:00+00:00,26458,9496,28338,9351,,,,1796866,78.0,37315,22.0,,,,1270722,242.0,204726,115.0,,,,82521,94.0,51036,466.0,,,,7451,345,7200,562,,,,32286,8.0,3963,15.0,,,,62629,117.0,13363,73.0,,,,25791,295,12421,319,,,,549,942,,829.0,1295.0,,2120.0,3631.0,,919,1979,,310,477,,61.0,53.0,,434.0,203.0,,480,792,,286,2191,332,1211,,,,238340,175.0,78630,172.0,,,,,,,,,,15624,40,6268,141,,,,275,200,,576,1314,,,,,166,211,,689,609,67,199,,,,17950,124.0,6063,18.0,,,,26.0,3.0,,,29,,69,,,,,3051,24.0,1022,8.0,,,,14.0,,,31.0,2.0,,14.0,,4.0,,,,,39,22,,65,154,,,,5.0,,,32.0,33.0,,,1.0,,41870,357,37282,422,,,,,,,,,,6.0,,,,1181,2.0,1285,4.0,,,,,,,,4.0,,1.0,,,,1.0,205,278,,,,,,,32,60,,,,,,,460.0,5.0,247.0,12.0,,,,,,,35.0,,13.0,,,,,2.0,,,,,,,,154.0,28.0,4.0,8.0,,,,,,,,92.0,3.0,24.0,,,,,2.0,,,40.0,,,,1.0,,,,,,83,6.0,108,7.0,,,,1117,,41,1.0,,,,1141,12.0,156,2.0,,,,237,15.0,433,3.0,,,,2.0,,422,84,419,64.0,,,,61,,1950,3.0,91,1.0,,,,82,,4499,29.0,979,16.0,,,,7.0,,2137,194,1642,227.0,,,,3.0,8.0,,1.0,,,68.0,16.0,,53.0,57.0,,,1.0,59,63.0,,,,11.0,,,,4.0,134.0,44.0,,,3.0,304,265.0,,,2.0,3.0,1.0,,,329,4.0,320,8.0,,,,,,,,,1024,9.0,496,33.0,,,,,,,,,,,22.0,26.0,,,,,58.0,80,,,,,23,,7.0,,,,,194,3.0,174,,,,,,,,,,3.0,,27.0,,,1.0,,611,8.0,277,3.0,,,,,,,,,,,15.0,,15.0,,,,1.0,,,6.0,9.0,,,,1.0,2.0,,,,12.0,37.0,,,1.0,,,5052,87,,45,,,,,,,1.0,,,,,1.0,,8.0,,152,,72,,,,,,,,,,,33.0,,4.0,,,,,1.0,3.0,,,,,,,13.0,6.0,,,1.0,,,176.0,,1.0,,,,,,,5.0,,,,,,,,,,,,,,29.0,4.0,,,,,,7.0,,4.0,,,,,,,,,,,,,31,64
_1_km_monthly_VI_Quality_2024153_aid0001,aid0001,2024-06-01 00:00:00+00:00,22232,36203,18636,22607,,,,1353509,1293.0,99680,849.0,,,,1067878,1644.0,152953,1631.0,,,,202051,4490.0,56622,7807.0,,,,13079,161,8594,234,,,,68168,50.0,10887,228.0,,,,151772,1886.0,28733,2185.0,,,,72765,14296,25988,17343,,,,3753,2592,,4592.0,5761.0,,18828.0,6924.0,,26455,12264,,120,170,,1612.0,371.0,,15050.0,3401.0,,39939,17749,,317,12549,300,6508,,,,195215,399.0,53380,761.0,,,,,,,,,,24062,190,8291,266,,,,1284,753,,1599,1959,,,,,826,648,,482,2636,117,1119,,,,14174,128.0,3600,57.0,,,,19.0,,,,42,,56,,,,,4023,23.0,1177,14.0,,,,10.0,,,41.0,3.0,,26.0,1.0,20.0,2.0,,,,256,181,,195,196,,,,,2.0,,99.0,77.0,,,,,12641,493,14574,172,,,,,,,,19.0,,6.0,,,,1369,3.0,1428,2.0,,,,,,,,3.0,,,,,,,85,91,,,,,,,32,22,,,,,,,22.0,2.0,39.0,1.0,,,,,,,14.0,,1.0,,,,,,2.0,,,,1.0,,,,5.0,,1.0,,,,,,,,1.0,,4.0,,,,,,,,,,,,,,,,,,123,2.0,69,,,,,1878,1.0,208,6.0,,,,5081,100.0,1328,69.0,,,,3487,581.0,2287,1176.0,,,,9.0,,523,66,372,79.0,,,,151,,4627,24.0,454,28.0,,,,634,14.0,30587,698.0,3818,360.0,,,,315.0,83.0,34643,13023,10388,13238.0,,,,15.0,3.0,,76.0,53.0,,1006.0,114.0,,1930.0,1094.0,,,1.0,60,29.0,,,11.0,224.0,41.0,,,94.0,4553.0,683.0,,13.0,297.0,24958,9924.0,,3.0,,,1.0,,,1078,15.0,696,104.0,,,,,,,1.0,,3975,69.0,1326,136.0,,,,6.0,,,,,,,75.0,124.0,,,,,237.0,214,,,,,37,,7.0,,,,,303,2.0,249,3.0,,,,,1.0,,,,6.0,,18.0,,,6.0,,1336,8.0,557,13.0,,,,1.0,,,2.0,,,,46.0,1.0,19.0,2.0,,,1.0,,,11.0,25.0,,,,1.0,5.0,,,,65.0,91.0,,,4.0,10.0,,5072,61,,12,,,,,,,,,,,,2.0,,7.0,,78,,20,,,,,,,,,,,10.0,,1.0,,,,,2.0,,,,,,,,4.0,7.0,,,,,,55.0,,,,,,,,,,,,,,,,,,,,1.0,,,55.0,,,,,,,,,,,,,,,,,,,,,,208,64
_1_km_monthly_VI_Quality_2024183_aid0001,aid0001,2024-07-01 00:00:00+00:00,7154,324416,11182,175553,,,,588131,2591.0,45647,21244.0,,,,274110,9831.0,63142,16006.0,,,,76422,11783.0,16252,13804.0,,,,9961,934,11129,2564,,,,107393,3169.0,11067,10099.0,,,,245356,19721.0,40738,23263.0,,,,138316,72782,31446,65817,,,,58669,16601,,41997.0,18067.0,,85611.0,26960.0,,42698,23957,,687,989,,19503.0,3837.0,,103880.0,21241.0,,161642,54635,,203,78353,858,54611,,,,59531,783.0,16779,1068.0,,,,,,,,,,25244,773,10284,1458,,,,10728,3689,,3425,1518,,,,,2328,1129,,163,10607,318,5040,,,,3549,27.0,1120,24.0,,,,22.0,,,,35,,39,,,,,2287,174.0,771,79.0,,,,23.0,,,46.0,3.0,,35.0,3.0,16.0,10.0,,,,1891,700,,256,109,,,,,2.0,,359.0,108.0,,1.0,,,2809,364,4384,274,,,,,,,,98.0,,45.0,,,,987,,1293,,,,,,,,,21.0,,9.0,,,,,10,25,,,,1.0,,,12,12,,,,,1.0,,,,1.0,,,,,,,,1.0,,,,,,,,,,,,,,,,2.0,,,,,,,,,,,,,,,,,,,,,,,,,,,,,,69,34.0,151,147.0,,,,8458,77.0,713,1056.0,,,,11198,1048.0,2814,812.0,,,,6653,2024.0,2214,2271.0,,,,11.0,2.0,722,984,869,1407.0,,,,806,12.0,21069,813.0,750,1694.0,,,,1272,107.0,90892,9284.0,7274,7161.0,,,,557.0,247.0,106066,84354,20946,65906.0,,,,43.0,120.0,,1604.0,486.0,,6600.0,992.0,,5911.0,2583.0,,,5.0,554,567.0,,2.0,179.0,5237.0,588.0,,38.0,915.0,44149.0,4787.0,,57.0,916.0,137645,41016.0,,16.0,,77.0,19.0,,,1892,64.0,952,174.0,,,,,,,1.0,1.0,7859,404.0,2894,1038.0,,,,18.0,,3.0,,2.0,8.0,,272.0,190.0,,,,,1283.0,651,,,1.0,,37,2.0,34.0,,,,,233,3.0,107,9.0,,,,1.0,1.0,,,,4.0,,1.0,,,5.0,,1481,106.0,407,42.0,,,,1.0,2.0,,9.0,,,,57.0,,42.0,10.0,,,2.0,,,58.0,35.0,,,,,6.0,,,,310.0,84.0,,,7.0,21.0,,5098,22,,19,,,,,,,6.0,,1.0,,,6.0,,4.0,,63,,31,,,,,,,,,,,23.0,,13.0,,,,,,1.0,,,,,,,1.0,8.0,,,,,,23.0,,,,,,,,,,,,,,,,,,,,,,,46.0,,,,,,,,,,,,,,,,,,,,,,178,64
_1_km_monthly_VI_Quality_2024214_aid0001,aid0001,2024-08-01 00:00:00+00:00,6282,148680,7889,76256,,,,763618,385.0,140985,1287.0,,,,484968,1352.0,165924,5972.0,,,,89293,2796.0,70323,11023.0,,,,6695,222,7842,805,,,,111292,419.0,17088,714.0,,,,355649,3629.0,68676,6248.0,,,,184611,22836,73433,38311,,,,28857,11803,,13347.0,6761.0,,30505.0,47099.0,,21287,50158,,263,327,,4556.0,1440.0,,34203.0,15295.0,,77716,50600,,229,53039,1409,33245,,,,72673,208.0,58657,279.0,,,,,,,,,,32986,272,19845,510,,,,3727,1498,,994,1133,,,,,747,651,,676,7977,359,3295,,,,4262,23.0,2915,18.0,,,,50.0,2.0,,,36,,35,,,,,2862,54.0,1190,46.0,,,,9.0,,,37.0,,,25.0,,13.0,2.0,,,,1018,404,,98,183,,,,2.0,,,156.0,95.0,,2.0,2.0,,3294,683,2487,669,,,,,,,,111.0,,142.0,,,,2100,,1251,,,,,,,,,83.0,,51.0,,,,,25,30,,,,1.0,,,28,18,,,,,,,,,,,,,,,,,2.0,,3.0,,,,,,,,,,,,,,,,,,,,,,,,,,,,,,,,,,,,,,,,,,,,78,8.0,135,46.0,,,,8941,15.0,901,40.0,,,,18101,147.0,3252,231.0,,,,9262,610.0,4092,1254.0,,,,1.0,,637,280,973,469.0,,,,752,1.0,15282,71.0,797,113.0,,,,2439,15.0,124846,1311.0,11391,1251.0,,,,737.0,70.0,128845,26409,48859,28572.0,,,,25.0,47.0,,282.0,86.0,,2329.0,770.0,,2823.0,2720.0,,,6.0,335,399.0,,1.0,35.0,945.0,111.0,,6.0,296.0,14002.0,2010.0,,10.0,402.0,67016,31652.0,,9.0,,88.0,8.0,,,2861,47.0,2067,36.0,,,,,,,2.0,,10097,187.0,4563,419.0,,,,18.0,,8.0,,1.0,6.0,,103.0,183.0,,,,,447.0,423,,,1.0,,106,5.0,26.0,,,,,364,9.0,180,4.0,,,,3.0,,,,,5.0,,12.0,,,6.0,1.0,2074,95.0,477,23.0,,,,,,,7.0,,,1.0,43.0,4.0,33.0,4.0,,,,,,18.0,38.0,,,,2.0,,,,,186.0,77.0,,,5.0,6.0,,5014,104,,38,,,,,,,10.0,,13.0,,,5.0,,16.0,,186,,100,,,,,,,,,,,50.0,,12.0,,,,,3.0,2.0,,,,,,,2.0,,,,,,,29.0,,,,,,,,,,,,,,,,,,,,,,,37.0,,,,,,,,,,,,,,,,,,,,,,145,64
_1_km_monthly_VI_Quality_2024245_aid0001,aid0001,2024-09-01 00:00:00+00:00,4879,7352,9620,5248,,,,1253831,217.0,191101,273.0,,,,1146765,103.0,203089,152.0,,,,179596,385.0,148011,820.0,,,,5709,33,8267,47,,,,62660,51.0,12929,59.0,,,,225872,160.0,44535,212.0,,,,119251,667,50182,1258,,,,520,228,,1154.0,914.0,,2277.0,2854.0,,2809,10227,,50,34,,315.0,70.0,,1321.0,526.0,,2798,4045,,198,5545,433,2863,,,,183477,154.0,92933,282.0,,,,,,,,,,22541,76,11161,189,,,,616,370,,737,1170,,,,,172,293,,1000,1959,163,883,,,,11765,24.0,4989,36.0,,,,28.0,13.0,,,80,,86,,,,,2778,11.0,1073,46.0,,,,30.0,,,14.0,3.0,,24.0,,34.0,,,,,362,183,,150,233,,,,,7.0,,57.0,78.0,,,4.0,,3700,866,4358,1004,,,,,,,,57.0,,40.0,,,,2146,1.0,1993,7.0,,,,,,,,65.0,,76.0,,,,,38,87,,,,2.0,,,26,27,,,,,,,,,3.0,,,,,,,,,,2.0,,,,,,,,,,,,,,,,,,,,,,,,,,,,,,,,,,2.0,,,,,,,,,,75,,49,1.0,,,,6197,10.0,674,4.0,,,,5223,11.0,1414,5.0,,,,1977,76.0,1707,48.0,,,,7.0,,444,23,230,6.0,,,,461,,8567,23.0,560,15.0,,,,670,1.0,26508,53.0,3338,35.0,,,,176.0,10.0,17333,730,6625,792.0,,,,4.0,1.0,,47.0,9.0,,148.0,38.0,,163.0,288.0,,,,21,8.0,,,3.0,92.0,21.0,,,9.0,590.0,89.0,,1.0,11.0,2578,1724.0,,5.0,,27.0,2.0,,,2235,5.0,948,35.0,,,,,,,2.0,,4225,55.0,1316,83.0,,,,15.0,,,,,,,62.0,81.0,,,,,153.0,181,,,1.0,,156,9.0,47.0,,,,,591,7.0,307,7.0,,,,,,,,,20.0,,10.0,,,9.0,,1855,26.0,458,18.0,,,,,,,3.0,,,,67.0,4.0,47.0,,,,2.0,4.0,,19.0,44.0,,,,,2.0,,,,77.0,76.0,,,,6.0,,4966,114,1.0,22,,,,,,,5.0,,12.0,,,3.0,,19.0,,182,,99,,,,,,,1.0,,,,73.0,,29.0,,,,,1.0,,,,,,,,6.0,3.0,,,2.0,2.0,,687.0,,,,,,,,,2.0,,1.0,,,,,,,,,,,,104.0,,,,,,,,,,,,,,,,,,,,,,485,63
_1_km_monthly_VI_Quality_2024275_aid0001,aid0001,2024-10-01 00:00:00+00:00,4887,2706,10582,2597,233.0,185.0,,1501247,6.0,150214,7.0,97.0,,,1362600,27.0,144600,6.0,49.0,,,349825,4.0,68445,121.0,36.0,,,5616,90,7009,193,174.0,22.0,,27533,3.0,6091,2.0,85.0,,,37379,4.0,10089,11.0,122.0,,,17591,24,7685,95,30.0,,,208,705,72.0,23.0,15.0,,48.0,85.0,,474,1492,,87,135,22.0,3.0,2.0,,27.0,42.0,,162,201,1.0,108,1759,136,919,2.0,,,251586,25.0,104910,202.0,4.0,,,28.0,,,,,,12296,9,4388,68,1.0,,,239,200,,297,1067,,,,,91,179,,396,1223,101,410,,4.0,,16741,3.0,5354,69.0,1.0,,,26.0,8.0,,,132,,125,,1.0,,,2105,2.0,715,14.0,,,,25.0,,,10.0,,,25.0,,41.0,,,,,165,117,,81,266,,,,,14.0,,20.0,53.0,,1.0,3.0,,4271,1539,7080,1562,403.0,81.0,,,,,,65.0,,95.0,,,,1980,,2463,7.0,150.0,1.0,,,,,,112.0,,106.0,,4.0,,,98,214,36.0,,2.0,2.0,,,47,65,11.0,,,,1.0,,6.0,,26.0,2.0,2.0,,,,,,2.0,,20.0,,3.0,,,1.0,,,,,,,,,,,,,,,,,,,2.0,,1.0,,,,,,,,,,,,,,,,,,125,4.0,90,1.0,13.0,5.0,,2941,,575,,2.0,,,1560,,715,,5.0,,,722,1.0,759,5.0,2.0,,,7.0,3.0,456,20,198,17.0,11.0,,,129,,3318,,277,,5.0,,,120,,4713,8.0,839,1.0,10.0,,,26.0,,1837,31,891,44.0,11.0,,,3.0,2.0,,3.0,,,8.0,1.0,,17.0,35.0,,,,12,10.0,,,,5.0,,,,,37.0,11.0,,,1.0,215,103.0,1.0,2.0,,5.0,,,,1103,,541,16.0,,,,1.0,,,,,2023,12.0,727,30.0,,,,2.0,,,,,,,36.0,118.0,,,,,67.0,88,,,,,79,,9.0,,,,,349,1.0,203,4.0,,,,,,,,,43.0,,22.0,,,,,1188,4.0,365,4.0,,,,,1.0,,,,,,107.0,5.0,50.0,,,,,,,7.0,28.0,,,,2.0,2.0,,,,27.0,75.0,,,14.0,14.0,,4858,152,,137,,11.0,,,,,10.0,,12.0,,,,,9.0,,408,,172,,21.0,,,,,,,,1.0,187.0,1.0,107.0,1.0,3.0,,,5.0,,1.0,,,,,,8.0,8.0,,,3.0,1.0,,2584.0,,1.0,,,,,,,1.0,,,,,,,,,,,,,,215.0,,,,,,,2.0,,,,,,,,,,,,,,,732,54
_1_km_monthly_VI_Quality_2024306_aid0001,aid0001,2024-11-01 00:00:00+00:00,5043,6803,3684,4474,3554.0,2404.0,,1246628,18.0,55481,9.0,8969.0,2.0,,1716205,15.0,85303,48.0,4028.0,3.0,,322788,1.0,51388,201.0,464.0,2.0,,5109,329,3439,466,1857.0,362.0,,19381,8.0,4446,3.0,1844.0,5.0,,27819,17.0,7238,12.0,1936.0,2.0,,22620,54,15809,65,223.0,3.0,,929,519,888.0,83.0,15.0,19.0,1396.0,1546.0,27.0,12708,2553,12.0,233,146,209.0,30.0,10.0,14.0,101.0,69.0,19.0,886,676,4.0,114,3068,227,1497,39.0,34.0,,275270,,95806,166.0,272.0,,,394.0,,,,,,11382,4,4153,20,43.0,1.0,,316,262,3.0,639,1389,8.0,,,,169,278,4.0,381,1933,8,522,,56.0,,17795,,3446,22.0,67.0,,,21.0,45.0,,1.0,179,,98,,6.0,,,2383,,481,18.0,7.0,4.0,,12.0,,,18.0,2.0,,25.0,,31.0,,,,,157,324,19.0,57,189,8.0,,,6.0,14.0,,42.0,42.0,9.0,,7.0,,14128,3747,11967,3288,7343.0,681.0,,,,,,53.0,,115.0,,5.0,,3691,2.0,3462,2.0,1988.0,17.0,,,,,,94.0,,139.0,,15.0,,2.0,543,455,550.0,,4.0,1.0,,,106,88,77.0,,,1.0,1.0,,153.0,11.0,112.0,16.0,50.0,3.0,,,,,20.0,,28.0,,9.0,1.0,,8.0,10.0,7.0,,,,1.0,1.0,,1.0,,7.0,4.0,,,,,,,5.0,,,,2.0,,,,,,,3.0,,,2.0,2.0,,,,,451,28.0,207,17.0,129.0,46.0,,3902,4.0,720,3.0,85.0,,,2567,3.0,892,2.0,42.0,,,1390,,980,1.0,22.0,,,7.0,2.0,950,77,390,110.0,143.0,25.0,,143,,4140,5.0,525,,81.0,,,177,,6353,14.0,1194,1.0,143.0,,,85.0,,4300,45,2158,51.0,46.0,4.0,,30.0,22.0,13.0,16.0,6.0,1.0,13.0,8.0,,30.0,53.0,1.0,,,39,33.0,8.0,,,9.0,2.0,2.0,,1.0,99.0,33.0,4.0,,3.0,285,251.0,4.0,5.0,,6.0,3.0,,,1364,,548,3.0,,,,26.0,,,1.0,,2431,2.0,553,11.0,1.0,4.0,,3.0,,5.0,,,,,43.0,104.0,,,,,92.0,110,,,,,62,,5.0,1.0,,,,262,,132,1.0,,,,,10.0,,,,24.0,,15.0,,,,,1031,2.0,253,6.0,,6.0,,,,,,,,,90.0,,35.0,,,,,1.0,,2.0,18.0,,,,,3.0,,,,20.0,56.0,5.0,,3.0,16.0,,5687,1260,,823,,297.0,,,,,8.0,,14.0,,5.0,4.0,,34.0,,1539,,1338,,370.0,,,,,,,,1.0,164.0,1.0,170.0,2.0,28.0,,,24.0,24.0,16.0,,,,,1.0,28.0,17.0,5.0,,2.0,,,2636.0,3.0,1.0,,5.0,,,,,2.0,,9.0,,,,,,,,,,,,261.0,,,,,,,2.0,,4.0,2.0,,,,,,,,,6.0,,,887,57
_1_km_monthly_VI_Quality_2024336_aid0001,aid0001,2024-12-01 00:00:00+00:00,667,3439,1897,9169,1767.0,8737.0,,2092992,57.0,250135,45.0,14096.0,28.0,,801351,42.0,89156,180.0,5722.0,36.0,,173490,888.0,74695,2562.0,4303.0,161.0,,1465,307,2527,2282,1456.0,2095.0,,10891,10.0,13462,53.0,1582.0,36.0,,20425,19.0,9042,60.0,1871.0,35.0,,15217,91,8597,195,1284.0,66.0,,804,751,712.0,779.0,515.0,88.0,4886.0,4016.0,73.0,8234,8131,288.0,322,426,357.0,31.0,170.0,40.0,253.0,269.0,68.0,743,690,172.0,169,2223,124,1227,17.0,155.0,,254200,186.0,68809,295.0,811.0,766.0,,1490.0,9.0,13.0,,,,10440,27,4004,99,138.0,52.0,,355,292,19.0,2320,1497,362.0,24.0,1.0,,330,336,25.0,375,1429,95,727,20.0,98.0,,15887,32.0,4050,46.0,180.0,62.0,,11.0,102.0,9.0,4.0,217,,131,,9.0,,,2219,14.0,658,95.0,40.0,32.0,,1.0,14.0,,10.0,14.0,1.0,45.0,,41.0,,3.0,,,230,324,30.0,275,257,57.0,7.0,,8.0,16.0,2.0,85.0,67.0,16.0,1.0,8.0,5.0,4432,1342,24514,6126,24568.0,2881.0,,,,,,33.0,,171.0,,350.0,,1676,,7324,15.0,5665.0,17.0,,,,,,49.0,,275.0,,247.0,,,85,841,1150.0,,2.0,2.0,19.0,,29,169,139.0,,,1.0,1.0,5.0,42.0,19.0,307.0,57.0,318.0,32.0,,,,,28.0,,114.0,,63.0,,,,12.0,13.0,,,,1.0,2.0,,,7.0,20.0,7.0,3.0,,,,,,,,21.0,,8.0,,,,,,,4.0,1.0,,1.0,2.0,2.0,,,,77,19.0,334,388.0,189.0,294.0,,2433,6.0,2332,16.0,146.0,1.0,,1514,8.0,1770,12.0,161.0,,,1241,7.0,1644,10.0,571.0,19.0,,1.0,5.0,275,58,826,514.0,310.0,298.0,,79,,2056,10.0,3199,12.0,128.0,8.0,,66,,3922,10.0,3520,21.0,350.0,2.0,,70.0,2.0,3554,47,2399,139.0,673.0,25.0,,43.0,98.0,37.0,24.0,53.0,1.0,15.0,62.0,5.0,48.0,120.0,50.0,,3.0,46,96.0,51.0,,,26.0,82.0,6.0,,1.0,96.0,215.0,16.0,,2.0,364,513.0,117.0,8.0,1.0,9.0,2.0,1.0,2.0,1094,11.0,515,16.0,15.0,41.0,,43.0,,,2.0,,2114,20.0,664,13.0,18.0,19.0,,2.0,,,,1.0,,,75.0,105.0,17.0,,,,148.0,162,11.0,,,,44,2.0,12.0,2.0,4.0,2.0,,229,1.0,128,4.0,10.0,5.0,,,7.0,,,,61.0,,20.0,,,2.0,,1002,10.0,294,44.0,35.0,26.0,,,,,,,,,120.0,,39.0,2.0,1.0,2.0,3.0,1.0,2.0,14.0,26.0,7.0,,,1.0,5.0,,,,58.0,64.0,16.0,,10.0,10.0,2.0,4946,316,,2399,1.0,1209.0,3.0,,,,4.0,,60.0,,42.0,,,16.0,,715,1.0,3646,2.0,1222.0,,,,,,,,,77.0,,444.0,1.0,227.0,1.0,,7.0,79.0,32.0,,3.0,2.0,,1.0,11.0,49.0,24.0,,2.0,9.0,4.0,1927.0,3.0,9.0,,9.0,,,,,12.0,,41.0,,6.0,,,1.0,,,,,,,184.0,,,,,,,,,3.0,,,,,,,,,,3.0,1.0,,592,54
_1_km_monthly_VI_Quality_2025001_aid0001,aid0001,2025-01-01 00:00:00+00:00,2206,4077,15268,29060,1913.0,16354.0,,1412118,14.0,239742,69.0,54299.0,180.0,,1093412,62.0,103726,157.0,30600.0,113.0,,289965,3064.0,170506,802.0,8446.0,2369.0,,917,146,2808,3396,1170.0,2277.0,,4015,9.0,12078,102.0,673.0,87.0,,5871,20.0,10711,119.0,1300.0,70.0,,8658,734,14606,479,1741.0,1044.0,,730,2670,1505.0,683.0,201.0,549.0,1690.0,612.0,708.0,8101,2385,1427.0,224,465,183.0,57.0,266.0,29.0,106.0,430.0,42.0,713,848,350.0,360,1859,1011,1166,60.0,371.0,,260505,304.0,64852,245.0,11171.0,590.0,,4504.0,,16.0,,,,8611,117,4215,196,621.0,144.0,,243,162,75.0,1282,959,479.0,7.0,1.0,,323,311,107.0,338,1463,276,745,51.0,233.0,,16550,40.0,3376,55.0,759.0,96.0,,13.0,175.0,1.0,13.0,131,,76,3.0,15.0,,,1762,46.0,802,65.0,149.0,73.0,,,,,,,,20.0,,8.0,,3.0,2.0,,263,178,44.0,175,115,88.0,9.0,,4.0,20.0,1.0,87.0,78.0,64.0,,5.0,1.0,3349,533,86616,8590,33772.0,2072.0,,,,5.0,1.0,61.0,,864.0,,148.0,,833,,11890,8.0,4562.0,41.0,,,,,,41.0,,404.0,,65.0,,,113,2652,1351.0,,,4.0,4.0,,13,243,106.0,,,4.0,2.0,,72.0,16.0,608.0,98.0,458.0,37.0,,,,,20.0,,137.0,,89.0,,,1.0,12.0,16.0,,,,1.0,,19.0,,4.0,58.0,7.0,6.0,,,,,,5.0,,15.0,,4.0,,,,,,,16.0,,,,2.0,1.0,,,,108,28.0,633,690.0,147.0,315.0,,1049,1.0,1515,4.0,107.0,1.0,,548,5.0,1022,8.0,56.0,3.0,,1040,29.0,1219,63.0,276.0,76.0,,1.0,1.0,261,62,984,845.0,189.0,301.0,,23,,875,2.0,2491,23.0,73.0,10.0,,21,,1327,7.0,2751,35.0,160.0,10.0,,51.0,7.0,1243,254,1933,182.0,368.0,99.0,,41.0,107.0,38.0,3.0,30.0,1.0,13.0,69.0,1.0,106.0,126.0,22.0,,7.0,48,157.0,50.0,,,12.0,71.0,1.0,,,54.0,218.0,16.0,1.0,10.0,263,408.0,69.0,22.0,1.0,9.0,2.0,,5.0,1293,30.0,471,26.0,45.0,42.0,,38.0,,1.0,3.0,,1930,67.0,688,57.0,44.0,47.0,,,,1.0,,,1.0,,68.0,61.0,21.0,3.0,,,170.0,140,27.0,,,,47,5.0,17.0,10.0,4.0,22.0,,294,2.0,134,1.0,18.0,8.0,,,7.0,,,,27.0,,2.0,,2.0,,,948,45.0,258,28.0,62.0,51.0,,,,,,,,,54.0,,16.0,,2.0,1.0,5.0,1.0,4.0,21.0,12.0,6.0,2.0,,1.0,,,1.0,,72.0,31.0,25.0,,6.0,4.0,1.0,5790,259,,4372,5.0,1190.0,2.0,,,,9.0,,97.0,,18.0,,,12.0,,424,2.0,5257,9.0,1042.0,1.0,,,,,,,,59.0,,452.0,,127.0,,,3.0,111.0,37.0,,,2.0,,2.0,5.0,87.0,20.0,,2.0,5.0,,3787.0,2.0,16.0,,7.0,,,,,12.0,,32.0,,3.0,,,,,,,,,,362.0,,,,,,,,,3.0,2.0,,4.0,,,,,,,2.0,,,746,68
_1_km_monthly_VI_Quality_2025032_aid0001,aid0001,2025-02-01 00:00:00+00:00,10517,12780,10182,35214,578.0,12235.0,,2706926,6.0,54592,49.0,5762.0,26.0,,539367,23.0,43294,43.0,4646.0,26.0,,76166,259.0,50832,218.0,1061.0,87.0,,1315,1408,2649,2970,445.0,1729.0,,9148,10.0,7595,88.0,631.0,65.0,,11126,17.0,5326,68.0,842.0,55.0,,5292,117,5229,145,283.0,50.0,,997,3171,920.0,142.0,129.0,45.0,301.0,501.0,48.0,625,766,322.0,177,455,112.0,48.0,278.0,23.0,127.0,302.0,40.0,196,496,75.0,196,1129,71,764,7.0,170.0,,291022,48.0,29632,231.0,1280.0,277.0,,1915.0,,,,,,5968,48,2073,145,85.0,58.0,,138,129,24.0,315,484,112.0,2.0,,,163,197,24.0,1034,653,206,373,2.0,51.0,,21486,17.0,3063,117.0,255.0,96.0,,5.0,68.0,,,166,,50,,,,,1423,11.0,463,68.0,38.0,26.0,,,,,,,,15.0,,16.0,,,,,71,125,7.0,136,118,25.0,,,4.0,1.0,,112.0,32.0,9.0,,,,40330,3136,61457,3317,19130.0,739.0,,,,4.0,,425.0,,792.0,,31.0,,4213,7.0,5410,9.0,2373.0,13.0,,,,,,123.0,,368.0,,15.0,,,831,1702,778.0,,3.0,18.0,2.0,1.0,108,109,74.0,,,3.0,4.0,,289.0,66.0,420.0,82.0,573.0,13.0,,,,,74.0,,62.0,,66.0,,1.0,7.0,3.0,52.0,,,4.0,2.0,11.0,51.0,124.0,,12.0,3.0,3.0,,,,,,176.0,,14.0,,,,,,,,18.0,5.0,,,3.0,,1.0,,,,236,229.0,429,424.0,21.0,176.0,,1586,,810,1.0,11.0,,,945,4.0,537,2.0,25.0,,,429,8.0,905,12.0,16.0,,,3.0,12.0,447,324,752,537.0,32.0,185.0,,51,,2027,3.0,1383,23.0,30.0,4.0,,47,,2874,8.0,1579,14.0,63.0,2.0,,6.0,,1090,85,1316,53.0,45.0,8.0,,55.0,63.0,19.0,6.0,21.0,,10.0,18.0,,20.0,66.0,5.0,,5.0,94,70.0,21.0,,,24.0,61.0,1.0,,1.0,106.0,96.0,3.0,,,220,234.0,15.0,8.0,1.0,4.0,3.0,,,524,17.0,201,7.0,25.0,9.0,,16.0,,,,1.0,1056,29.0,262,34.0,6.0,6.0,,,,,,,,4.0,13.0,31.0,4.0,,,,67.0,54,6.0,,,,55,1.0,22.0,9.0,3.0,1.0,,122,,68,11.0,9.0,4.0,,,,,,,12.0,,3.0,,2.0,3.0,,567,7.0,84,10.0,13.0,7.0,,,,,,,,,10.0,,2.0,,,,,1.0,,10.0,6.0,2.0,,,,,,,,32.0,13.0,4.0,,2.0,,1.0,4982,1407,1.0,1593,1.0,252.0,2.0,,,,38.0,,69.0,,,1.0,,48.0,3.0,1975,1.0,1944,1.0,308.0,2.0,,,,,,,1.0,245.0,,348.0,,18.0,,,37.0,29.0,14.0,,2.0,,,9.0,45.0,33.0,7.0,1.0,4.0,3.0,,2150.0,6.0,3.0,,4.0,,,,1.0,31.0,,16.0,,5.0,,,,,,,,,,244.0,,,,,,,,,3.0,,,,,,,,,,,,,425,70
_1_km_monthly_VI_Quality_2025060_aid0001,aid0001,2025-03-01 00:00:00+00:00,15125,17424,15828,20577,48.0,1946.0,,2453664,3.0,33893,4.0,180.0,4.0,,825950,2.0,66637,3.0,123.0,,,51528,30.0,47676,28.0,44.0,11.0,,1847,1167,2957,1268,25.0,194.0,,12605,21.0,1539,9.0,71.0,6.0,,13626,10.0,3329,1.0,76.0,3.0,,5738,10,7243,14,15.0,4.0,,1546,2617,95.0,144.0,56.0,13.0,65.0,76.0,7.0,129,177,12.0,157,324,12.0,61.0,13.0,22.0,71.0,11.0,17.0,94,59,,188,1164,105,622,,15.0,,281208,1.0,48789,116.0,2.0,,,9.0,,,,,,6116,68,2441,55,3.0,,,108,101,,176,469,,,,,49,101,,937,383,251,205,,15.0,,22508,20.0,4279,77.0,7.0,,,2.0,,,,121,,66,,,,,1225,7.0,605,12.0,,,,,,,3.0,,,10.0,,10.0,,,,,17,39,,66,154,,,,5.0,2.0,,18.0,8.0,,1.0,,,95966,3307,63301,2347,2977.0,107.0,,,4.0,8.0,,798.0,,451.0,,3.0,,5916,6.0,3645,11.0,349.0,3.0,,,,,,132.0,,55.0,,,,2.0,1638,1219,216.0,,2.0,3.0,,,119,166,21.0,,,,,,633.0,68.0,739.0,55.0,94.0,5.0,,,,,134.0,2.0,66.0,,,,,13.0,11.0,13.0,,,9.0,5.0,,111.0,130.0,9.0,12.0,4.0,,,,,,,176.0,,13.0,,,,,,,,16.0,,,,4.0,,1.0,,,,104,131.0,131,108.0,,16.0,,370,,96,,4.0,,,311,,295,,2.0,,,291,,432,,,,,,10.0,263,193,217,146.0,,21.0,,34,,940,,90,,5.0,,,16,,1370,3.0,429,,5.0,,,3.0,,691,19,512,7.0,1.0,,,30.0,8.0,2.0,,,,1.0,1.0,,9.0,8.0,,,,48,36.0,,,,15.0,,1.0,,,14.0,,1.0,,,53,15.0,,1.0,6.0,,,,,321,,189,3.0,,,,,,,,1.0,664,13.0,218,23.0,,,,,,,,,,,6.0,14.0,,,,,22.0,32,,,,,12,,7.0,,,,,102,,91,5.0,,,,,,,,,5.0,,8.0,,,,,313,1.0,86,4.0,,,,,,,,,,,8.0,,8.0,,,,,1.0,,2.0,6.0,,,,,,,,,6.0,8.0,,,1.0,,,4937,1213,,348,1.0,32.0,,,,,13.0,,18.0,,,2.0,,50.0,2.0,1765,1.0,324,2.0,38.0,,,,,,,,,163.0,,74.0,,,,,38.0,13.0,6.0,,2.0,,1.0,5.0,27.0,16.0,3.0,,2.0,2.0,,1557.0,11.0,3.0,,,,,,3.0,35.0,,1.0,,,,,,,,,,1.0,,257.0,,,,,,,1.0,,,,,,,,,,,,,,,349,58
_1_km_monthly_VI_Quality_2025091_aid0001,aid0001,2025-04-01 00:00:00+00:00,30687,8045,28529,6029,,,,1751663,3.0,43963,,,,,1277398,2.0,150693,,,,,169298,11.0,73678,53.0,,,,4851,573,3542,583,,,,18051,6.0,1997,,,,,25895,2.0,4076,,,,,20727,66,7012,99,,,,701,941,,,,,20.0,5.0,,69,168,,241,344,,,,,14.0,2.0,,159,107,,359,1266,252,618,,,,269980,12.0,84290,190.0,,,,,,,,,,10412,18,3705,71,,,,160,161,,78,518,,,,,34,176,,1044,369,220,136,,,,18195,50.0,6646,87.0,,,,36.0,5.0,,,46,,53,,,,,1743,23.0,893,22.0,,,,4.0,,,22.0,5.0,,13.0,,7.0,,,,,41,24,,29,175,,,,,4.0,,25.0,35.0,,,,,69045,945,59314,1002,,,,,,,,160.0,,183.0,,,,2610,,1459,2.0,,,,,,,,16.0,,16.0,,,,3.0,464,496,,,2.0,4.0,,,112,53,,,,2.0,,,822.0,10.0,660.0,30.0,,,,,,,64.0,,24.0,,,,,8.0,7.0,,,,8.0,1.0,,158.0,17.0,14.0,25.0,,,,,,,,70.0,12.0,32.0,,,,1.0,,,,75.0,5.0,,,25.0,4.0,,,,,56,12.0,27,1.0,,,,380,,148,,,,,513,,180,,,,,244,,325,9.0,,,,2.0,2.0,308,158,84,52.0,,,,8,,383,1.0,72,,,,,40,,1803,1.0,269,,,,,12.0,,1528,52,724,28.0,,,,4.0,2.0,,,,,3.0,,,6.0,3.0,,,2.0,77,17.0,,,,,,,,,15.0,,,,,176,52.0,,,,,,,,272,1.0,232,29.0,,,,,,,,,690,7.0,394,85.0,,,,,,,,,,,7.0,65.0,,,,,20.0,113,,,,,23,2.0,4.0,,,,,119,,153,4.0,,,,,,,,,5.0,,5.0,,,,1.0,391,8.0,165,27.0,,,,,,,,,,,1.0,,6.0,,,,,2.0,,2.0,17.0,,,,,,,,,11.0,39.0,,,,,,4958,175,,68,,,,,,,5.0,,3.0,,,5.0,,21.0,,502,,106,2.0,,,,,,,,,,30.0,,13.0,,,,,6.0,2.0,,,,,,1.0,38.0,3.0,,,,,,150.0,7.0,,,,,,,3.0,14.0,,3.0,,,,,,,,,,,,16.0,,,,,,,3.0,,,,,,,,,,,,,,,25,53
_1_km_monthly_VI_Quality_2025121_aid0001,aid0001,2025-05-01 00:00:00+00:00,34506,10634,24538,10247,,,,1814081,5.0,34972,11.0,,,,1055861,15.0,203629,33.0,,,,224211,21.0,115708,349.0,,,,9242,68,6150,373,,,,35496,2.0,2981,6.0,,,,56692,31.0,9576,19.0,,,,24921,429,19766,422,,,,692,700,,102.0,54.0,,182.0,363.0,,279,2091,,105,216,,4.0,9.0,,176.0,96.0,,1299,1347,,437,2564,260,1784,,,,234346,61.0,85826,163.0,,,,,,,,,,13771,26,5993,145,,,,270,229,,208,784,,,,,95,327,,986,757,164,234,,,,16861,85.0,6186,22.0,,,,32.0,,,,44,,46,,,,,2433,39.0,978,6.0,,,,2.0,,,37.0,1.0,,11.0,,26.0,,,,,97,71,,143,155,,,,,,,66.0,59.0,,,,,34198,456,25846,394,,,,,,,,28.0,,110.0,,,,1466,,806,,,,,,,,,3.0,,5.0,,,,,111,117,,,1.0,3.0,,,30,22,,,,,,,134.0,2.0,180.0,12.0,,,,,,,31.0,,10.0,,,,,1.0,,,,,,9.0,,86.0,24.0,3.0,5.0,,,,,,,,60.0,7.0,5.0,,,,,,,,38.0,,,,20.0,,,,,,93,,44,1.0,,,,1153,,93,,,,,1830,6.0,971,,,,,560,9.0,1520,22.0,,,,7.0,,468,33,316,79.0,,,,105,,2290,,35,,,,,192,,8691,22.0,1524,,,,,54.0,2.0,4301,427,5604,200.0,,,,1.0,4.0,,,,,22.0,4.0,,32.0,151.0,,,2.0,28,35.0,,,1.0,13.0,,,,2.0,230.0,8.0,,,2.0,713,743.0,,2.0,,4.0,1.0,,,542,2.0,476,17.0,,,,,,,2.0,,1564,12.0,796,53.0,,,,,,2.0,,,,,7.0,92.0,,,,,38.0,196,,,,,22,,13.0,,,,,198,2.0,244,6.0,,,,,,,,,4.0,,14.0,,,,,733,16.0,366,24.0,,,,,,,,,,1.0,16.0,,8.0,,,,,,,4.0,31.0,,,,,2.0,,,,22.0,108.0,,,1.0,,,5077,25,,5,,,,,,,,,2.0,,,4.0,,5.0,,65,2.0,22,,,,,,,,,,,14.0,,1.0,,,,,,,,,,,,,7.0,1.0,,,,,,24.0,,2.0,,,,,,,3.0,,1.0,,,,,,,,,,1.0,,5.0,2.0,,,,,,3.0,,,,,,,,,,,,,,,30,55
_1_km_monthly_VI_Quality_2025152_aid0001,aid0001,2025-06-01 00:00:00+00:00,14721,23893,12383,11102,,,,1111653,1170.0,48361,3255.0,,,,1182675,2831.0,154424,6645.0,,,,235475,3636.0,129170,5408.0,,,,6569,32,4974,120,,,,55998,364.0,6696,1550.0,,,,165747,2016.0,22757,6529.0,,,,113070,8257,52403,10599,,,,3027,773,,6692.0,3296.0,,26265.0,15439.0,,13069,21673,,99,123,,3397.0,834.0,,14958.0,7588.0,,29395,20492,,169,17146,137,6228,,,,173736,603.0,61119,688.0,,,,,,,,,,23867,157,7973,278,,,,1806,475,,1466,2736,,,,,563,694,,742,3229,196,728,,,,13772,60.0,3620,18.0,,,,31.0,2.0,,,46,,41,,,,,3946,59.0,955,11.0,,,,22.0,,,47.0,1.0,,17.0,,14.0,,,,,372,96,,131,199,,,,,,,100.0,51.0,,,,,11796,526,7911,457,,,,,3.0,,,71.0,,76.0,,,,1016,,1055,,,,,,1.0,,,20.0,,16.0,,,,,17,25,,,,1.0,,,2,12,,,,,,,5.0,,4.0,2.0,,,,,,,1.0,,11.0,,,,,,,,,,,,,,1.0,,,,,,,,,,7.0,,1.0,,,,,,,,,,,,,,,,,,44,,36,7.0,,,,3942,16.0,198,46.0,,,,9625,74.0,1265,89.0,,,,6534,470.0,4379,541.0,,,,4.0,,375,36,150,29.0,,,,295,1.0,7059,88.0,235,141.0,,,,1094,14.0,38700,868.0,2483,1076.0,,,,650.0,37.0,60851,11873,20542,10637.0,,,,5.0,9.0,,163.0,17.0,,1190.0,190.0,,2007.0,1242.0,,,,36,25.0,,,20.0,575.0,66.0,,7.0,158.0,6279.0,830.0,,17.0,227.0,35093,12397.0,,5.0,,2.0,7.0,,,1556,15.0,952,44.0,,,,,,,1.0,,5471,56.0,1581,76.0,,,,11.0,,,,,4.0,,135.0,129.0,,,,,268.0,209,,,,,44,,17.0,,,,,407,13.0,224,4.0,,,,,,,,,14.0,,5.0,,,5.0,,1955,20.0,418,2.0,,,,1.0,2.0,,1.0,,,1.0,21.0,1.0,15.0,1.0,,,,,,6.0,4.0,,,,,,,,,81.0,38.0,,,4.0,,,5094,25,,8,,,,,,,,,,,,3.0,,2.0,,48,,12,,,,,,,2.0,,,,5.0,,15.0,,,,,,1.0,,,,,,,,1.0,,,,,,25.0,,,,,,,,,,,1.0,,,,,,,,,,,,60.0,,,,,,,,,,,,,,,,,,,,,,181,54
_1_km_monthly_VI_Quality_2025182_aid0001,aid0001,2025-07-01 00:00:00+00:00,5499,181461,6087,67193,,,,651524,892.0,53688,3525.0,,,,530857,3259.0,106905,6454.0,,,,131620,4681.0,94877,11746.0,,,,9269,365,8918,532,,,,107030,752.0,14329,1958.0,,,,255048,6202.0,37379,6897.0,,,,237357,34488,70860,40392,,,,38616,9248,,26266.0,3981.0,,70394.0,45256.0,,55536,61395,,455,392,,7280.0,1193.0,,43803.0,10575.0,,124271,63247,,144,60073,303,23992,,,,88148,288.0,30175,741.0,,,,,,,,,,26010,374,10326,549,,,,9564,3035,,4786,3701,,,,,2134,1749,,607,8930,201,3556,,,,6146,34.0,1350,12.0,,,,37.0,2.0,,,28,,15,,,,,2546,95.0,762,45.0,,,,16.0,,,49.0,,,42.0,1.0,22.0,,,,,1715,573,,290,230,,,,,,,271.0,184.0,,,,,3608,346,2058,253,,,,,6.0,,,209.0,,110.0,,,,1197,,977,,,,,,8.0,,,166.0,,34.0,,,,,26,21,,,,1.0,,,17,10,,,,,1.0,,,,,,,,,,,,,,1.0,,,,,,,,,,,,,,1.0,,,,,,,,,,,,,,,,,,,,,,,,,,,,,,138,13.0,84,44.0,,,,10458,28.0,198,44.0,,,,21008,228.0,1847,72.0,,,,14987,849.0,5297,1059.0,,,,14.0,1.0,879,557,529,228.0,,,,825,9.0,17926,223.0,221,152.0,,,,2028,31.0,83172,2752.0,4327,846.0,,,,1645.0,93.0,168437,41082,36893,26854.0,,,,68.0,41.0,,580.0,22.0,,3157.0,426.0,,5114.0,2473.0,,,4.0,503,171.0,,,68.0,1572.0,105.0,,5.0,429.0,17340.0,1080.0,,24.0,856.0,97455,26498.0,,9.0,,40.0,8.0,,,3076,35.0,732,66.0,,,,,,,3.0,,9090,221.0,1572,218.0,,,,19.0,,,,6.0,5.0,,371.0,299.0,,,,1.0,1153.0,469,,,1.0,,62,2.0,5.0,,,,,443,2.0,87,,,,,,,,,,4.0,,5.0,,,5.0,,1951,94.0,315,15.0,,,,2.0,,,4.0,,,,35.0,5.0,5.0,1.0,,,1.0,1.0,,36.0,27.0,,,,,,,,,269.0,84.0,,,7.0,1.0,,4950,61,,18,,,,,,,37.0,,8.0,,,13.0,,23.0,,131,,17,,,,,,,1.0,,2.0,,123.0,,23.0,,,,,4.0,1.0,,1.0,,,,1.0,5.0,,,,3.0,,,33.0,,,,,,,,,,,,,,,,,,,,,,,14.0,,,,,,,,,,,,,,,,,,,,,,96,60
_1_km_monthly_VI_Quality_2025213_aid0001,aid0001,2025-08-01 00:00:00+00:00,5244,74678,8051,34297,,,,906633,129.0,132365,399.0,,,,642974,1131.0,163578,886.0,,,,176443,1422.0,167049,3356.0,,,,6964,127,8563,257,,,,86345,67.0,25683,133.0,,,,295289,1955.0,63561,1291.0,,,,245953,10522,102996,17558,,,,9098,3648,,5544.0,6394.0,,20935.0,24468.0,,22136,39323,,225,339,,1256.0,1108.0,,11774.0,8448.0,,46018,46347,,312,30043,1068,17029,,,,109033,116.0,72199,311.0,,,,,,,,,,28380,162,21722,273,,,,1918,980,,1144,2041,,,,,714,879,,949,5175,477,3053,,,,6961,18.0,3631,127.0,,,,30.0,1.0,,,82,,18,,,,,2483,69.0,1881,73.0,,,,16.0,,,12.0,9.0,,45.0,,32.0,,,,,539,255,,137,321,,,,1.0,,,128.0,138.0,,,3.0,,2566,562,2604,441,,,,,9.0,,,181.0,,162.0,,,,1217,,986,,,,,,12.0,,,176.0,,80.0,,,,,21,42,,,,3.0,,,14,12,,,,,1.0,,1.0,,,,,,,,,,,,,,,,,,,,,,,,,1.0,,,,,,,,,,,,,,,,,,,,,,,,,,,,,,,127,2.0,92,4.0,,,,11081,4.0,191,,,,,19968,97.0,1923,18.0,,,,11236,226.0,5766,426.0,,,,18.0,,990,127,722,79.0,,,,785,,16136,21.0,175,8.0,,,,2017,9.0,90323,661.0,3973,127.0,,,,1098.0,26.0,119799,10747,31504,8560.0,,,,25.0,15.0,,112.0,23.0,,1226.0,192.0,,2044.0,1668.0,,,2.0,159,81.0,,,10.0,379.0,29.0,,3.0,132.0,5489.0,473.0,,7.0,280.0,35226,16543.0,,15.0,4.0,56.0,2.0,,,3488,22.0,1337,23.0,,,,,,,2.0,1.0,8683,146.0,2683,134.0,,,,19.0,,,,,11.0,,139.0,181.0,,,,1.0,419.0,390,,,,,79,,15.0,,,,,567,12.0,152,5.0,,,,,,,,,7.0,,3.0,,,5.0,,2212,82.0,417,22.0,,,,,1.0,,1.0,,,,57.0,,8.0,,,,3.0,1.0,,19.0,17.0,,,,,,,,,145.0,40.0,,,6.0,,,4883,52,,3,,,,,,,21.0,,6.0,,,4.0,,10.0,,143,,20,,,,,,,2.0,1.0,1.0,1.0,131.0,,37.0,,,,,1.0,,,,,,,,4.0,1.0,,,2.0,,,77.0,,,,,,,,,1.0,,,,,,,,,,,,,,17.0,,,,,,,,,,,,,,,,,,,,,,74,61
_1_km_monthly_VI_Quality_2025244_aid0001,aid0001,2025-09-01 00:00:00+00:00,7911,5716,11886,2744,8.0,2.0,,1764297,69.0,104941,37.0,,,,845914,40.0,138253,55.0,,,,192749,152.0,120514,399.0,,,,6978,61,7348,45,3.0,,,77655,,8282,6.0,,,,206164,78.0,33449,73.0,,,,108944,661,54951,1712,,,,477,294,,383.0,788.0,,862.0,1914.0,,4055,4789,,96,26,,58.0,114.0,,639.0,790.0,,4247,5555,,279,4284,613,2536,,,,196403,65.0,75692,141.0,,,,,,,,,,24164,34,12865,101,,,,439,304,,431,1042,,,,,161,228,,1834,1443,258,850,,,,15153,10.0,4247,61.0,,,,34.0,2.0,,,79,,35,,,,,1844,12.0,929,10.0,,,,18.0,,,3.0,4.0,,33.0,,42.0,,,,,311,86,,95,224,,,,9.0,,,32.0,42.0,,,,,4895,1519,5886,1032,27.0,1.0,,,5.0,,,102.0,,82.0,,,,2450,,1671,2.0,8.0,,,,,,,98.0,,67.0,,,,,65,74,3.0,,,4.0,,,56,26,,,,,,,2.0,,10.0,3.0,,,,,,,8.0,,5.0,,,,,,,,,,,,,,,,,,,,,,,,4.0,,,,,,,,,,1.0,,,,,,,,,,128,1.0,77,,,,,5926,,537,,,,,5516,4.0,825,,,,,3128,37.0,1658,41.0,,,,9.0,,479,16,219,1.0,,,,337,,7181,,291,1.0,,,,566,,21233,43.0,1240,2.0,,,,247.0,1.0,16747,700,5327,516.0,,,,2.0,1.0,,19.0,,,62.0,4.0,,286.0,161.0,,,,14,,,,5.0,32.0,1.0,,,2.0,367.0,51.0,,,34.0,2782,1443.0,,7.0,,61.0,3.0,,,1725,9.0,741,13.0,,,,,,,4.0,,3232,29.0,1030,50.0,,,,9.0,,,,,2.0,,67.0,53.0,,,,,122.0,119,,,,,70,15.0,23.0,,,,,380,,173,8.0,,,,,,,,,13.0,,10.0,,,3.0,,997,25.0,236,16.0,,,,,,,,,,,57.0,,25.0,1.0,,,6.0,,,10.0,10.0,,,,5.0,,,,,49.0,22.0,,,5.0,1.0,,5019,125,,32,,,,,,,8.0,,,,,3.0,,16.0,,337,,47,,,,,,,,,,,89.0,,46.0,,,,,3.0,,,,,,,,15.0,,,,,2.0,,495.0,,,,,,,,,,,,,,,,,,,,,,,93.0,,,,,,,,,,,,,,,,,,3.0,,,,508,59
_1_km_monthly_VI_Quality_2025274_aid0001,aid0001,2025-10-01 00:00:00+00:00,10934,4514,15150,2917,2737.0,762.0,,1491459,14.0,193210,6.0,1296.0,,,1247514,29.0,150268,10.0,706.0,,,399266,21.0,56600,15.0,183.0,,,6895,101,6051,118,981.0,65.0,,36484,1.0,3987,1.0,816.0,,,33089,9.0,9108,4.0,799.0,,,15335,22,7796,14,40.0,,,589,814,334.0,181.0,115.0,3.0,303.0,89.0,,256,178,4.0,189,104,35.0,34.0,6.0,2.0,77.0,13.0,3.0,94,73,,136,1890,496,1539,6.0,6.0,,231346,22.0,126298,72.0,8.0,,,62.0,,,,,,7888,14,4817,40,10.0,,,361,199,2.0,375,552,3.0,,,,94,109,1.0,709,850,253,731,,12.0,,16824,1.0,5924,14.0,7.0,,,41.0,12.0,,,139,,48,,,,,1685,4.0,660,2.0,2.0,,,20.0,,,5.0,1.0,,35.0,,24.0,,,,,257,139,,52,241,,,,2.0,1.0,,16.0,24.0,,1.0,1.0,,11959,2888,14224,1816,2257.0,76.0,,,,,,140.0,,201.0,,,,4048,2.0,2780,5.0,573.0,2.0,,,4.0,,,71.0,,81.0,2.0,,,,245,348,109.0,,1.0,4.0,,,94,42,12.0,,,,2.0,,35.0,3.0,55.0,10.0,10.0,,,,,,18.0,,13.0,,1.0,,,3.0,4.0,1.0,,,,1.0,,,2.0,,,,,,,,,,3.0,,,,,,,,,,1.0,,,,2.0,,,,,,361,6.0,185,1.0,14.0,4.0,,3330,,568,,4.0,,,1214,,533,,1.0,,,547,,384,,4.0,,,22.0,,917,12,307,7.0,12.0,4.0,,159,,4203,,204,1.0,12.0,,,63,,3911,6.0,524,4.0,6.0,,,6.0,,1381,28,866,32.0,,,,8.0,3.0,,6.0,,,6.0,5.0,,13.0,5.0,,,1.0,17,8.0,2.0,,,7.0,1.0,,1.0,,53.0,6.0,,,,92,96.0,,9.0,,30.0,,,,1001,,382,8.0,,,,,,,1.0,,1700,8.0,570,18.0,,,,2.0,,,,,3.0,,24.0,25.0,,,,,55.0,69,,,,,49,,28.0,,,,,274,,152,,,,,,,,,,20.0,,17.0,,,1.0,,694,2.0,264,,,,,,,,,,,,93.0,,26.0,,,,14.0,,,,9.0,,,,2.0,,,,,33.0,28.0,,,6.0,5.0,,5824,449,,271,,18.0,,,,,8.0,,25.0,,,9.0,,29.0,,844,,232,2.0,22.0,,,,,,,,,96.0,,94.0,,,,,8.0,12.0,,,,,,6.0,20.0,3.0,,,,3.0,,2414.0,2.0,2.0,,,,,,,5.0,,1.0,,,,,1.0,,,,,,,245.0,,,,,,,,,,,,,,,,,,3.0,,,,850,60
_1_km_monthly_VI_Quality_2025305_aid0001,aid0001,2025-11-01 00:00:00+00:00,4002,3307,8276,9580,8117.0,8524.0,,1664036,11.0,102468,95.0,11019.0,35.0,,1469912,357.0,124638,59.0,3576.0,100.0,,153532,19.0,14197,76.0,2653.0,136.0,,3266,258,5835,1493,3779.0,1855.0,,17017,3.0,13166,33.0,2591.0,68.0,,11647,8.0,9673,62.0,2575.0,92.0,,3431,31,2362,42,501.0,31.0,,426,1495,2092.0,300.0,352.0,76.0,7226.0,1880.0,153.0,4240,417,319.0,170,581,534.0,10.0,67.0,62.0,60.0,234.0,142.0,244,202,69.0,117,1572,117,1069,93.0,128.0,,278835,12.0,68054,46.0,617.0,384.0,,683.0,,26.0,,,6.0,6927,11,2786,38,179.0,36.0,,255,176,35.0,1626,849,258.0,9.0,,,255,193,25.0,471,1080,86,543,2.0,72.0,,18520,2.0,3473,,220.0,56.0,,25.0,155.0,,17.0,198,,53,,9.0,1.0,,1815,1.0,413,12.0,30.0,24.0,,4.0,11.0,,1.0,7.0,,36.0,,13.0,,1.0,,,142,240,77.0,298,159,64.0,3.0,1.0,6.0,19.0,10.0,78.0,14.0,23.0,2.0,3.0,2.0,3132,2417,8485,6801,6517.0,1783.0,,,,,,55.0,,366.0,,103.0,,1899,,4511,5.0,2280.0,20.0,,,,,,49.0,,234.0,,104.0,,,189,713,619.0,,4.0,26.0,16.0,,55,184,77.0,,,,3.0,2.0,51.0,26.0,98.0,49.0,78.0,12.0,,,,,85.0,,89.0,4.0,61.0,1.0,,6.0,6.0,18.0,1.0,,,1.0,1.0,,1.0,6.0,3.0,,2.0,,,,,,,,13.0,5.0,2.0,6.0,,,,,,,,,,5.0,3.0,,,,362,10.0,1128,128.0,381.0,174.0,,2788,1.0,1994,17.0,165.0,6.0,,1157,5.0,2033,22.0,485.0,9.0,,550,10.0,1639,31.0,644.0,14.0,,4.0,,926,37,2145,181.0,511.0,109.0,,64,,4341,2.0,3640,16.0,189.0,4.0,,26,,3681,18.0,4646,56.0,427.0,12.0,,11.0,,978,29,1335,66.0,253.0,22.0,,12.0,73.0,71.0,22.0,46.0,1.0,19.0,103.0,22.0,34.0,164.0,79.0,,3.0,39,177.0,61.0,,,17.0,59.0,7.0,,,75.0,361.0,42.0,,3.0,130,291.0,67.0,10.0,,30.0,,,1.0,1316,,499,4.0,12.0,19.0,,19.0,,2.0,2.0,,1877,1.0,483,13.0,31.0,7.0,,,,,,,2.0,1.0,50.0,73.0,6.0,,,,118.0,95,23.0,,,,71,3.0,17.0,11.0,,,,294,,112,,12.0,17.0,,,11.0,,,,48.0,,2.0,,4.0,4.0,,887,7.0,218,28.0,8.0,9.0,,,,,1.0,,,,128.0,,33.0,,7.0,8.0,2.0,1.0,,10.0,11.0,5.0,,,,1.0,3.0,,,19.0,23.0,9.0,,6.0,6.0,7.0,5751,164,,808,,316.0,,,,,14.0,,72.0,,27.0,1.0,,10.0,,604,1.0,1573,2.0,315.0,1.0,,,,,,,,47.0,,258.0,1.0,64.0,,,5.0,26.0,14.0,1.0,9.0,4.0,,2.0,18.0,39.0,17.0,,2.0,14.0,,4366.0,,6.0,,5.0,,,,2.0,8.0,,10.0,,5.0,,,,,,,3.0,,1.0,412.0,,,,,,,,,2.0,2.0,,,,,,,,,,,,1059,62
_1_km_monthly_VI_Quality_2025335_aid0001,aid0001,2025-12-01 00:00:00+00:00,164,733,5006,11933,5032.0,11567.0,,1009491,13.0,869928,194.0,49257.0,195.0,,814523,343.0,472033,582.0,43584.0,240.0,,130667,158.0,94654,2416.0,17369.0,1674.0,,211,3,4810,2676,4965.0,4101.0,,2672,1.0,24388,158.0,2726.0,334.0,,3335,78.0,14129,220.0,3284.0,420.0,,2854,226,8127,4319,4864.0,1035.0,,38,1331,1632.0,1264.0,1587.0,232.0,3619.0,3893.0,988.0,10824,6642,4840.0,3,683,944.0,11.0,578.0,219.0,164.0,760.0,328.0,423,2260,1906.0,82,901,456,1833,113.0,382.0,,226136,132.0,85348,410.0,16752.0,2394.0,,3422.0,11.0,279.0,1.0,4.0,97.0,5590,37,5368,208,628.0,351.0,,139,278,96.0,2845,1969,1187.0,41.0,5.0,1.0,335,381,172.0,146,849,256,1003,49.0,199.0,,12958,22.0,4926,38.0,1412.0,261.0,,1.0,236.0,,35.0,255,,130,2.0,83.0,1.0,,973,14.0,1556,88.0,103.0,97.0,,,23.0,,,26.0,,22.0,,45.0,,7.0,,,196,363,91.0,326,251,260.0,9.0,2.0,12.0,26.0,19.0,75.0,151.0,50.0,5.0,6.0,5.0,53,182,5099,7096,7149.0,6640.0,,,,,,5.0,,167.0,,388.0,,112,,5467,6.0,5390.0,28.0,,,,,2.0,13.0,,328.0,,664.0,,,15,434,523.0,,,10.0,16.0,,2,239,218.0,,,,8.0,22.0,1.0,3.0,62.0,61.0,87.0,49.0,,,,,7.0,,64.0,,43.0,1.0,,,7.0,6.0,,,,3.0,9.0,,,8.0,10.0,,3.0,,,,,,,,12.0,6.0,,6.0,,,,,,5.0,,,,3.0,3.0,,,,15,,815,267.0,601.0,289.0,,315,,5232,38.0,374.0,8.0,,228,2.0,3119,51.0,1549.0,27.0,,364,11.0,2468,219.0,2562.0,106.0,,,,68,13,2029,654.0,1311.0,518.0,,10,,482,1.0,7949,46.0,299.0,38.0,,3,,615,6.0,7977,117.0,1146.0,53.0,,10.0,2.0,616,138,4101,1750.0,2495.0,305.0,,,93.0,78.0,2.0,151.0,9.0,6.0,237.0,62.0,51.0,345.0,304.0,,2.0,9,268.0,194.0,,,3.0,249.0,27.0,,,15.0,764.0,132.0,,13.0,145,1377.0,770.0,4.0,,39.0,6.0,1.0,1.0,966,19.0,720,27.0,57.0,81.0,,69.0,3.0,6.0,1.0,,1527,9.0,1079,52.0,120.0,67.0,,,,,,,4.0,1.0,93.0,139.0,67.0,,,,146.0,185,59.0,,,,69,,84.0,24.0,7.0,5.0,,173,,177,6.0,22.0,26.0,,,11.0,,1.0,2.0,65.0,,21.0,,9.0,1.0,,567,38.0,824,58.0,48.0,28.0,,,,,,1.0,,,195.0,,57.0,12.0,17.0,10.0,,25.0,,10.0,20.0,21.0,,1.0,3.0,3.0,8.0,,,31.0,55.0,33.0,,16.0,16.0,8.0,5098,6,,1068,,1004.0,1.0,,,3.0,1.0,,69.0,,66.0,,,5.0,,84,1.0,2759,1.0,1884.0,2.0,,,,,,,,14.0,,573.0,2.0,574.0,,,2.0,51.0,26.0,,10.0,5.0,,1.0,9.0,74.0,51.0,,,22.0,14.0,4196.0,,9.0,,4.0,,,,,,,24.0,,36.0,,,,1.0,,,,3.0,4.0,321.0,,,,,,,,,1.0,,,,,,,,,,2.0,,,551,58
